sample_id,d_path,d_name,batch_idx,batch_name,seq_no,code,spec_name,line_code,lot_id,test_case,fine_code,coarse_code,product_code,product_fine,product_coarse,is_special,tensor_path
B00_0001_124030102,/home/ubuntu/sunlong/gcms_consistency_old/dataset/20240304/001#HYZCS124030102.D,001#HYZCS124030102.D,0,20240304,1.0,HYZ,云烟（紫）,,124030102,CS124030102,HYZ,HYZ,HYZ,HYZ,HYZ,False,/home/ubuntu/sunlong/gcms_consistency_old/new_prepared_data/tensors/20240304/HYZ/0000_B00_0001_124030102.npz
B00_0002_124030105,/home/ubuntu/sunlong/gcms_consistency_old/dataset/20240304/002#HYZCS124030105.D,002#HYZCS124030105.D,0,20240304,2.0,HYZ,云烟（紫）,,124030105,CS124030105,HYZ,HYZ,HYZ,HYZ,HYZ,False,/home/ubuntu/sunlong/gcms_consistency_old/new_prepared_data/tensors/20240304/HYZ/0001_B00_0002_124030105.npz
B00_0003_124030109,/home/ubuntu/sunlong/gcms_consistency_old/dataset/20240304/003#HYZCS124030109.D,003#HYZCS124030109.D,0,20240304,3.0,HYZ,云烟（紫）,,124030109,CS124030109,HYZ,HYZ,HYZ,HYZ,HYZ,False,/home/ubuntu/sunlong/gcms_consistency_old/new_prepared_data/tensors/20240304/HYZ/0002_B00_0003_124030109.npz
B00_0004_124030111,/home/ubuntu/sunlong/gcms_consistency_old/dataset/20240304/004#HYZCS124030111.D,004#HYZCS124030111.D,0,20240304,4.0,HYZ,云烟（紫）,,124030111,CS124030111,HYZ,HYZ,HYZ,HYZ,HYZ,False,/home/ubuntu/sunlong/gcms_consistency_old/new_prepared_data/tensors/20240304/HYZ/0003_B00_0004_124030111.npz
B00_0005_124030113,/home/ubuntu/sunlong/gcms_consistency_old/dataset/20240304/005#HYZCS124030113.D,005#HYZCS124030113.D,0,20240304,5.0,HYZ,云烟（紫）,,124030113,CS124030113,HYZ,HYZ,HYZ,HYZ,HYZ,False,/home/ubuntu/sunlong/gcms_consistency_old/new_prepared_data/tensors/20240304/HYZ/0004_B00_0005_124030113.npz
B00_0006_124030114,/home/ubuntu/sunlong/gcms_consistency_old/dataset/20240304/006#HYZCS124030114.D,006#HYZCS124030114.D,0,20240304,6.0,HYZ,云烟（紫）,,124030114,CS124030114,HYZ,HYZ,HYZ,HYZ,HYZ,False,/home/ubuntu/sunlong/gcms_consistency_old/new_prepared_data/tensors/20240304/HYZ/0005_B00_0006_124030114.npz
B00_0007_124030116,/home/ubuntu/sunlong/gcms_consistency_old/dataset/20240304/007#HYZCS124030116.D,007#HYZCS124030116.D,0,20240304,7.0,HYZ,云烟（紫）,,124030116,CS124030116,HYZ,HYZ,HYZ,HYZ,HYZ,False,/home/ubuntu/sunlong/gcms_consistency_old/new_prepared_data/tensors/20240304/HYZ/0006_B00_0007_124030116.npz
B00_0008_124030108,/home/ubuntu/sunlong/gcms_consistency_old/dataset/20240304/008#HRYCS124030108.D,008#HRYCS124030108.D,0,20240304,8.0,HRY,云烟（软如意）,,124030108,CS124030108,HRY,HRY,HRY,HRY,HRY,False,/home/ubuntu/sunlong/gcms_consistency_old/new_prepared_data/tensors/20240304/HRY/0007_B00_0008_124030108.npz
B00_0009_124030108,/home/ubuntu/sunlong/gcms_consistency_old/dataset/20240304/009#HRYCS124030108.D,009#HRYCS124030108.D,0,20240304,9.0,HRY,云烟（软如意）,,124030108,CS124030108,HRY,HRY,HRY,HRY,HRY,False,/home/ubuntu/sunlong/gcms_consistency_old/new_prepared_data/tensors/20240304/HRY/0008_B00_0009_124030108.npz
B00_0010_124030110,/home/ubuntu/sunlong/gcms_consistency_old/dataset/20240304/010#HRYCS124030110.D,010#HRYCS124030110.D,0,20240304,10.0,HRY,云烟（软如意）,,124030110,CS124030110,HRY,HRY,HRY,HRY,HRY,False,/home/ubuntu/sunlong/gcms_consistency_old/new_prepared_data/tensors/20240304/HRY/0009_B00_0010_124030110.npz
B00_0011_124030110,/home/ubuntu/sunlong/gcms_consistency_old/dataset/20240304/011#HRYCS124030110.D,011#HRYCS124030110.D,0,20240304,11.0,HRY,云烟（软如意）,,124030110,CS124030110,HRY,HRY,HRY,HRY,HRY,False,/home/ubuntu/sunlong/gcms_consistency_old/new_prepared_data/tensors/20240304/HRY/0010_B00_0011_124030110.npz
B00_0012_124030101,/home/ubuntu/sunlong/gcms_consistency_old/dataset/20240304/012#H88CS124030101.D,012#H88CS124030101.D,0,20240304,12.0,H88,红河（88）,,124030101,CS124030101,H88,H88,H88,H88,H88,False,/home/ubuntu/sunlong/gcms_consistency_old/new_prepared_data/tensors/20240304/H88/0011_B00_0012_124030101.npz
B00_0013_124030104,/home/ubuntu/sunlong/gcms_consistency_old/dataset/20240304/013#H88CS124030104.D,013#H88CS124030104.D,0,20240304,13.0,H88,红河（88）,,124030104,CS124030104,H88,H88,H88,H88,H88,False,/home/ubuntu/sunlong/gcms_consistency_old/new_prepared_data/tensors/20240304/H88/0012_B00_0013_124030104.npz
B00_0014_124030112,/home/ubuntu/sunlong/gcms_consistency_old/dataset/20240304/014#H88CS124030112.D,014#H88CS124030112.D,0,20240304,14.0,H88,红河（88）,,124030112,CS124030112,H88,H88,H88,H88,H88,False,/home/ubuntu/sunlong/gcms_consistency_old/new_prepared_data/tensors/20240304/H88/0013_B00_0014_124030112.npz
B00_0015_124030115,/home/ubuntu/sunlong/gcms_consistency_old/dataset/20240304/015#H88CS124030115.D,015#H88CS124030115.D,0,20240304,15.0,H88,红河（88）,,124030115,CS124030115,H88,H88,H88,H88,H88,False,/home/ubuntu/sunlong/gcms_consistency_old/new_prepared_data/tensors/20240304/H88/0014_B00_0015_124030115.npz
B00_0019_124030402,/home/ubuntu/sunlong/gcms_consistency_old/dataset/20240304/019#HYZCS124030402.D,019#HYZCS124030402.D,0,20240304,19.0,HYZ,云烟（紫）,,124030402,CS124030402,HYZ,HYZ,HYZ,HYZ,HYZ,False,/home/ubuntu/sunlong/gcms_consistency_old/new_prepared_data/tensors/20240304/HYZ/0015_B00_0019_124030402.npz
B00_0020_124030405,/home/ubuntu/sunlong/gcms_consistency_old/dataset/20240304/020#HYZCS124030405.D,020#HYZCS124030405.D,0,20240304,20.0,HYZ,云烟（紫）,,124030405,CS124030405,HYZ,HYZ,HYZ,HYZ,HYZ,False,/home/ubuntu/sunlong/gcms_consistency_old/new_prepared_data/tensors/20240304/HYZ/0016_B00_0020_124030405.npz
B00_0021_124030409,/home/ubuntu/sunlong/gcms_consistency_old/dataset/20240304/021#HYZCS124030409.D,021#HYZCS124030409.D,0,20240304,21.0,HYZ,云烟（紫）,,124030409,CS124030409,HYZ,HYZ,HYZ,HYZ,HYZ,False,/home/ubuntu/sunlong/gcms_consistency_old/new_prepared_data/tensors/20240304/HYZ/0017_B00_0021_124030409.npz
B00_0022_124030411,/home/ubuntu/sunlong/gcms_consistency_old/dataset/20240304/022#HYZCS124030411.D,022#HYZCS124030411.D,0,20240304,22.0,HYZ,云烟（紫）,,124030411,CS124030411,HYZ,HYZ,HYZ,HYZ,HYZ,False,/home/ubuntu/sunlong/gcms_consistency_old/new_prepared_data/tensors/20240304/HYZ/0018_B00_0022_124030411.npz
B00_0023_124030413,/home/ubuntu/sunlong/gcms_consistency_old/dataset/20240304/023#HYZCS124030413.D,023#HYZCS124030413.D,0,20240304,23.0,HYZ,云烟（紫）,,124030413,CS124030413,HYZ,HYZ,HYZ,HYZ,HYZ,False,/home/ubuntu/sunlong/gcms_consistency_old/new_prepared_data/tensors/20240304/HYZ/0019_B00_0023_124030413.npz
B00_0024_124030414,/home/ubuntu/sunlong/gcms_consistency_old/dataset/20240304/024#HYZCS124030414.D,024#HYZCS124030414.D,0,20240304,24.0,HYZ,云烟（紫）,,124030414,CS124030414,HYZ,HYZ,HYZ,HYZ,HYZ,False,/home/ubuntu/sunlong/gcms_consistency_old/new_prepared_data/tensors/20240304/HYZ/0020_B00_0024_124030414.npz
B00_0025_124030408,/home/ubuntu/sunlong/gcms_consistency_old/dataset/20240304/025#HRYCS124030408.D,025#HRYCS124030408.D,0,20240304,25.0,HRY,云烟（软如意）,,124030408,CS124030408,HRY,HRY,HRY,HRY,HRY,False,/home/ubuntu/sunlong/gcms_consistency_old/new_prepared_data/tensors/20240304/HRY/0021_B00_0025_124030408.npz
B00_0026_124030408,/home/ubuntu/sunlong/gcms_consistency_old/dataset/20240304/026#HRYCS124030408.D,026#HRYCS124030408.D,0,20240304,26.0,HRY,云烟（软如意）,,124030408,CS124030408,HRY,HRY,HRY,HRY,HRY,False,/home/ubuntu/sunlong/gcms_consistency_old/new_prepared_data/tensors/20240304/HRY/0022_B00_0026_124030408.npz
B00_0027_124030410,/home/ubuntu/sunlong/gcms_consistency_old/dataset/20240304/027#HRYCS124030410.D,027#HRYCS124030410.D,0,20240304,27.0,HRY,云烟（软如意）,,124030410,CS124030410,HRY,HRY,HRY,HRY,HRY,False,/home/ubuntu/sunlong/gcms_consistency_old/new_prepared_data/tensors/20240304/HRY/0023_B00_0027_124030410.npz
B00_0028_124030410,/home/ubuntu/sunlong/gcms_consistency_old/dataset/20240304/028#HRYCS124030410.D,028#HRYCS124030410.D,0,20240304,28.0,HRY,云烟（软如意）,,124030410,CS124030410,HRY,HRY,HRY,HRY,HRY,False,/home/ubuntu/sunlong/gcms_consistency_old/new_prepared_data/tensors/20240304/HRY/0024_B00_0028_124030410.npz
B00_0029_124030401,/home/ubuntu/sunlong/gcms_consistency_old/dataset/20240304/029#H88CS124030401.D,029#H88CS124030401.D,0,20240304,29.0,H88,红河（88）,,124030401,CS124030401,H88,H88,H88,H88,H88,False,/home/ubuntu/sunlong/gcms_consistency_old/new_prepared_data/tensors/20240304/H88/0025_B00_0029_124030401.npz
B00_0030_124030404,/home/ubuntu/sunlong/gcms_consistency_old/dataset/20240304/030#H88CS124030404.D,030#H88CS124030404.D,0,20240304,30.0,H88,红河（88）,,124030404,CS124030404,H88,H88,H88,H88,H88,False,/home/ubuntu/sunlong/gcms_consistency_old/new_prepared_data/tensors/20240304/H88/0026_B00_0030_124030404.npz
B00_0031_124030412,/home/ubuntu/sunlong/gcms_consistency_old/dataset/20240304/031#H88CS124030412.D,031#H88CS124030412.D,0,20240304,31.0,H88,红河（88）,,124030412,CS124030412,H88,H88,H88,H88,H88,False,/home/ubuntu/sunlong/gcms_consistency_old/new_prepared_data/tensors/20240304/H88/0027_B00_0031_124030412.npz
B00_0032_124030415,/home/ubuntu/sunlong/gcms_consistency_old/dataset/20240304/032#H88CS124030415.D,032#H88CS124030415.D,0,20240304,32.0,H88,红河（88）,,124030415,CS124030415,H88,H88,H88,H88,H88,False,/home/ubuntu/sunlong/gcms_consistency_old/new_prepared_data/tensors/20240304/H88/0028_B00_0032_124030415.npz
B00_0033_124030403,/home/ubuntu/sunlong/gcms_consistency_old/dataset/20240304/033#H99CS124030403.D,033#H99CS124030403.D,0,20240304,33.0,H99,红河（99）,,124030403,CS124030403,H99,H99,H99,H99,H99,False,/home/ubuntu/sunlong/gcms_consistency_old/new_prepared_data/tensors/20240304/H99/0029_B00_0033_124030403.npz
B00_0038_124030501,/home/ubuntu/sunlong/gcms_consistency_old/dataset/20240304/038#HYZCS124030501.D,038#HYZCS124030501.D,0,20240304,38.0,HYZ,云烟（紫）,,124030501,CS124030501,HYZ,HYZ,HYZ,HYZ,HYZ,False,/home/ubuntu/sunlong/gcms_consistency_old/new_prepared_data/tensors/20240304/HYZ/0030_B00_0038_124030501.npz
B00_0039_124030504,/home/ubuntu/sunlong/gcms_consistency_old/dataset/20240304/039#HYZCS124030504.D,039#HYZCS124030504.D,0,20240304,39.0,HYZ,云烟（紫）,,124030504,CS124030504,HYZ,HYZ,HYZ,HYZ,HYZ,False,/home/ubuntu/sunlong/gcms_consistency_old/new_prepared_data/tensors/20240304/HYZ/0031_B00_0039_124030504.npz
B00_0040_124030506,/home/ubuntu/sunlong/gcms_consistency_old/dataset/20240304/040#HYZCS124030506.D,040#HYZCS124030506.D,0,20240304,40.0,HYZ,云烟（紫）,,124030506,CS124030506,HYZ,HYZ,HYZ,HYZ,HYZ,False,/home/ubuntu/sunlong/gcms_consistency_old/new_prepared_data/tensors/20240304/HYZ/0032_B00_0040_124030506.npz
B00_0041_124030508,/home/ubuntu/sunlong/gcms_consistency_old/dataset/20240304/041#HYZCS124030508.D,041#HYZCS124030508.D,0,20240304,41.0,HYZ,云烟（紫）,,124030508,CS124030508,HYZ,HYZ,HYZ,HYZ,HYZ,False,/home/ubuntu/sunlong/gcms_consistency_old/new_prepared_data/tensors/20240304/HYZ/0033_B00_0041_124030508.npz
B00_0042_124030510,/home/ubuntu/sunlong/gcms_consistency_old/dataset/20240304/042#HYZCS124030510.D,042#HYZCS124030510.D,0,20240304,42.0,HYZ,云烟（紫）,,124030510,CS124030510,HYZ,HYZ,HYZ,HYZ,HYZ,False,/home/ubuntu/sunlong/gcms_consistency_old/new_prepared_data/tensors/20240304/HYZ/0034_B00_0042_124030510.npz
B00_0043_124030512,/home/ubuntu/sunlong/gcms_consistency_old/dataset/20240304/043#HYZCS124030512.D,043#HYZCS124030512.D,0,20240304,43.0,HYZ,云烟（紫）,,124030512,CS124030512,HYZ,HYZ,HYZ,HYZ,HYZ,False,/home/ubuntu/sunlong/gcms_consistency_old/new_prepared_data/tensors/20240304/HYZ/0035_B00_0043_124030512.npz
B00_0044_124030513,/home/ubuntu/sunlong/gcms_consistency_old/dataset/20240304/044#HYZCS124030513.D,044#HYZCS124030513.D,0,20240304,44.0,HYZ,云烟（紫）,,124030513,CS124030513,HYZ,HYZ,HYZ,HYZ,HYZ,False,/home/ubuntu/sunlong/gcms_consistency_old/new_prepared_data/tensors/20240304/HYZ/0036_B00_0044_124030513.npz
B00_0045_124030514,/home/ubuntu/sunlong/gcms_consistency_old/dataset/20240304/045#HYZCS124030514.D,045#HYZCS124030514.D,0,20240304,45.0,HYZ,云烟（紫）,,124030514,CS124030514,HYZ,HYZ,HYZ,HYZ,HYZ,False,/home/ubuntu/sunlong/gcms_consistency_old/new_prepared_data/tensors/20240304/HYZ/0037_B00_0045_124030514.npz
B00_0046_124030515,/home/ubuntu/sunlong/gcms_consistency_old/dataset/20240304/046#HRLCS124030515.D,046#HRLCS124030515.D,0,20240304,46.0,HRL,云烟（软礼印象）,,124030515,CS124030515,HRL,HRL,HRL,HRL,HRL,False,/home/ubuntu/sunlong/gcms_consistency_old/new_prepared_data/tensors/20240304/HRL/0038_B00_0046_124030515.npz
B00_0047_124030515,/home/ubuntu/sunlong/gcms_consistency_old/dataset/20240304/047#HRLCS124030515.D,047#HRLCS124030515.D,0,20240304,47.0,HRL,云烟（软礼印象）,,124030515,CS124030515,HRL,HRL,HRL,HRL,HRL,False,/home/ubuntu/sunlong/gcms_consistency_old/new_prepared_data/tensors/20240304/HRL/0039_B00_0047_124030515.npz
B00_0048_124030515,/home/ubuntu/sunlong/gcms_consistency_old/dataset/20240304/048#HRLCS124030515.D,048#HRLCS124030515.D,0,20240304,48.0,HRL,云烟（软礼印象）,,124030515,CS124030515,HRL,HRL,HRL,HRL,HRL,False,/home/ubuntu/sunlong/gcms_consistency_old/new_prepared_data/tensors/20240304/HRL/0040_B00_0048_124030515.npz
B00_0049_124030515,/home/ubuntu/sunlong/gcms_consistency_old/dataset/20240304/049#HRLCS124030515.D,049#HRLCS124030515.D,0,20240304,49.0,HRL,云烟（软礼印象）,,124030515,CS124030515,HRL,HRL,HRL,HRL,HRL,False,/home/ubuntu/sunlong/gcms_consistency_old/new_prepared_data/tensors/20240304/HRL/0041_B00_0049_124030515.npz
B00_0050_124030515,/home/ubuntu/sunlong/gcms_consistency_old/dataset/20240304/050#HRLCS124030515.D,050#HRLCS124030515.D,0,20240304,50.0,HRL,云烟（软礼印象）,,124030515,CS124030515,HRL,HRL,HRL,HRL,HRL,False,/home/ubuntu/sunlong/gcms_consistency_old/new_prepared_data/tensors/20240304/HRL/0042_B00_0050_124030515.npz
B00_0051_124030515,/home/ubuntu/sunlong/gcms_consistency_old/dataset/20240304/051#HRLCS124030515.D,051#HRLCS124030515.D,0,20240304,51.0,HRL,云烟（软礼印象）,,124030515,CS124030515,HRL,HRL,HRL,HRL,HRL,False,/home/ubuntu/sunlong/gcms_consistency_old/new_prepared_data/tensors/20240304/HRL/0043_B00_0051_124030515.npz
B00_0052_124030515,/home/ubuntu/sunlong/gcms_consistency_old/dataset/20240304/052#HRLCS124030515.D,052#HRLCS124030515.D,0,20240304,52.0,HRL,云烟（软礼印象）,,124030515,CS124030515,HRL,HRL,HRL,HRL,HRL,False,/home/ubuntu/sunlong/gcms_consistency_old/new_prepared_data/tensors/20240304/HRL/0044_B00_0052_124030515.npz
B00_0053_124030515,/home/ubuntu/sunlong/gcms_consistency_old/dataset/20240304/053#HRLCS124030515.D,053#HRLCS124030515.D,0,20240304,53.0,HRL,云烟（软礼印象）,,124030515,CS124030515,HRL,HRL,HRL,HRL,HRL,False,/home/ubuntu/sunlong/gcms_consistency_old/new_prepared_data/tensors/20240304/HRL/0045_B00_0053_124030515.npz
B00_0054_124030515,/home/ubuntu/sunlong/gcms_consistency_old/dataset/20240304/054#HRLCS124030515.D,054#HRLCS124030515.D,0,20240304,54.0,HRL,云烟（软礼印象）,,124030515,CS124030515,HRL,HRL,HRL,HRL,HRL,False,/home/ubuntu/sunlong/gcms_consistency_old/new_prepared_data/tensors/20240304/HRL/0046_B00_0054_124030515.npz
B00_0055_124030515,/home/ubuntu/sunlong/gcms_consistency_old/dataset/20240304/055#HRLCS124030515.D,055#HRLCS124030515.D,0,20240304,55.0,HRL,云烟（软礼印象）,,124030515,CS124030515,HRL,HRL,HRL,HRL,HRL,False,/home/ubuntu/sunlong/gcms_consistency_old/new_prepared_data/tensors/20240304/HRL/0047_B00_0055_124030515.npz
B00_0056_124030515,/home/ubuntu/sunlong/gcms_consistency_old/dataset/20240304/056#HRLCS124030515.D,056#HRLCS124030515.D,0,20240304,56.0,HRL,云烟（软礼印象）,,124030515,CS124030515,HRL,HRL,HRL,HRL,HRL,False,/home/ubuntu/sunlong/gcms_consistency_old/new_prepared_data/tensors/20240304/HRL/0048_B00_0056_124030515.npz
B00_0057_124030515,/home/ubuntu/sunlong/gcms_consistency_old/dataset/20240304/057#HRLCS124030515.D,057#HRLCS124030515.D,0,20240304,57.0,HRL,云烟（软礼印象）,,124030515,CS124030515,HRL,HRL,HRL,HRL,HRL,False,/home/ubuntu/sunlong/gcms_consistency_old/new_prepared_data/tensors/20240304/HRL/0049_B00_0057_124030515.npz
B00_0058_124030503,/home/ubuntu/sunlong/gcms_consistency_old/dataset/20240304/058#H88CS124030503.D,058#H88CS124030503.D,0,20240304,58.0,H88,红河（88）,,124030503,CS124030503,H88,H88,H88,H88,H88,False,/home/ubuntu/sunlong/gcms_consistency_old/new_prepared_data/tensors/20240304/H88/0050_B00_0058_124030503.npz
B00_0059_124030511,/home/ubuntu/sunlong/gcms_consistency_old/dataset/20240304/059#H88CS124030511.D,059#H88CS124030511.D,0,20240304,59.0,H88,红河（88）,,124030511,CS124030511,H88,H88,H88,H88,H88,False,/home/ubuntu/sunlong/gcms_consistency_old/new_prepared_data/tensors/20240304/H88/0051_B00_0059_124030511.npz
B00_0060_124030502,/home/ubuntu/sunlong/gcms_consistency_old/dataset/20240304/060#H99CS124030502.D,060#H99CS124030502.D,0,20240304,60.0,H99,红河（99）,,124030502,CS124030502,H99,H99,H99,H99,H99,False,/home/ubuntu/sunlong/gcms_consistency_old/new_prepared_data/tensors/20240304/H99/0052_B00_0060_124030502.npz
B00_0061_124030505,/home/ubuntu/sunlong/gcms_consistency_old/dataset/20240304/061#H99CS124030505.D,061#H99CS124030505.D,0,20240304,61.0,H99,红河（99）,,124030505,CS124030505,H99,H99,H99,H99,H99,False,/home/ubuntu/sunlong/gcms_consistency_old/new_prepared_data/tensors/20240304/H99/0053_B00_0061_124030505.npz
B01_0066_124030602,/home/ubuntu/sunlong/gcms_consistency_old/dataset/20240308/066#HYZCS124030602.D,066#HYZCS124030602.D,1,20240308,66.0,HYZ,云烟（紫）,,124030602,CS124030602,HYZ,HYZ,HYZ,HYZ,HYZ,False,/home/ubuntu/sunlong/gcms_consistency_old/new_prepared_data/tensors/20240308/HYZ/0054_B01_0066_124030602.npz
B01_0067_124030603,/home/ubuntu/sunlong/gcms_consistency_old/dataset/20240308/067#HYZCS124030603.D,067#HYZCS124030603.D,1,20240308,67.0,HYZ,云烟（紫）,,124030603,CS124030603,HYZ,HYZ,HYZ,HYZ,HYZ,False,/home/ubuntu/sunlong/gcms_consistency_old/new_prepared_data/tensors/20240308/HYZ/0055_B01_0067_124030603.npz
B01_0068_124030605,/home/ubuntu/sunlong/gcms_consistency_old/dataset/20240308/068#HYZCS124030605.D,068#HYZCS124030605.D,1,20240308,68.0,HYZ,云烟（紫）,,124030605,CS124030605,HYZ,HYZ,HYZ,HYZ,HYZ,False,/home/ubuntu/sunlong/gcms_consistency_old/new_prepared_data/tensors/20240308/HYZ/0056_B01_0068_124030605.npz
B01_0069_124030607,/home/ubuntu/sunlong/gcms_consistency_old/dataset/20240308/069#HYZCS124030607.D,069#HYZCS124030607.D,1,20240308,69.0,HYZ,云烟（紫）,,124030607,CS124030607,HYZ,HYZ,HYZ,HYZ,HYZ,False,/home/ubuntu/sunlong/gcms_consistency_old/new_prepared_data/tensors/20240308/HYZ/0057_B01_0069_124030607.npz
B01_0070_124030609,/home/ubuntu/sunlong/gcms_consistency_old/dataset/20240308/070#HYZCS124030609.D,070#HYZCS124030609.D,1,20240308,70.0,HYZ,云烟（紫）,,124030609,CS124030609,HYZ,HYZ,HYZ,HYZ,HYZ,False,/home/ubuntu/sunlong/gcms_consistency_old/new_prepared_data/tensors/20240308/HYZ/0058_B01_0070_124030609.npz
B01_0071_124030613,/home/ubuntu/sunlong/gcms_consistency_old/dataset/20240308/071#HYZCS124030613.D,071#HYZCS124030613.D,1,20240308,71.0,HYZ,云烟（紫）,,124030613,CS124030613,HYZ,HYZ,HYZ,HYZ,HYZ,False,/home/ubuntu/sunlong/gcms_consistency_old/new_prepared_data/tensors/20240308/HYZ/0059_B01_0071_124030613.npz
B01_0072_124030615,/home/ubuntu/sunlong/gcms_consistency_old/dataset/20240308/072#HYZCS124030615.D,072#HYZCS124030615.D,1,20240308,72.0,HYZ,云烟（紫）,,124030615,CS124030615,HYZ,HYZ,HYZ,HYZ,HYZ,False,/home/ubuntu/sunlong/gcms_consistency_old/new_prepared_data/tensors/20240308/HYZ/0060_B01_0072_124030615.npz
B01_0073_124030616,/home/ubuntu/sunlong/gcms_consistency_old/dataset/20240308/073#HYZCS124030616.D,073#HYZCS124030616.D,1,20240308,73.0,HYZ,云烟（紫）,,124030616,CS124030616,HYZ,HYZ,HYZ,HYZ,HYZ,False,/home/ubuntu/sunlong/gcms_consistency_old/new_prepared_data/tensors/20240308/HYZ/0061_B01_0073_124030616.npz
B01_0074_124030608,/home/ubuntu/sunlong/gcms_consistency_old/dataset/20240308/074#HRYCS124030608.D,074#HRYCS124030608.D,1,20240308,74.0,HRY,云烟（软如意）,,124030608,CS124030608,HRY,HRY,HRY,HRY,HRY,False,/home/ubuntu/sunlong/gcms_consistency_old/new_prepared_data/tensors/20240308/HRY/0062_B01_0074_124030608.npz
B01_0075_124030608,/home/ubuntu/sunlong/gcms_consistency_old/dataset/20240308/075#HRYCS124030608.D,075#HRYCS124030608.D,1,20240308,75.0,HRY,云烟（软如意）,,124030608,CS124030608,HRY,HRY,HRY,HRY,HRY,False,/home/ubuntu/sunlong/gcms_consistency_old/new_prepared_data/tensors/20240308/HRY/0063_B01_0075_124030608.npz
B01_0076_124030608,/home/ubuntu/sunlong/gcms_consistency_old/dataset/20240308/076#HRYCS124030608.D,076#HRYCS124030608.D,1,20240308,76.0,HRY,云烟（软如意）,,124030608,CS124030608,HRY,HRY,HRY,HRY,HRY,False,/home/ubuntu/sunlong/gcms_consistency_old/new_prepared_data/tensors/20240308/HRY/0064_B01_0076_124030608.npz
B01_0077_124030608,/home/ubuntu/sunlong/gcms_consistency_old/dataset/20240308/077#HRYCS124030608.D,077#HRYCS124030608.D,1,20240308,77.0,HRY,云烟（软如意）,,124030608,CS124030608,HRY,HRY,HRY,HRY,HRY,False,/home/ubuntu/sunlong/gcms_consistency_old/new_prepared_data/tensors/20240308/HRY/0065_B01_0077_124030608.npz
B01_0078_124030608,/home/ubuntu/sunlong/gcms_consistency_old/dataset/20240308/078#HRYCS124030608.D,078#HRYCS124030608.D,1,20240308,78.0,HRY,云烟（软如意）,,124030608,CS124030608,HRY,HRY,HRY,HRY,HRY,False,/home/ubuntu/sunlong/gcms_consistency_old/new_prepared_data/tensors/20240308/HRY/0066_B01_0078_124030608.npz
B01_0079_124030608,/home/ubuntu/sunlong/gcms_consistency_old/dataset/20240308/079#HRYCS124030608.D,079#HRYCS124030608.D,1,20240308,79.0,HRY,云烟（软如意）,,124030608,CS124030608,HRY,HRY,HRY,HRY,HRY,False,/home/ubuntu/sunlong/gcms_consistency_old/new_prepared_data/tensors/20240308/HRY/0067_B01_0079_124030608.npz
B01_0080_124030608,/home/ubuntu/sunlong/gcms_consistency_old/dataset/20240308/080#HRYCS124030608.D,080#HRYCS124030608.D,1,20240308,80.0,HRY,云烟（软如意）,,124030608,CS124030608,HRY,HRY,HRY,HRY,HRY,False,/home/ubuntu/sunlong/gcms_consistency_old/new_prepared_data/tensors/20240308/HRY/0068_B01_0080_124030608.npz
B01_0081_124030608,/home/ubuntu/sunlong/gcms_consistency_old/dataset/20240308/081#HRYCS124030608.D,081#HRYCS124030608.D,1,20240308,81.0,HRY,云烟（软如意）,,124030608,CS124030608,HRY,HRY,HRY,HRY,HRY,False,/home/ubuntu/sunlong/gcms_consistency_old/new_prepared_data/tensors/20240308/HRY/0069_B01_0081_124030608.npz
B01_0082_124030608,/home/ubuntu/sunlong/gcms_consistency_old/dataset/20240308/082#HRYCS124030608.D,082#HRYCS124030608.D,1,20240308,82.0,HRY,云烟（软如意）,,124030608,CS124030608,HRY,HRY,HRY,HRY,HRY,False,/home/ubuntu/sunlong/gcms_consistency_old/new_prepared_data/tensors/20240308/HRY/0070_B01_0082_124030608.npz
B01_0083_124030608,/home/ubuntu/sunlong/gcms_consistency_old/dataset/20240308/083#HRYCS124030608.D,083#HRYCS124030608.D,1,20240308,83.0,HRY,云烟（软如意）,,124030608,CS124030608,HRY,HRY,HRY,HRY,HRY,False,/home/ubuntu/sunlong/gcms_consistency_old/new_prepared_data/tensors/20240308/HRY/0071_B01_0083_124030608.npz
B01_0084_124030608,/home/ubuntu/sunlong/gcms_consistency_old/dataset/20240308/084#HRYCS124030608.D,084#HRYCS124030608.D,1,20240308,84.0,HRY,云烟（软如意）,,124030608,CS124030608,HRY,HRY,HRY,HRY,HRY,False,/home/ubuntu/sunlong/gcms_consistency_old/new_prepared_data/tensors/20240308/HRY/0072_B01_0084_124030608.npz
B01_0085_124030608,/home/ubuntu/sunlong/gcms_consistency_old/dataset/20240308/085#HRYCS124030608.D,085#HRYCS124030608.D,1,20240308,85.0,HRY,云烟（软如意）,,124030608,CS124030608,HRY,HRY,HRY,HRY,HRY,False,/home/ubuntu/sunlong/gcms_consistency_old/new_prepared_data/tensors/20240308/HRY/0073_B01_0085_124030608.npz
B01_0086_124030608,/home/ubuntu/sunlong/gcms_consistency_old/dataset/20240308/086#HRYCS124030608.D,086#HRYCS124030608.D,1,20240308,86.0,HRY,云烟（软如意）,,124030608,CS124030608,HRY,HRY,HRY,HRY,HRY,False,/home/ubuntu/sunlong/gcms_consistency_old/new_prepared_data/tensors/20240308/HRY/0074_B01_0086_124030608.npz
B01_0087_124030608,/home/ubuntu/sunlong/gcms_consistency_old/dataset/20240308/087#HRYCS124030608.D,087#HRYCS124030608.D,1,20240308,87.0,HRY,云烟（软如意）,,124030608,CS124030608,HRY,HRY,HRY,HRY,HRY,False,/home/ubuntu/sunlong/gcms_consistency_old/new_prepared_data/tensors/20240308/HRY/0075_B01_0087_124030608.npz
B01_0088_124030608,/home/ubuntu/sunlong/gcms_consistency_old/dataset/20240308/088#HRYCS124030608.D,088#HRYCS124030608.D,1,20240308,88.0,HRY,云烟（软如意）,,124030608,CS124030608,HRY,HRY,HRY,HRY,HRY,False,/home/ubuntu/sunlong/gcms_consistency_old/new_prepared_data/tensors/20240308/HRY/0076_B01_0088_124030608.npz
B01_0089_124030608,/home/ubuntu/sunlong/gcms_consistency_old/dataset/20240308/089#HRYCS124030608.D,089#HRYCS124030608.D,1,20240308,89.0,HRY,云烟（软如意）,,124030608,CS124030608,HRY,HRY,HRY,HRY,HRY,False,/home/ubuntu/sunlong/gcms_consistency_old/new_prepared_data/tensors/20240308/HRY/0077_B01_0089_124030608.npz
B01_0090_124030608,/home/ubuntu/sunlong/gcms_consistency_old/dataset/20240308/090#HRYCS124030608.D,090#HRYCS124030608.D,1,20240308,90.0,HRY,云烟（软如意）,,124030608,CS124030608,HRY,HRY,HRY,HRY,HRY,False,/home/ubuntu/sunlong/gcms_consistency_old/new_prepared_data/tensors/20240308/HRY/0078_B01_0090_124030608.npz
B01_0091_124030610,/home/ubuntu/sunlong/gcms_consistency_old/dataset/20240308/091#HRYCS124030610.D,091#HRYCS124030610.D,1,20240308,91.0,HRY,云烟（软如意）,,124030610,CS124030610,HRY,HRY,HRY,HRY,HRY,False,/home/ubuntu/sunlong/gcms_consistency_old/new_prepared_data/tensors/20240308/HRY/0079_B01_0091_124030610.npz
B01_0092_124030610,/home/ubuntu/sunlong/gcms_consistency_old/dataset/20240308/092#HRYCS124030610.D,092#HRYCS124030610.D,1,20240308,92.0,HRY,云烟（软如意）,,124030610,CS124030610,HRY,HRY,HRY,HRY,HRY,False,/home/ubuntu/sunlong/gcms_consistency_old/new_prepared_data/tensors/20240308/HRY/0080_B01_0092_124030610.npz
B01_0093_124030610,/home/ubuntu/sunlong/gcms_consistency_old/dataset/20240308/093#HRYCS124030610.D,093#HRYCS124030610.D,1,20240308,93.0,HRY,云烟（软如意）,,124030610,CS124030610,HRY,HRY,HRY,HRY,HRY,False,/home/ubuntu/sunlong/gcms_consistency_old/new_prepared_data/tensors/20240308/HRY/0081_B01_0093_124030610.npz
B01_0094_124030610,/home/ubuntu/sunlong/gcms_consistency_old/dataset/20240308/094#HRYCS124030610.D,094#HRYCS124030610.D,1,20240308,94.0,HRY,云烟（软如意）,,124030610,CS124030610,HRY,HRY,HRY,HRY,HRY,False,/home/ubuntu/sunlong/gcms_consistency_old/new_prepared_data/tensors/20240308/HRY/0082_B01_0094_124030610.npz
B01_0095_124030610,/home/ubuntu/sunlong/gcms_consistency_old/dataset/20240308/095#HRYCS124030610.D,095#HRYCS124030610.D,1,20240308,95.0,HRY,云烟（软如意）,,124030610,CS124030610,HRY,HRY,HRY,HRY,HRY,False,/home/ubuntu/sunlong/gcms_consistency_old/new_prepared_data/tensors/20240308/HRY/0083_B01_0095_124030610.npz
B01_0096_124030610,/home/ubuntu/sunlong/gcms_consistency_old/dataset/20240308/096#HRYCS124030610.D,096#HRYCS124030610.D,1,20240308,96.0,HRY,云烟（软如意）,,124030610,CS124030610,HRY,HRY,HRY,HRY,HRY,False,/home/ubuntu/sunlong/gcms_consistency_old/new_prepared_data/tensors/20240308/HRY/0084_B01_0096_124030610.npz
B01_0097_124030610,/home/ubuntu/sunlong/gcms_consistency_old/dataset/20240308/097#HRYCS124030610.D,097#HRYCS124030610.D,1,20240308,97.0,HRY,云烟（软如意）,,124030610,CS124030610,HRY,HRY,HRY,HRY,HRY,False,/home/ubuntu/sunlong/gcms_consistency_old/new_prepared_data/tensors/20240308/HRY/0085_B01_0097_124030610.npz
B01_0098_124030610,/home/ubuntu/sunlong/gcms_consistency_old/dataset/20240308/098#HRYCS124030610.D,098#HRYCS124030610.D,1,20240308,98.0,HRY,云烟（软如意）,,124030610,CS124030610,HRY,HRY,HRY,HRY,HRY,False,/home/ubuntu/sunlong/gcms_consistency_old/new_prepared_data/tensors/20240308/HRY/0086_B01_0098_124030610.npz
B01_0099_124030610,/home/ubuntu/sunlong/gcms_consistency_old/dataset/20240308/099#HRYCS124030610.D,099#HRYCS124030610.D,1,20240308,99.0,HRY,云烟（软如意）,,124030610,CS124030610,HRY,HRY,HRY,HRY,HRY,False,/home/ubuntu/sunlong/gcms_consistency_old/new_prepared_data/tensors/20240308/HRY/0087_B01_0099_124030610.npz
B01_0100_124030610,/home/ubuntu/sunlong/gcms_consistency_old/dataset/20240308/100#HRYCS124030610.D,100#HRYCS124030610.D,1,20240308,100.0,HRY,云烟（软如意）,,124030610,CS124030610,HRY,HRY,HRY,HRY,HRY,False,/home/ubuntu/sunlong/gcms_consistency_old/new_prepared_data/tensors/20240308/HRY/0088_B01_0100_124030610.npz
B01_0101_124030610,/home/ubuntu/sunlong/gcms_consistency_old/dataset/20240308/101#HRYCS124030610.D,101#HRYCS124030610.D,1,20240308,101.0,HRY,云烟（软如意）,,124030610,CS124030610,HRY,HRY,HRY,HRY,HRY,False,/home/ubuntu/sunlong/gcms_consistency_old/new_prepared_data/tensors/20240308/HRY/0089_B01_0101_124030610.npz
B01_0102_124030610,/home/ubuntu/sunlong/gcms_consistency_old/dataset/20240308/102#HRYCS124030610.D,102#HRYCS124030610.D,1,20240308,102.0,HRY,云烟（软如意）,,124030610,CS124030610,HRY,HRY,HRY,HRY,HRY,False,/home/ubuntu/sunlong/gcms_consistency_old/new_prepared_data/tensors/20240308/HRY/0090_B01_0102_124030610.npz
B01_0103_124030601,/home/ubuntu/sunlong/gcms_consistency_old/dataset/20240308/103#H88CS124030601.D,103#H88CS124030601.D,1,20240308,103.0,H88,红河（88）,,124030601,CS124030601,H88,H88,H88,H88,H88,False,/home/ubuntu/sunlong/gcms_consistency_old/new_prepared_data/tensors/20240308/H88/0091_B01_0103_124030601.npz
B01_0104_124030604,/home/ubuntu/sunlong/gcms_consistency_old/dataset/20240308/104#H88CS124030604.D,104#H88CS124030604.D,1,20240308,104.0,H88,红河（88）,,124030604,CS124030604,H88,H88,H88,H88,H88,False,/home/ubuntu/sunlong/gcms_consistency_old/new_prepared_data/tensors/20240308/H88/0092_B01_0104_124030604.npz
B01_0105_124030606,/home/ubuntu/sunlong/gcms_consistency_old/dataset/20240308/105#H99CS124030606.D,105#H99CS124030606.D,1,20240308,105.0,H99,红河（99）,,124030606,CS124030606,H99,H99,H99,H99,H99,False,/home/ubuntu/sunlong/gcms_consistency_old/new_prepared_data/tensors/20240308/H99/0093_B01_0105_124030606.npz
B01_0106_124030606,/home/ubuntu/sunlong/gcms_consistency_old/dataset/20240308/106#H99CS124030606.D,106#H99CS124030606.D,1,20240308,106.0,H99,红河（99）,,124030606,CS124030606,H99,H99,H99,H99,H99,False,/home/ubuntu/sunlong/gcms_consistency_old/new_prepared_data/tensors/20240308/H99/0094_B01_0106_124030606.npz
B01_0119_124030617,/home/ubuntu/sunlong/gcms_consistency_old/dataset/20240308/119#HRJCS124030617.D,119#HRJCS124030617.D,1,20240308,119.0,HRJ,红河（软甲）,,124030617,CS124030617,HRJ,HRJ,HRJ,HRJ,HRJ,False,/home/ubuntu/sunlong/gcms_consistency_old/new_prepared_data/tensors/20240308/HRJ/0095_B01_0119_124030617.npz
B01_0120_124030617,/home/ubuntu/sunlong/gcms_consistency_old/dataset/20240308/120#HRJCS124030617.D,120#HRJCS124030617.D,1,20240308,120.0,HRJ,红河（软甲）,,124030617,CS124030617,HRJ,HRJ,HRJ,HRJ,HRJ,False,/home/ubuntu/sunlong/gcms_consistency_old/new_prepared_data/tensors/20240308/HRJ/0096_B01_0120_124030617.npz
B01_0121_124030617,/home/ubuntu/sunlong/gcms_consistency_old/dataset/20240308/121#HRJCS124030617.D,121#HRJCS124030617.D,1,20240308,121.0,HRJ,红河（软甲）,,124030617,CS124030617,HRJ,HRJ,HRJ,HRJ,HRJ,False,/home/ubuntu/sunlong/gcms_consistency_old/new_prepared_data/tensors/20240308/HRJ/0097_B01_0121_124030617.npz
B01_0122_124030617,/home/ubuntu/sunlong/gcms_consistency_old/dataset/20240308/122#HRJCS124030617.D,122#HRJCS124030617.D,1,20240308,122.0,HRJ,红河（软甲）,,124030617,CS124030617,HRJ,HRJ,HRJ,HRJ,HRJ,False,/home/ubuntu/sunlong/gcms_consistency_old/new_prepared_data/tensors/20240308/HRJ/0098_B01_0122_124030617.npz
B01_0123_124030617,/home/ubuntu/sunlong/gcms_consistency_old/dataset/20240308/123#HRJCS124030617.D,123#HRJCS124030617.D,1,20240308,123.0,HRJ,红河（软甲）,,124030617,CS124030617,HRJ,HRJ,HRJ,HRJ,HRJ,False,/home/ubuntu/sunlong/gcms_consistency_old/new_prepared_data/tensors/20240308/HRJ/0099_B01_0123_124030617.npz
B01_0124_124030617,/home/ubuntu/sunlong/gcms_consistency_old/dataset/20240308/124#HRJCS124030617.D,124#HRJCS124030617.D,1,20240308,124.0,HRJ,红河（软甲）,,124030617,CS124030617,HRJ,HRJ,HRJ,HRJ,HRJ,False,/home/ubuntu/sunlong/gcms_consistency_old/new_prepared_data/tensors/20240308/HRJ/0100_B01_0124_124030617.npz
B01_0125_124030702,/home/ubuntu/sunlong/gcms_consistency_old/dataset/20240308/125#HYZCS124030702.D,125#HYZCS124030702.D,1,20240308,125.0,HYZ,云烟（紫）,,124030702,CS124030702,HYZ,HYZ,HYZ,HYZ,HYZ,False,/home/ubuntu/sunlong/gcms_consistency_old/new_prepared_data/tensors/20240308/HYZ/0101_B01_0125_124030702.npz
B01_0126_124030704,/home/ubuntu/sunlong/gcms_consistency_old/dataset/20240308/126#HYZCS124030704.D,126#HYZCS124030704.D,1,20240308,126.0,HYZ,云烟（紫）,,124030704,CS124030704,HYZ,HYZ,HYZ,HYZ,HYZ,False,/home/ubuntu/sunlong/gcms_consistency_old/new_prepared_data/tensors/20240308/HYZ/0102_B01_0126_124030704.npz
B01_0127_124030706,/home/ubuntu/sunlong/gcms_consistency_old/dataset/20240308/127#HYZCS124030706.D,127#HYZCS124030706.D,1,20240308,127.0,HYZ,云烟（紫）,,124030706,CS124030706,HYZ,HYZ,HYZ,HYZ,HYZ,False,/home/ubuntu/sunlong/gcms_consistency_old/new_prepared_data/tensors/20240308/HYZ/0103_B01_0127_124030706.npz
B01_0128_124030709,/home/ubuntu/sunlong/gcms_consistency_old/dataset/20240308/128#HYZCS124030709.D,128#HYZCS124030709.D,1,20240308,128.0,HYZ,云烟（紫）,,124030709,CS124030709,HYZ,HYZ,HYZ,HYZ,HYZ,False,/home/ubuntu/sunlong/gcms_consistency_old/new_prepared_data/tensors/20240308/HYZ/0104_B01_0128_124030709.npz
B01_0129_124030711,/home/ubuntu/sunlong/gcms_consistency_old/dataset/20240308/129#HYZCS124030711.D,129#HYZCS124030711.D,1,20240308,129.0,HYZ,云烟（紫）,,124030711,CS124030711,HYZ,HYZ,HYZ,HYZ,HYZ,False,/home/ubuntu/sunlong/gcms_consistency_old/new_prepared_data/tensors/20240308/HYZ/0105_B01_0129_124030711.npz
B01_0130_124030713,/home/ubuntu/sunlong/gcms_consistency_old/dataset/20240308/130#HYZCS124030713.D,130#HYZCS124030713.D,1,20240308,130.0,HYZ,云烟（紫）,,124030713,CS124030713,HYZ,HYZ,HYZ,HYZ,HYZ,False,/home/ubuntu/sunlong/gcms_consistency_old/new_prepared_data/tensors/20240308/HYZ/0106_B01_0130_124030713.npz
B01_0131_124030715,/home/ubuntu/sunlong/gcms_consistency_old/dataset/20240308/131#HYZCS124030715.D,131#HYZCS124030715.D,1,20240308,131.0,HYZ,云烟（紫）,,124030715,CS124030715,HYZ,HYZ,HYZ,HYZ,HYZ,False,/home/ubuntu/sunlong/gcms_consistency_old/new_prepared_data/tensors/20240308/HYZ/0107_B01_0131_124030715.npz
B01_0132_124030701,/home/ubuntu/sunlong/gcms_consistency_old/dataset/20240308/132#H88CS124030701.D,132#H88CS124030701.D,1,20240308,132.0,H88,红河（88）,,124030701,CS124030701,H88,H88,H88,H88,H88,False,/home/ubuntu/sunlong/gcms_consistency_old/new_prepared_data/tensors/20240308/H88/0108_B01_0132_124030701.npz
B01_0133_124030703,/home/ubuntu/sunlong/gcms_consistency_old/dataset/20240308/133#H88CS124030703.D,133#H88CS124030703.D,1,20240308,133.0,H88,红河（88）,,124030703,CS124030703,H88,H88,H88,H88,H88,False,/home/ubuntu/sunlong/gcms_consistency_old/new_prepared_data/tensors/20240308/H88/0109_B01_0133_124030703.npz
B01_0134_124030710,/home/ubuntu/sunlong/gcms_consistency_old/dataset/20240308/134#H88CS124030710.D,134#H88CS124030710.D,1,20240308,134.0,H88,红河（88）,,124030710,CS124030710,H88,H88,H88,H88,H88,False,/home/ubuntu/sunlong/gcms_consistency_old/new_prepared_data/tensors/20240308/H88/0110_B01_0134_124030710.npz
B01_0135_124030712,/home/ubuntu/sunlong/gcms_consistency_old/dataset/20240308/135#H88CS124030712.D,135#H88CS124030712.D,1,20240308,135.0,H88,红河（88）,,124030712,CS124030712,H88,H88,H88,H88,H88,False,/home/ubuntu/sunlong/gcms_consistency_old/new_prepared_data/tensors/20240308/H88/0111_B01_0135_124030712.npz
B01_0136_124030714,/home/ubuntu/sunlong/gcms_consistency_old/dataset/20240308/136#H88CS124030714.D,136#H88CS124030714.D,1,20240308,136.0,H88,红河（88）,,124030714,CS124030714,H88,H88,H88,H88,H88,False,/home/ubuntu/sunlong/gcms_consistency_old/new_prepared_data/tensors/20240308/H88/0112_B01_0136_124030714.npz
B01_0137_124030705,/home/ubuntu/sunlong/gcms_consistency_old/dataset/20240308/137#H99CS124030705.D,137#H99CS124030705.D,1,20240308,137.0,H99,红河（99）,,124030705,CS124030705,H99,H99,H99,H99,H99,False,/home/ubuntu/sunlong/gcms_consistency_old/new_prepared_data/tensors/20240308/H99/0113_B01_0137_124030705.npz
B01_0138_124030707,/home/ubuntu/sunlong/gcms_consistency_old/dataset/20240308/138#H99CS124030707.D,138#H99CS124030707.D,1,20240308,138.0,H99,红河（99）,,124030707,CS124030707,H99,H99,H99,H99,H99,False,/home/ubuntu/sunlong/gcms_consistency_old/new_prepared_data/tensors/20240308/H99/0114_B01_0138_124030707.npz
B01_0139_124030708,/home/ubuntu/sunlong/gcms_consistency_old/dataset/20240308/139#HRJCS124030708.D,139#HRJCS124030708.D,1,20240308,139.0,HRJ,红河（软甲）,,124030708,CS124030708,HRJ,HRJ,HRJ,HRJ,HRJ,False,/home/ubuntu/sunlong/gcms_consistency_old/new_prepared_data/tensors/20240308/HRJ/0115_B01_0139_124030708.npz
B01_0140_124030708,/home/ubuntu/sunlong/gcms_consistency_old/dataset/20240308/140#HRJCS124030708.D,140#HRJCS124030708.D,1,20240308,140.0,HRJ,红河（软甲）,,124030708,CS124030708,HRJ,HRJ,HRJ,HRJ,HRJ,False,/home/ubuntu/sunlong/gcms_consistency_old/new_prepared_data/tensors/20240308/HRJ/0116_B01_0140_124030708.npz
B01_0141_124030708,/home/ubuntu/sunlong/gcms_consistency_old/dataset/20240308/141#HRJCS124030708.D,141#HRJCS124030708.D,1,20240308,141.0,HRJ,红河（软甲）,,124030708,CS124030708,HRJ,HRJ,HRJ,HRJ,HRJ,False,/home/ubuntu/sunlong/gcms_consistency_old/new_prepared_data/tensors/20240308/HRJ/0117_B01_0141_124030708.npz
B01_0142_124030708,/home/ubuntu/sunlong/gcms_consistency_old/dataset/20240308/142#HRJCS124030708.D,142#HRJCS124030708.D,1,20240308,142.0,HRJ,红河（软甲）,,124030708,CS124030708,HRJ,HRJ,HRJ,HRJ,HRJ,False,/home/ubuntu/sunlong/gcms_consistency_old/new_prepared_data/tensors/20240308/HRJ/0118_B01_0142_124030708.npz
B01_0143_124030708,/home/ubuntu/sunlong/gcms_consistency_old/dataset/20240308/143#HRJCS124030708.D,143#HRJCS124030708.D,1,20240308,143.0,HRJ,红河（软甲）,,124030708,CS124030708,HRJ,HRJ,HRJ,HRJ,HRJ,False,/home/ubuntu/sunlong/gcms_consistency_old/new_prepared_data/tensors/20240308/HRJ/0119_B01_0143_124030708.npz
B01_0144_124030708,/home/ubuntu/sunlong/gcms_consistency_old/dataset/20240308/144#HRJCS124030708.D,144#HRJCS124030708.D,1,20240308,144.0,HRJ,红河（软甲）,,124030708,CS124030708,HRJ,HRJ,HRJ,HRJ,HRJ,False,/home/ubuntu/sunlong/gcms_consistency_old/new_prepared_data/tensors/20240308/HRJ/0120_B01_0144_124030708.npz
B01_0145_124030708,/home/ubuntu/sunlong/gcms_consistency_old/dataset/20240308/145#HRJCS124030708.D,145#HRJCS124030708.D,1,20240308,145.0,HRJ,红河（软甲）,,124030708,CS124030708,HRJ,HRJ,HRJ,HRJ,HRJ,False,/home/ubuntu/sunlong/gcms_consistency_old/new_prepared_data/tensors/20240308/HRJ/0121_B01_0145_124030708.npz
B01_0146_124030708,/home/ubuntu/sunlong/gcms_consistency_old/dataset/20240308/146#HRJCS124030708.D,146#HRJCS124030708.D,1,20240308,146.0,HRJ,红河（软甲）,,124030708,CS124030708,HRJ,HRJ,HRJ,HRJ,HRJ,False,/home/ubuntu/sunlong/gcms_consistency_old/new_prepared_data/tensors/20240308/HRJ/0122_B01_0146_124030708.npz
B01_0147_124030708,/home/ubuntu/sunlong/gcms_consistency_old/dataset/20240308/147#HRJCS124030708.D,147#HRJCS124030708.D,1,20240308,147.0,HRJ,红河（软甲）,,124030708,CS124030708,HRJ,HRJ,HRJ,HRJ,HRJ,False,/home/ubuntu/sunlong/gcms_consistency_old/new_prepared_data/tensors/20240308/HRJ/0123_B01_0147_124030708.npz
B01_0148_124030708,/home/ubuntu/sunlong/gcms_consistency_old/dataset/20240308/148#HRJCS124030708.D,148#HRJCS124030708.D,1,20240308,148.0,HRJ,红河（软甲）,,124030708,CS124030708,HRJ,HRJ,HRJ,HRJ,HRJ,False,/home/ubuntu/sunlong/gcms_consistency_old/new_prepared_data/tensors/20240308/HRJ/0124_B01_0148_124030708.npz
B01_0149_124030708,/home/ubuntu/sunlong/gcms_consistency_old/dataset/20240308/149#HRJCS124030708.D,149#HRJCS124030708.D,1,20240308,149.0,HRJ,红河（软甲）,,124030708,CS124030708,HRJ,HRJ,HRJ,HRJ,HRJ,False,/home/ubuntu/sunlong/gcms_consistency_old/new_prepared_data/tensors/20240308/HRJ/0125_B01_0149_124030708.npz
B01_0150_124030708,/home/ubuntu/sunlong/gcms_consistency_old/dataset/20240308/150#HRJCS124030708.D,150#HRJCS124030708.D,1,20240308,150.0,HRJ,红河（软甲）,,124030708,CS124030708,HRJ,HRJ,HRJ,HRJ,HRJ,False,/home/ubuntu/sunlong/gcms_consistency_old/new_prepared_data/tensors/20240308/HRJ/0126_B01_0150_124030708.npz
B01_0151_124030708,/home/ubuntu/sunlong/gcms_consistency_old/dataset/20240308/151#HRJCS124030708.D,151#HRJCS124030708.D,1,20240308,151.0,HRJ,红河（软甲）,,124030708,CS124030708,HRJ,HRJ,HRJ,HRJ,HRJ,False,/home/ubuntu/sunlong/gcms_consistency_old/new_prepared_data/tensors/20240308/HRJ/0127_B01_0151_124030708.npz
B01_0152_124030708,/home/ubuntu/sunlong/gcms_consistency_old/dataset/20240308/152#HRJCS124030708.D,152#HRJCS124030708.D,1,20240308,152.0,HRJ,红河（软甲）,,124030708,CS124030708,HRJ,HRJ,HRJ,HRJ,HRJ,False,/home/ubuntu/sunlong/gcms_consistency_old/new_prepared_data/tensors/20240308/HRJ/0128_B01_0152_124030708.npz
B01_0153_124030708,/home/ubuntu/sunlong/gcms_consistency_old/dataset/20240308/153#HRJCS124030708.D,153#HRJCS124030708.D,1,20240308,153.0,HRJ,红河（软甲）,,124030708,CS124030708,HRJ,HRJ,HRJ,HRJ,HRJ,False,/home/ubuntu/sunlong/gcms_consistency_old/new_prepared_data/tensors/20240308/HRJ/0129_B01_0153_124030708.npz
B01_0154_124030708,/home/ubuntu/sunlong/gcms_consistency_old/dataset/20240308/154#HRJCS124030708.D,154#HRJCS124030708.D,1,20240308,154.0,HRJ,红河（软甲）,,124030708,CS124030708,HRJ,HRJ,HRJ,HRJ,HRJ,False,/home/ubuntu/sunlong/gcms_consistency_old/new_prepared_data/tensors/20240308/HRJ/0130_B01_0154_124030708.npz
B01_0155_124030708,/home/ubuntu/sunlong/gcms_consistency_old/dataset/20240308/155#HRJCS124030708.D,155#HRJCS124030708.D,1,20240308,155.0,HRJ,红河（软甲）,,124030708,CS124030708,HRJ,HRJ,HRJ,HRJ,HRJ,False,/home/ubuntu/sunlong/gcms_consistency_old/new_prepared_data/tensors/20240308/HRJ/0131_B01_0155_124030708.npz
B01_0156_124030708,/home/ubuntu/sunlong/gcms_consistency_old/dataset/20240308/156#HRJCS124030708.D,156#HRJCS124030708.D,1,20240308,156.0,HRJ,红河（软甲）,,124030708,CS124030708,HRJ,HRJ,HRJ,HRJ,HRJ,False,/home/ubuntu/sunlong/gcms_consistency_old/new_prepared_data/tensors/20240308/HRJ/0132_B01_0156_124030708.npz
B01_0157_124030708,/home/ubuntu/sunlong/gcms_consistency_old/dataset/20240308/157#HRJCS124030708.D,157#HRJCS124030708.D,1,20240308,157.0,HRJ,红河（软甲）,,124030708,CS124030708,HRJ,HRJ,HRJ,HRJ,HRJ,False,/home/ubuntu/sunlong/gcms_consistency_old/new_prepared_data/tensors/20240308/HRJ/0133_B01_0157_124030708.npz
B01_0158_124030708,/home/ubuntu/sunlong/gcms_consistency_old/dataset/20240308/158#HRJCS124030708.D,158#HRJCS124030708.D,1,20240308,158.0,HRJ,红河（软甲）,,124030708,CS124030708,HRJ,HRJ,HRJ,HRJ,HRJ,False,/home/ubuntu/sunlong/gcms_consistency_old/new_prepared_data/tensors/20240308/HRJ/0134_B01_0158_124030708.npz
B01_0159_124030708,/home/ubuntu/sunlong/gcms_consistency_old/dataset/20240308/159#HRJCS124030708.D,159#HRJCS124030708.D,1,20240308,159.0,HRJ,红河（软甲）,,124030708,CS124030708,HRJ,HRJ,HRJ,HRJ,HRJ,False,/home/ubuntu/sunlong/gcms_consistency_old/new_prepared_data/tensors/20240308/HRJ/0135_B01_0159_124030708.npz
B01_0160_124030708,/home/ubuntu/sunlong/gcms_consistency_old/dataset/20240308/160#HRJCS124030708.D,160#HRJCS124030708.D,1,20240308,160.0,HRJ,红河（软甲）,,124030708,CS124030708,HRJ,HRJ,HRJ,HRJ,HRJ,False,/home/ubuntu/sunlong/gcms_consistency_old/new_prepared_data/tensors/20240308/HRJ/0136_B01_0160_124030708.npz
B01_0161_124030708,/home/ubuntu/sunlong/gcms_consistency_old/dataset/20240308/161#HRJCS124030708.D,161#HRJCS124030708.D,1,20240308,161.0,HRJ,红河（软甲）,,124030708,CS124030708,HRJ,HRJ,HRJ,HRJ,HRJ,False,/home/ubuntu/sunlong/gcms_consistency_old/new_prepared_data/tensors/20240308/HRJ/0137_B01_0161_124030708.npz
B01_0162_124030708,/home/ubuntu/sunlong/gcms_consistency_old/dataset/20240308/162#HRJCS124030708.D,162#HRJCS124030708.D,1,20240308,162.0,HRJ,红河（软甲）,,124030708,CS124030708,HRJ,HRJ,HRJ,HRJ,HRJ,False,/home/ubuntu/sunlong/gcms_consistency_old/new_prepared_data/tensors/20240308/HRJ/0138_B01_0162_124030708.npz
B01_0163_124030708,/home/ubuntu/sunlong/gcms_consistency_old/dataset/20240308/163#HRJCS124030708.D,163#HRJCS124030708.D,1,20240308,163.0,HRJ,红河（软甲）,,124030708,CS124030708,HRJ,HRJ,HRJ,HRJ,HRJ,False,/home/ubuntu/sunlong/gcms_consistency_old/new_prepared_data/tensors/20240308/HRJ/0139_B01_0163_124030708.npz
B01_0164_124030708,/home/ubuntu/sunlong/gcms_consistency_old/dataset/20240308/164#HRJCS124030708.D,164#HRJCS124030708.D,1,20240308,164.0,HRJ,红河（软甲）,,124030708,CS124030708,HRJ,HRJ,HRJ,HRJ,HRJ,False,/home/ubuntu/sunlong/gcms_consistency_old/new_prepared_data/tensors/20240308/HRJ/0140_B01_0164_124030708.npz
B01_0165_124030708,/home/ubuntu/sunlong/gcms_consistency_old/dataset/20240308/165#HRJCS124030708.D,165#HRJCS124030708.D,1,20240308,165.0,HRJ,红河（软甲）,,124030708,CS124030708,HRJ,HRJ,HRJ,HRJ,HRJ,False,/home/ubuntu/sunlong/gcms_consistency_old/new_prepared_data/tensors/20240308/HRJ/0141_B01_0165_124030708.npz
B01_0166_124030802,/home/ubuntu/sunlong/gcms_consistency_old/dataset/20240308/166#HYZCS124030802.D,166#HYZCS124030802.D,1,20240308,166.0,HYZ,云烟（紫）,,124030802,CS124030802,HYZ,HYZ,HYZ,HYZ,HYZ,False,/home/ubuntu/sunlong/gcms_consistency_old/new_prepared_data/tensors/20240308/HYZ/0142_B01_0166_124030802.npz
B01_0167_124030805,/home/ubuntu/sunlong/gcms_consistency_old/dataset/20240308/167#HYZCS124030805.D,167#HYZCS124030805.D,1,20240308,167.0,HYZ,云烟（紫）,,124030805,CS124030805,HYZ,HYZ,HYZ,HYZ,HYZ,False,/home/ubuntu/sunlong/gcms_consistency_old/new_prepared_data/tensors/20240308/HYZ/0143_B01_0167_124030805.npz
B01_0168_124030812,/home/ubuntu/sunlong/gcms_consistency_old/dataset/20240308/168#HYZCS124030812.D,168#HYZCS124030812.D,1,20240308,168.0,HYZ,云烟（紫）,,124030812,CS124030812,HYZ,HYZ,HYZ,HYZ,HYZ,False,/home/ubuntu/sunlong/gcms_consistency_old/new_prepared_data/tensors/20240308/HYZ/0144_B01_0168_124030812.npz
B01_0169_124030814,/home/ubuntu/sunlong/gcms_consistency_old/dataset/20240308/169#HYZCS124030814.D,169#HYZCS124030814.D,1,20240308,169.0,HYZ,云烟（紫）,,124030814,CS124030814,HYZ,HYZ,HYZ,HYZ,HYZ,False,/home/ubuntu/sunlong/gcms_consistency_old/new_prepared_data/tensors/20240308/HYZ/0145_B01_0169_124030814.npz
B01_0170_124030817,/home/ubuntu/sunlong/gcms_consistency_old/dataset/20240308/170#HYZCS124030817.D,170#HYZCS124030817.D,1,20240308,170.0,HYZ,云烟（紫）,,124030817,CS124030817,HYZ,HYZ,HYZ,HYZ,HYZ,False,/home/ubuntu/sunlong/gcms_consistency_old/new_prepared_data/tensors/20240308/HYZ/0146_B01_0170_124030817.npz
B01_0171_124030801,/home/ubuntu/sunlong/gcms_consistency_old/dataset/20240308/171#H88CS124030801.D,171#H88CS124030801.D,1,20240308,171.0,H88,红河（88）,,124030801,CS124030801,H88,H88,H88,H88,H88,False,/home/ubuntu/sunlong/gcms_consistency_old/new_prepared_data/tensors/20240308/H88/0147_B01_0171_124030801.npz
B01_0172_124030804,/home/ubuntu/sunlong/gcms_consistency_old/dataset/20240308/172#H88CS124030804.D,172#H88CS124030804.D,1,20240308,172.0,H88,红河（88）,,124030804,CS124030804,H88,H88,H88,H88,H88,False,/home/ubuntu/sunlong/gcms_consistency_old/new_prepared_data/tensors/20240308/H88/0148_B01_0172_124030804.npz
B01_0173_124030801,/home/ubuntu/sunlong/gcms_consistency_old/dataset/20240308/173#H88CS124030801.D,173#H88CS124030801.D,1,20240308,173.0,H88,红河（88）,,124030801,CS124030801,H88,H88,H88,H88,H88,False,/home/ubuntu/sunlong/gcms_consistency_old/new_prepared_data/tensors/20240308/H88/0149_B01_0173_124030801.npz
B02_0170_124030817,/home/ubuntu/sunlong/gcms_consistency_old/dataset/20240312/170#HYZCS124030817（复检）.D,170#HYZCS124030817（复检）.D,2,20240312,170.0,HYZ,云烟（紫）,,124030817,CS124030817（复检）,HYZ,HYZ,HYZ,HYZ,HYZ,False,/home/ubuntu/sunlong/gcms_consistency_old/new_prepared_data/tensors/20240312/HYZ/0150_B02_0170_124030817.npz
B02_0171_124030801,/home/ubuntu/sunlong/gcms_consistency_old/dataset/20240312/171#H88CS124030801（复检）.D,171#H88CS124030801（复检）.D,2,20240312,171.0,H88,红河（88）,,124030801,CS124030801（复检）,H88,H88,H88,H88,H88,False,/home/ubuntu/sunlong/gcms_consistency_old/new_prepared_data/tensors/20240312/H88/0151_B02_0171_124030801.npz
B02_0174_124030809,/home/ubuntu/sunlong/gcms_consistency_old/dataset/20240312/174#H88CS124030809.D,174#H88CS124030809.D,2,20240312,174.0,H88,红河（88）,,124030809,CS124030809,H88,H88,H88,H88,H88,False,/home/ubuntu/sunlong/gcms_consistency_old/new_prepared_data/tensors/20240312/H88/0152_B02_0174_124030809.npz
B02_0175_124030813,/home/ubuntu/sunlong/gcms_consistency_old/dataset/20240312/175#H88CS124030813.D,175#H88CS124030813.D,2,20240312,175.0,H88,红河（88）,,124030813,CS124030813,H88,H88,H88,H88,H88,False,/home/ubuntu/sunlong/gcms_consistency_old/new_prepared_data/tensors/20240312/H88/0153_B02_0175_124030813.npz
B02_0176_124030816,/home/ubuntu/sunlong/gcms_consistency_old/dataset/20240312/176#H99CS124030816.D,176#H99CS124030816.D,2,20240312,176.0,H99,红河（99）,,124030816,CS124030816,H99,H99,H99,H99,H99,False,/home/ubuntu/sunlong/gcms_consistency_old/new_prepared_data/tensors/20240312/H99/0154_B02_0176_124030816.npz
B02_0177_124030808,/home/ubuntu/sunlong/gcms_consistency_old/dataset/20240312/177#HRYCS124030808.D,177#HRYCS124030808.D,2,20240312,177.0,HRY,云烟（软如意）,,124030808,CS124030808,HRY,HRY,HRY,HRY,HRY,False,/home/ubuntu/sunlong/gcms_consistency_old/new_prepared_data/tensors/20240312/HRY/0155_B02_0177_124030808.npz
B02_0178_124030808,/home/ubuntu/sunlong/gcms_consistency_old/dataset/20240312/178#HRYCS124030808.D,178#HRYCS124030808.D,2,20240312,178.0,HRY,云烟（软如意）,,124030808,CS124030808,HRY,HRY,HRY,HRY,HRY,False,/home/ubuntu/sunlong/gcms_consistency_old/new_prepared_data/tensors/20240312/HRY/0156_B02_0178_124030808.npz
B02_0179_124030808,/home/ubuntu/sunlong/gcms_consistency_old/dataset/20240312/179#HRYCS124030808.D,179#HRYCS124030808.D,2,20240312,179.0,HRY,云烟（软如意）,,124030808,CS124030808,HRY,HRY,HRY,HRY,HRY,False,/home/ubuntu/sunlong/gcms_consistency_old/new_prepared_data/tensors/20240312/HRY/0157_B02_0179_124030808.npz
B02_0180_124030808,/home/ubuntu/sunlong/gcms_consistency_old/dataset/20240312/180#HRYCS124030808.D,180#HRYCS124030808.D,2,20240312,180.0,HRY,云烟（软如意）,,124030808,CS124030808,HRY,HRY,HRY,HRY,HRY,False,/home/ubuntu/sunlong/gcms_consistency_old/new_prepared_data/tensors/20240312/HRY/0158_B02_0180_124030808.npz
B02_0181_124030808,/home/ubuntu/sunlong/gcms_consistency_old/dataset/20240312/181#HRYCS124030808.D,181#HRYCS124030808.D,2,20240312,181.0,HRY,云烟（软如意）,,124030808,CS124030808,HRY,HRY,HRY,HRY,HRY,False,/home/ubuntu/sunlong/gcms_consistency_old/new_prepared_data/tensors/20240312/HRY/0159_B02_0181_124030808.npz
B02_0182_124030808,/home/ubuntu/sunlong/gcms_consistency_old/dataset/20240312/182#HRYCS124030808.D,182#HRYCS124030808.D,2,20240312,182.0,HRY,云烟（软如意）,,124030808,CS124030808,HRY,HRY,HRY,HRY,HRY,False,/home/ubuntu/sunlong/gcms_consistency_old/new_prepared_data/tensors/20240312/HRY/0160_B02_0182_124030808.npz
B02_0183_124030811,/home/ubuntu/sunlong/gcms_consistency_old/dataset/20240312/183#HRYCS124030811.D,183#HRYCS124030811.D,2,20240312,183.0,HRY,云烟（软如意）,,124030811,CS124030811,HRY,HRY,HRY,HRY,HRY,False,/home/ubuntu/sunlong/gcms_consistency_old/new_prepared_data/tensors/20240312/HRY/0161_B02_0183_124030811.npz
B02_0184_124030811,/home/ubuntu/sunlong/gcms_consistency_old/dataset/20240312/184#HRYCS124030811.D,184#HRYCS124030811.D,2,20240312,184.0,HRY,云烟（软如意）,,124030811,CS124030811,HRY,HRY,HRY,HRY,HRY,False,/home/ubuntu/sunlong/gcms_consistency_old/new_prepared_data/tensors/20240312/HRY/0162_B02_0184_124030811.npz
B02_0185_124030811,/home/ubuntu/sunlong/gcms_consistency_old/dataset/20240312/185#HRYCS124030811.D,185#HRYCS124030811.D,2,20240312,185.0,HRY,云烟（软如意）,,124030811,CS124030811,HRY,HRY,HRY,HRY,HRY,False,/home/ubuntu/sunlong/gcms_consistency_old/new_prepared_data/tensors/20240312/HRY/0163_B02_0185_124030811.npz
B02_0186_124030811,/home/ubuntu/sunlong/gcms_consistency_old/dataset/20240312/186#HRYCS124030811.D,186#HRYCS124030811.D,2,20240312,186.0,HRY,云烟（软如意）,,124030811,CS124030811,HRY,HRY,HRY,HRY,HRY,False,/home/ubuntu/sunlong/gcms_consistency_old/new_prepared_data/tensors/20240312/HRY/0164_B02_0186_124030811.npz
B02_0187_124030811,/home/ubuntu/sunlong/gcms_consistency_old/dataset/20240312/187#HRYCS124030811.D,187#HRYCS124030811.D,2,20240312,187.0,HRY,云烟（软如意）,,124030811,CS124030811,HRY,HRY,HRY,HRY,HRY,False,/home/ubuntu/sunlong/gcms_consistency_old/new_prepared_data/tensors/20240312/HRY/0165_B02_0187_124030811.npz
B02_0188_124030811,/home/ubuntu/sunlong/gcms_consistency_old/dataset/20240312/188#HRYCS124030811.D,188#HRYCS124030811.D,2,20240312,188.0,HRY,云烟（软如意）,,124030811,CS124030811,HRY,HRY,HRY,HRY,HRY,False,/home/ubuntu/sunlong/gcms_consistency_old/new_prepared_data/tensors/20240312/HRY/0166_B02_0188_124030811.npz
B02_0207_124030815,/home/ubuntu/sunlong/gcms_consistency_old/dataset/20240312/207#HRJCS124030815.D,207#HRJCS124030815.D,2,20240312,207.0,HRJ,红河（软甲）,,124030815,CS124030815,HRJ,HRJ,HRJ,HRJ,HRJ,False,/home/ubuntu/sunlong/gcms_consistency_old/new_prepared_data/tensors/20240312/HRJ/0167_B02_0207_124030815.npz
B02_0208_124030815,/home/ubuntu/sunlong/gcms_consistency_old/dataset/20240312/208#HRJCS124030815.D,208#HRJCS124030815.D,2,20240312,208.0,HRJ,红河（软甲）,,124030815,CS124030815,HRJ,HRJ,HRJ,HRJ,HRJ,False,/home/ubuntu/sunlong/gcms_consistency_old/new_prepared_data/tensors/20240312/HRJ/0168_B02_0208_124030815.npz
B02_0209_124030815,/home/ubuntu/sunlong/gcms_consistency_old/dataset/20240312/209#HRJCS124030815.D,209#HRJCS124030815.D,2,20240312,209.0,HRJ,红河（软甲）,,124030815,CS124030815,HRJ,HRJ,HRJ,HRJ,HRJ,False,/home/ubuntu/sunlong/gcms_consistency_old/new_prepared_data/tensors/20240312/HRJ/0169_B02_0209_124030815.npz
B02_0210_124030815,/home/ubuntu/sunlong/gcms_consistency_old/dataset/20240312/210#HRJCS124030815.D,210#HRJCS124030815.D,2,20240312,210.0,HRJ,红河（软甲）,,124030815,CS124030815,HRJ,HRJ,HRJ,HRJ,HRJ,False,/home/ubuntu/sunlong/gcms_consistency_old/new_prepared_data/tensors/20240312/HRJ/0170_B02_0210_124030815.npz
B02_0211_124030815,/home/ubuntu/sunlong/gcms_consistency_old/dataset/20240312/211#HRJCS124030815.D,211#HRJCS124030815.D,2,20240312,211.0,HRJ,红河（软甲）,,124030815,CS124030815,HRJ,HRJ,HRJ,HRJ,HRJ,False,/home/ubuntu/sunlong/gcms_consistency_old/new_prepared_data/tensors/20240312/HRJ/0171_B02_0211_124030815.npz
B02_0212_124030815,/home/ubuntu/sunlong/gcms_consistency_old/dataset/20240312/212#HRJCS124030815.D,212#HRJCS124030815.D,2,20240312,212.0,HRJ,红河（软甲）,,124030815,CS124030815,HRJ,HRJ,HRJ,HRJ,HRJ,False,/home/ubuntu/sunlong/gcms_consistency_old/new_prepared_data/tensors/20240312/HRJ/0172_B02_0212_124030815.npz
B02_0213_124031102,/home/ubuntu/sunlong/gcms_consistency_old/dataset/20240312/213#HYZCS124031102.D,213#HYZCS124031102.D,2,20240312,213.0,HYZ,云烟（紫）,,124031102,CS124031102,HYZ,HYZ,HYZ,HYZ,HYZ,False,/home/ubuntu/sunlong/gcms_consistency_old/new_prepared_data/tensors/20240312/HYZ/0173_B02_0213_124031102.npz
B02_0214_124031105,/home/ubuntu/sunlong/gcms_consistency_old/dataset/20240312/214#HYZCS124031105.D,214#HYZCS124031105.D,2,20240312,214.0,HYZ,云烟（紫）,,124031105,CS124031105,HYZ,HYZ,HYZ,HYZ,HYZ,False,/home/ubuntu/sunlong/gcms_consistency_old/new_prepared_data/tensors/20240312/HYZ/0174_B02_0214_124031105.npz
B02_0215_124031109,/home/ubuntu/sunlong/gcms_consistency_old/dataset/20240312/215#HYZCS124031109.D,215#HYZCS124031109.D,2,20240312,215.0,HYZ,云烟（紫）,,124031109,CS124031109,HYZ,HYZ,HYZ,HYZ,HYZ,False,/home/ubuntu/sunlong/gcms_consistency_old/new_prepared_data/tensors/20240312/HYZ/0175_B02_0215_124031109.npz
B02_0216_124031112,/home/ubuntu/sunlong/gcms_consistency_old/dataset/20240312/216#HYZCS124031112.D,216#HYZCS124031112.D,2,20240312,216.0,HYZ,云烟（紫）,,124031112,CS124031112,HYZ,HYZ,HYZ,HYZ,HYZ,False,/home/ubuntu/sunlong/gcms_consistency_old/new_prepared_data/tensors/20240312/HYZ/0176_B02_0216_124031112.npz
B02_0217_124031115,/home/ubuntu/sunlong/gcms_consistency_old/dataset/20240312/217#HYZCS124031115.D,217#HYZCS124031115.D,2,20240312,217.0,HYZ,云烟（紫）,,124031115,CS124031115,HYZ,HYZ,HYZ,HYZ,HYZ,False,/home/ubuntu/sunlong/gcms_consistency_old/new_prepared_data/tensors/20240312/HYZ/0177_B02_0217_124031115.npz
B02_0218_124031101,/home/ubuntu/sunlong/gcms_consistency_old/dataset/20240312/218#H88CS124031101.D,218#H88CS124031101.D,2,20240312,218.0,H88,红河（88）,,124031101,CS124031101,H88,H88,H88,H88,H88,False,/home/ubuntu/sunlong/gcms_consistency_old/new_prepared_data/tensors/20240312/H88/0178_B02_0218_124031101.npz
B02_0219_124031104,/home/ubuntu/sunlong/gcms_consistency_old/dataset/20240312/219#H88CS124031104.D,219#H88CS124031104.D,2,20240312,219.0,H88,红河（88）,,124031104,CS124031104,H88,H88,H88,H88,H88,False,/home/ubuntu/sunlong/gcms_consistency_old/new_prepared_data/tensors/20240312/H88/0179_B02_0219_124031104.npz
B02_0219_124031104,/home/ubuntu/sunlong/gcms_consistency_old/dataset/20240312/219#H88CS124031104（复检）.D,219#H88CS124031104（复检）.D,2,20240312,219.0,H88,红河（88）,,124031104,CS124031104（复检）,H88,H88,H88,H88,H88,False,/home/ubuntu/sunlong/gcms_consistency_old/new_prepared_data/tensors/20240312/H88/0180_B02_0219_124031104.npz
B02_0220_124031113,/home/ubuntu/sunlong/gcms_consistency_old/dataset/20240312/220#H88CS124031113.D,220#H88CS124031113.D,2,20240312,220.0,H88,红河（88）,,124031113,CS124031113,H88,H88,H88,H88,H88,False,/home/ubuntu/sunlong/gcms_consistency_old/new_prepared_data/tensors/20240312/H88/0181_B02_0220_124031113.npz
B02_0221_124031103,/home/ubuntu/sunlong/gcms_consistency_old/dataset/20240312/221#H99CS124031103.D,221#H99CS124031103.D,2,20240312,221.0,H99,红河（99）,,124031103,CS124031103,H99,H99,H99,H99,H99,False,/home/ubuntu/sunlong/gcms_consistency_old/new_prepared_data/tensors/20240312/H99/0182_B02_0221_124031103.npz
B02_0222_124031106,/home/ubuntu/sunlong/gcms_consistency_old/dataset/20240312/222#H99CS124031106.D,222#H99CS124031106.D,2,20240312,222.0,H99,红河（99）,,124031106,CS124031106,H99,H99,H99,H99,H99,False,/home/ubuntu/sunlong/gcms_consistency_old/new_prepared_data/tensors/20240312/H99/0183_B02_0222_124031106.npz
B02_0230_124031108,/home/ubuntu/sunlong/gcms_consistency_old/dataset/20240312/230#HRYCS124031108.D,230#HRYCS124031108.D,2,20240312,230.0,HRY,云烟（软如意）,,124031108,CS124031108,HRY,HRY,HRY,HRY,HRY,False,/home/ubuntu/sunlong/gcms_consistency_old/new_prepared_data/tensors/20240312/HRY/0184_B02_0230_124031108.npz
B02_0231_124031108,/home/ubuntu/sunlong/gcms_consistency_old/dataset/20240312/231#HRYCS124031108.D,231#HRYCS124031108.D,2,20240312,231.0,HRY,云烟（软如意）,,124031108,CS124031108,HRY,HRY,HRY,HRY,HRY,False,/home/ubuntu/sunlong/gcms_consistency_old/new_prepared_data/tensors/20240312/HRY/0185_B02_0231_124031108.npz
B02_0232_124031108,/home/ubuntu/sunlong/gcms_consistency_old/dataset/20240312/232#HRYCS124031108.D,232#HRYCS124031108.D,2,20240312,232.0,HRY,云烟（软如意）,,124031108,CS124031108,HRY,HRY,HRY,HRY,HRY,False,/home/ubuntu/sunlong/gcms_consistency_old/new_prepared_data/tensors/20240312/HRY/0186_B02_0232_124031108.npz
B02_0233_124031110,/home/ubuntu/sunlong/gcms_consistency_old/dataset/20240312/233#HRJCS124031110.D,233#HRJCS124031110.D,2,20240312,233.0,HRJ,红河（软甲）,,124031110,CS124031110,HRJ,HRJ,HRJ,HRJ,HRJ,False,/home/ubuntu/sunlong/gcms_consistency_old/new_prepared_data/tensors/20240312/HRJ/0187_B02_0233_124031110.npz
B02_0234_124031110,/home/ubuntu/sunlong/gcms_consistency_old/dataset/20240312/234#HRJCS124031110.D,234#HRJCS124031110.D,2,20240312,234.0,HRJ,红河（软甲）,,124031110,CS124031110,HRJ,HRJ,HRJ,HRJ,HRJ,False,/home/ubuntu/sunlong/gcms_consistency_old/new_prepared_data/tensors/20240312/HRJ/0188_B02_0234_124031110.npz
B02_0235_124031110,/home/ubuntu/sunlong/gcms_consistency_old/dataset/20240312/235#HRJCS124031110.D,235#HRJCS124031110.D,2,20240312,235.0,HRJ,红河（软甲）,,124031110,CS124031110,HRJ,HRJ,HRJ,HRJ,HRJ,False,/home/ubuntu/sunlong/gcms_consistency_old/new_prepared_data/tensors/20240312/HRJ/0189_B02_0235_124031110.npz
B02_0236_124031201,/home/ubuntu/sunlong/gcms_consistency_old/dataset/20240312/236#HYZCS124031201.D,236#HYZCS124031201.D,2,20240312,236.0,HYZ,云烟（紫）,,124031201,CS124031201,HYZ,HYZ,HYZ,HYZ,HYZ,False,/home/ubuntu/sunlong/gcms_consistency_old/new_prepared_data/tensors/20240312/HYZ/0190_B02_0236_124031201.npz
B02_0237_424031201,/home/ubuntu/sunlong/gcms_consistency_old/dataset/20240312/237#HYZCS424031201.D,237#HYZCS424031201.D,2,20240312,237.0,HYZ,云烟（紫）,,424031201,CS424031201,HYZ,HYZ,HYZ,HYZ,HYZ,False,/home/ubuntu/sunlong/gcms_consistency_old/new_prepared_data/tensors/20240312/HYZ/0191_B02_0237_424031201.npz
B02_0238_124031204,/home/ubuntu/sunlong/gcms_consistency_old/dataset/20240312/238#HYZCS124031204.D,238#HYZCS124031204.D,2,20240312,238.0,HYZ,云烟（紫）,,124031204,CS124031204,HYZ,HYZ,HYZ,HYZ,HYZ,False,/home/ubuntu/sunlong/gcms_consistency_old/new_prepared_data/tensors/20240312/HYZ/0192_B02_0238_124031204.npz
B02_0239_124031206,/home/ubuntu/sunlong/gcms_consistency_old/dataset/20240312/239#HYZCS124031206.D,239#HYZCS124031206.D,2,20240312,239.0,HYZ,云烟（紫）,,124031206,CS124031206,HYZ,HYZ,HYZ,HYZ,HYZ,False,/home/ubuntu/sunlong/gcms_consistency_old/new_prepared_data/tensors/20240312/HYZ/0193_B02_0239_124031206.npz
B02_0240_124031208,/home/ubuntu/sunlong/gcms_consistency_old/dataset/20240312/240#HYZCS124031208.D,240#HYZCS124031208.D,2,20240312,240.0,HYZ,云烟（紫）,,124031208,CS124031208,HYZ,HYZ,HYZ,HYZ,HYZ,False,/home/ubuntu/sunlong/gcms_consistency_old/new_prepared_data/tensors/20240312/HYZ/0194_B02_0240_124031208.npz
B02_0241_124031210,/home/ubuntu/sunlong/gcms_consistency_old/dataset/20240312/241#HYZCS124031210.D,241#HYZCS124031210.D,2,20240312,241.0,HYZ,云烟（紫）,,124031210,CS124031210,HYZ,HYZ,HYZ,HYZ,HYZ,False,/home/ubuntu/sunlong/gcms_consistency_old/new_prepared_data/tensors/20240312/HYZ/0195_B02_0241_124031210.npz
B02_0242_124031212,/home/ubuntu/sunlong/gcms_consistency_old/dataset/20240312/242#HYZCS124031212.D,242#HYZCS124031212.D,2,20240312,242.0,HYZ,云烟（紫）,,124031212,CS124031212,HYZ,HYZ,HYZ,HYZ,HYZ,False,/home/ubuntu/sunlong/gcms_consistency_old/new_prepared_data/tensors/20240312/HYZ/0196_B02_0242_124031212.npz
B02_0243_124031203,/home/ubuntu/sunlong/gcms_consistency_old/dataset/20240312/243#H88CS124031203.D,243#H88CS124031203.D,2,20240312,243.0,H88,红河（88）,,124031203,CS124031203,H88,H88,H88,H88,H88,False,/home/ubuntu/sunlong/gcms_consistency_old/new_prepared_data/tensors/20240312/H88/0197_B02_0243_124031203.npz
B02_0244_124031209,/home/ubuntu/sunlong/gcms_consistency_old/dataset/20240312/244#H88CS124031209.D,244#H88CS124031209.D,2,20240312,244.0,H88,红河（88）,,124031209,CS124031209,H88,H88,H88,H88,H88,False,/home/ubuntu/sunlong/gcms_consistency_old/new_prepared_data/tensors/20240312/H88/0198_B02_0244_124031209.npz
B02_0245_124031205,/home/ubuntu/sunlong/gcms_consistency_old/dataset/20240312/245#H99CS124031205.D,245#H99CS124031205.D,2,20240312,245.0,H99,红河（99）,,124031205,CS124031205,H99,H99,H99,H99,H99,False,/home/ubuntu/sunlong/gcms_consistency_old/new_prepared_data/tensors/20240312/H99/0199_B02_0245_124031205.npz
B02_0246_124031202,/home/ubuntu/sunlong/gcms_consistency_old/dataset/20240312/246#H99CS124031202.D,246#H99CS124031202.D,2,20240312,246.0,H99,红河（99）,,124031202,CS124031202,H99,H99,H99,H99,H99,False,/home/ubuntu/sunlong/gcms_consistency_old/new_prepared_data/tensors/20240312/H99/0200_B02_0246_124031202.npz
B02_0247_124031207,/home/ubuntu/sunlong/gcms_consistency_old/dataset/20240312/247#H99CS124031207.D,247#H99CS124031207.D,2,20240312,247.0,H99,红河（99）,,124031207,CS124031207,H99,H99,H99,H99,H99,False,/home/ubuntu/sunlong/gcms_consistency_old/new_prepared_data/tensors/20240312/H99/0201_B02_0247_124031207.npz
B02_0250_124031201,/home/ubuntu/sunlong/gcms_consistency_old/dataset/20240312/250#HRJCS124031201.D,250#HRJCS124031201.D,2,20240312,250.0,HRJ,红河（软甲）,,124031201,CS124031201,HRJ,HRJ,HRJ,HRJ,HRJ,False,/home/ubuntu/sunlong/gcms_consistency_old/new_prepared_data/tensors/20240312/HRJ/0202_B02_0250_124031201.npz
B02_0251_124031201,/home/ubuntu/sunlong/gcms_consistency_old/dataset/20240312/251#HRJCS124031201.D,251#HRJCS124031201.D,2,20240312,251.0,HRJ,红河（软甲）,,124031201,CS124031201,HRJ,HRJ,HRJ,HRJ,HRJ,False,/home/ubuntu/sunlong/gcms_consistency_old/new_prepared_data/tensors/20240312/HRJ/0203_B02_0251_124031201.npz
B02_0252_124031201,/home/ubuntu/sunlong/gcms_consistency_old/dataset/20240312/252#HRJCS124031201.D,252#HRJCS124031201.D,2,20240312,252.0,HRJ,红河（软甲）,,124031201,CS124031201,HRJ,HRJ,HRJ,HRJ,HRJ,False,/home/ubuntu/sunlong/gcms_consistency_old/new_prepared_data/tensors/20240312/HRJ/0204_B02_0252_124031201.npz
B02_0253_124031302,/home/ubuntu/sunlong/gcms_consistency_old/dataset/20240312/253#HYZCS124031302.D,253#HYZCS124031302.D,2,20240312,253.0,HYZ,云烟（紫）,,124031302,CS124031302,HYZ,HYZ,HYZ,HYZ,HYZ,False,/home/ubuntu/sunlong/gcms_consistency_old/new_prepared_data/tensors/20240312/HYZ/0205_B02_0253_124031302.npz
B02_0254_124031305,/home/ubuntu/sunlong/gcms_consistency_old/dataset/20240312/254#HYZCS124031305.D,254#HYZCS124031305.D,2,20240312,254.0,HYZ,云烟（紫）,,124031305,CS124031305,HYZ,HYZ,HYZ,HYZ,HYZ,False,/home/ubuntu/sunlong/gcms_consistency_old/new_prepared_data/tensors/20240312/HYZ/0206_B02_0254_124031305.npz
B02_0255_124031311,/home/ubuntu/sunlong/gcms_consistency_old/dataset/20240312/255#HYZCS124031311.D,255#HYZCS124031311.D,2,20240312,255.0,HYZ,云烟（紫）,,124031311,CS124031311,HYZ,HYZ,HYZ,HYZ,HYZ,False,/home/ubuntu/sunlong/gcms_consistency_old/new_prepared_data/tensors/20240312/HYZ/0207_B02_0255_124031311.npz
B02_0256_124031313,/home/ubuntu/sunlong/gcms_consistency_old/dataset/20240312/256#HYZCS124031313.D,256#HYZCS124031313.D,2,20240312,256.0,HYZ,云烟（紫）,,124031313,CS124031313,HYZ,HYZ,HYZ,HYZ,HYZ,False,/home/ubuntu/sunlong/gcms_consistency_old/new_prepared_data/tensors/20240312/HYZ/0208_B02_0256_124031313.npz
B02_0257_124031308,/home/ubuntu/sunlong/gcms_consistency_old/dataset/20240312/257#HRYCS124031308.D,257#HRYCS124031308.D,2,20240312,257.0,HRY,云烟（软如意）,,124031308,CS124031308,HRY,HRY,HRY,HRY,HRY,False,/home/ubuntu/sunlong/gcms_consistency_old/new_prepared_data/tensors/20240312/HRY/0209_B02_0257_124031308.npz
B02_0258_124031310,/home/ubuntu/sunlong/gcms_consistency_old/dataset/20240312/258#HRYCS124031310.D,258#HRYCS124031310.D,2,20240312,258.0,HRY,云烟（软如意）,,124031310,CS124031310,HRY,HRY,HRY,HRY,HRY,False,/home/ubuntu/sunlong/gcms_consistency_old/new_prepared_data/tensors/20240312/HRY/0210_B02_0258_124031310.npz
B02_0259_124031301,/home/ubuntu/sunlong/gcms_consistency_old/dataset/20240312/259#H88CS124031301.D,259#H88CS124031301.D,2,20240312,259.0,H88,红河（88）,,124031301,CS124031301,H88,H88,H88,H88,H88,False,/home/ubuntu/sunlong/gcms_consistency_old/new_prepared_data/tensors/20240312/H88/0211_B02_0259_124031301.npz
B02_0260_524031301,/home/ubuntu/sunlong/gcms_consistency_old/dataset/20240312/260#H88CS524031301.D,260#H88CS524031301.D,2,20240312,260.0,H88,红河（88）,,524031301,CS524031301,H88,H88,H88,H88,H88,False,/home/ubuntu/sunlong/gcms_consistency_old/new_prepared_data/tensors/20240312/H88/0212_B02_0260_524031301.npz
B02_0261_524031303,/home/ubuntu/sunlong/gcms_consistency_old/dataset/20240312/261#H88CS524031303.D,261#H88CS524031303.D,2,20240312,261.0,H88,红河（88）,,524031303,CS524031303,H88,H88,H88,H88,H88,False,/home/ubuntu/sunlong/gcms_consistency_old/new_prepared_data/tensors/20240312/H88/0213_B02_0261_524031303.npz
B02_0262_524031304,/home/ubuntu/sunlong/gcms_consistency_old/dataset/20240312/262#H88CS524031304.D,262#H88CS524031304.D,2,20240312,262.0,H88,红河（88）,,524031304,CS524031304,H88,H88,H88,H88,H88,False,/home/ubuntu/sunlong/gcms_consistency_old/new_prepared_data/tensors/20240312/H88/0214_B02_0262_524031304.npz
B02_0263_124031306,/home/ubuntu/sunlong/gcms_consistency_old/dataset/20240312/263#H88CS124031306.D,263#H88CS124031306.D,2,20240312,263.0,H88,红河（88）,,124031306,CS124031306,H88,H88,H88,H88,H88,False,/home/ubuntu/sunlong/gcms_consistency_old/new_prepared_data/tensors/20240312/H88/0215_B02_0263_124031306.npz
B02_0264_124031312,/home/ubuntu/sunlong/gcms_consistency_old/dataset/20240312/264#H99CS124031312.D,264#H99CS124031312.D,2,20240312,264.0,H99,红河（99）,,124031312,CS124031312,H99,H99,H99,H99,H99,False,/home/ubuntu/sunlong/gcms_consistency_old/new_prepared_data/tensors/20240312/H99/0216_B02_0264_124031312.npz
B02_0267_124031402,/home/ubuntu/sunlong/gcms_consistency_old/dataset/20240312/267#HYZCS124031402.D,267#HYZCS124031402.D,2,20240312,267.0,HYZ,云烟（紫）,,124031402,CS124031402,HYZ,HYZ,HYZ,HYZ,HYZ,False,/home/ubuntu/sunlong/gcms_consistency_old/new_prepared_data/tensors/20240312/HYZ/0217_B02_0267_124031402.npz
B02_0268_124031405,/home/ubuntu/sunlong/gcms_consistency_old/dataset/20240312/268#HYZCS124031405.D,268#HYZCS124031405.D,2,20240312,268.0,HYZ,云烟（紫）,,124031405,CS124031405,HYZ,HYZ,HYZ,HYZ,HYZ,False,/home/ubuntu/sunlong/gcms_consistency_old/new_prepared_data/tensors/20240312/HYZ/0218_B02_0268_124031405.npz
B02_0269_124031411,/home/ubuntu/sunlong/gcms_consistency_old/dataset/20240312/269#HYZCS124031411.D,269#HYZCS124031411.D,2,20240312,269.0,HYZ,云烟（紫）,,124031411,CS124031411,HYZ,HYZ,HYZ,HYZ,HYZ,False,/home/ubuntu/sunlong/gcms_consistency_old/new_prepared_data/tensors/20240312/HYZ/0219_B02_0269_124031411.npz
B02_0270_124031414,/home/ubuntu/sunlong/gcms_consistency_old/dataset/20240312/270#HYZCS124031414.D,270#HYZCS124031414.D,2,20240312,270.0,HYZ,云烟（紫）,,124031414,CS124031414,HYZ,HYZ,HYZ,HYZ,HYZ,False,/home/ubuntu/sunlong/gcms_consistency_old/new_prepared_data/tensors/20240312/HYZ/0220_B02_0270_124031414.npz
B02_0271_124031401,/home/ubuntu/sunlong/gcms_consistency_old/dataset/20240312/271#H88CS124031401.D,271#H88CS124031401.D,2,20240312,271.0,H88,红河（88）,,124031401,CS124031401,H88,H88,H88,H88,H88,False,/home/ubuntu/sunlong/gcms_consistency_old/new_prepared_data/tensors/20240312/H88/0221_B02_0271_124031401.npz
B02_0272_124031404,/home/ubuntu/sunlong/gcms_consistency_old/dataset/20240312/272#H88CS124031404.D,272#H88CS124031404.D,2,20240312,272.0,H88,红河（88）,,124031404,CS124031404,H88,H88,H88,H88,H88,False,/home/ubuntu/sunlong/gcms_consistency_old/new_prepared_data/tensors/20240312/H88/0222_B02_0272_124031404.npz
B02_0273_124031406,/home/ubuntu/sunlong/gcms_consistency_old/dataset/20240312/273#H88CS124031406.D,273#H88CS124031406.D,2,20240312,273.0,H88,红河（88）,,124031406,CS124031406,H88,H88,H88,H88,H88,False,/home/ubuntu/sunlong/gcms_consistency_old/new_prepared_data/tensors/20240312/H88/0223_B02_0273_124031406.npz
B02_0274_124031407,/home/ubuntu/sunlong/gcms_consistency_old/dataset/20240312/274#H88CS124031407.D,274#H88CS124031407.D,2,20240312,274.0,H88,红河（88）,,124031407,CS124031407,H88,H88,H88,H88,H88,False,/home/ubuntu/sunlong/gcms_consistency_old/new_prepared_data/tensors/20240312/H88/0224_B02_0274_124031407.npz
B02_0275_124031409,/home/ubuntu/sunlong/gcms_consistency_old/dataset/20240312/275#H88CS124031409.D,275#H88CS124031409.D,2,20240312,275.0,H88,红河（88）,,124031409,CS124031409,H88,H88,H88,H88,H88,False,/home/ubuntu/sunlong/gcms_consistency_old/new_prepared_data/tensors/20240312/H88/0225_B02_0275_124031409.npz
B02_0276_124031403,/home/ubuntu/sunlong/gcms_consistency_old/dataset/20240312/276#H88CS124031403.D,276#H88CS124031403.D,2,20240312,276.0,H88,红河（88）,,124031403,CS124031403,H88,H88,H88,H88,H88,False,/home/ubuntu/sunlong/gcms_consistency_old/new_prepared_data/tensors/20240312/H88/0226_B02_0276_124031403.npz
B02_0277_124031415,/home/ubuntu/sunlong/gcms_consistency_old/dataset/20240312/277#H99CS124031415.D,277#H99CS124031415.D,2,20240312,277.0,H99,红河（99）,,124031415,CS124031415,H99,H99,H99,H99,H99,False,/home/ubuntu/sunlong/gcms_consistency_old/new_prepared_data/tensors/20240312/H99/0227_B02_0277_124031415.npz
B02_0281_124031412,/home/ubuntu/sunlong/gcms_consistency_old/dataset/20240312/281#HRJCS124031412.D,281#HRJCS124031412.D,2,20240312,281.0,HRJ,红河（软甲）,,124031412,CS124031412,HRJ,HRJ,HRJ,HRJ,HRJ,False,/home/ubuntu/sunlong/gcms_consistency_old/new_prepared_data/tensors/20240312/HRJ/0228_B02_0281_124031412.npz
B03_0282_124031501,/home/ubuntu/sunlong/gcms_consistency_old/dataset/20240319/282#HYZCS124031501.D,282#HYZCS124031501.D,3,20240319,282.0,HYZ,云烟（紫）,,124031501,CS124031501,HYZ,HYZ,HYZ,HYZ,HYZ,False,/home/ubuntu/sunlong/gcms_consistency_old/new_prepared_data/tensors/20240319/HYZ/0229_B03_0282_124031501.npz
B03_0283_424031501,/home/ubuntu/sunlong/gcms_consistency_old/dataset/20240319/283#HYZCS424031501.D,283#HYZCS424031501.D,3,20240319,283.0,HYZ,云烟（紫）,,424031501,CS424031501,HYZ,HYZ,HYZ,HYZ,HYZ,False,/home/ubuntu/sunlong/gcms_consistency_old/new_prepared_data/tensors/20240319/HYZ/0230_B03_0283_424031501.npz
B03_0284_424031501,/home/ubuntu/sunlong/gcms_consistency_old/dataset/20240319/284#HYZCS424031501.D,284#HYZCS424031501.D,3,20240319,284.0,HYZ,云烟（紫）,,424031501,CS424031501,HYZ,HYZ,HYZ,HYZ,HYZ,False,/home/ubuntu/sunlong/gcms_consistency_old/new_prepared_data/tensors/20240319/HYZ/0231_B03_0284_424031501.npz
B03_0285_424031502,/home/ubuntu/sunlong/gcms_consistency_old/dataset/20240319/285#HYZCS424031502.D,285#HYZCS424031502.D,3,20240319,285.0,HYZ,云烟（紫）,,424031502,CS424031502,HYZ,HYZ,HYZ,HYZ,HYZ,False,/home/ubuntu/sunlong/gcms_consistency_old/new_prepared_data/tensors/20240319/HYZ/0232_B03_0285_424031502.npz
B03_0286_424031502,/home/ubuntu/sunlong/gcms_consistency_old/dataset/20240319/286#HYZCS424031502.D,286#HYZCS424031502.D,3,20240319,286.0,HYZ,云烟（紫）,,424031502,CS424031502,HYZ,HYZ,HYZ,HYZ,HYZ,False,/home/ubuntu/sunlong/gcms_consistency_old/new_prepared_data/tensors/20240319/HYZ/0233_B03_0286_424031502.npz
B03_0287_124031504,/home/ubuntu/sunlong/gcms_consistency_old/dataset/20240319/287#HYZCS124031504.D,287#HYZCS124031504.D,3,20240319,287.0,HYZ,云烟（紫）,,124031504,CS124031504,HYZ,HYZ,HYZ,HYZ,HYZ,False,/home/ubuntu/sunlong/gcms_consistency_old/new_prepared_data/tensors/20240319/HYZ/0234_B03_0287_124031504.npz
B03_0288_124031503,/home/ubuntu/sunlong/gcms_consistency_old/dataset/20240319/288#H88CS124031503.D,288#H88CS124031503.D,3,20240319,288.0,H88,红河（88）,,124031503,CS124031503,H88,H88,H88,H88,H88,False,/home/ubuntu/sunlong/gcms_consistency_old/new_prepared_data/tensors/20240319/H88/0235_B03_0288_124031503.npz
B03_0289_124031511,/home/ubuntu/sunlong/gcms_consistency_old/dataset/20240319/289#H88CS124031511.D,289#H88CS124031511.D,3,20240319,289.0,H88,红河（88）,,124031511,CS124031511,H88,H88,H88,H88,H88,False,/home/ubuntu/sunlong/gcms_consistency_old/new_prepared_data/tensors/20240319/H88/0236_B03_0289_124031511.npz
B03_0290_124031512,/home/ubuntu/sunlong/gcms_consistency_old/dataset/20240319/290#H88CS124031512.D,290#H88CS124031512.D,3,20240319,290.0,H88,红河（88）,,124031512,CS124031512,H88,H88,H88,H88,H88,False,/home/ubuntu/sunlong/gcms_consistency_old/new_prepared_data/tensors/20240319/H88/0237_B03_0290_124031512.npz
B03_0291_124031513,/home/ubuntu/sunlong/gcms_consistency_old/dataset/20240319/291#H88CS124031513.D,291#H88CS124031513.D,3,20240319,291.0,H88,红河（88）,,124031513,CS124031513,H88,H88,H88,H88,H88,False,/home/ubuntu/sunlong/gcms_consistency_old/new_prepared_data/tensors/20240319/H88/0238_B03_0291_124031513.npz
B03_0292_124031515,/home/ubuntu/sunlong/gcms_consistency_old/dataset/20240319/292#H88CS124031515.D,292#H88CS124031515.D,3,20240319,292.0,H88,红河（88）,,124031515,CS124031515,H88,H88,H88,H88,H88,False,/home/ubuntu/sunlong/gcms_consistency_old/new_prepared_data/tensors/20240319/H88/0239_B03_0292_124031515.npz
B03_0293_124031502,/home/ubuntu/sunlong/gcms_consistency_old/dataset/20240319/293#H99CS124031502.D,293#H99CS124031502.D,3,20240319,293.0,H99,红河（99）,,124031502,CS124031502,H99,H99,H99,H99,H99,False,/home/ubuntu/sunlong/gcms_consistency_old/new_prepared_data/tensors/20240319/H99/0240_B03_0293_124031502.npz
B03_0294_124031505,/home/ubuntu/sunlong/gcms_consistency_old/dataset/20240319/294#H99CS124031505.D,294#H99CS124031505.D,3,20240319,294.0,H99,红河（99）,,124031505,CS124031505,H99,H99,H99,H99,H99,False,/home/ubuntu/sunlong/gcms_consistency_old/new_prepared_data/tensors/20240319/H99/0241_B03_0294_124031505.npz
B03_0295_124031510,/home/ubuntu/sunlong/gcms_consistency_old/dataset/20240319/295#H99CS124031510.D,295#H99CS124031510.D,3,20240319,295.0,H99,红河（99）,,124031510,CS124031510,H99,H99,H99,H99,H99,False,/home/ubuntu/sunlong/gcms_consistency_old/new_prepared_data/tensors/20240319/H99/0242_B03_0295_124031510.npz
B03_0296_124031514,/home/ubuntu/sunlong/gcms_consistency_old/dataset/20240319/296#H99CS124031514.D,296#H99CS124031514.D,3,20240319,296.0,H99,红河（99）,,124031514,CS124031514,H99,H99,H99,H99,H99,False,/home/ubuntu/sunlong/gcms_consistency_old/new_prepared_data/tensors/20240319/H99/0243_B03_0296_124031514.npz
B03_0299_124031507,/home/ubuntu/sunlong/gcms_consistency_old/dataset/20240319/299#HRJCS124031507.D,299#HRJCS124031507.D,3,20240319,299.0,HRJ,红河（软甲）,,124031507,CS124031507,HRJ,HRJ,HRJ,HRJ,HRJ,False,/home/ubuntu/sunlong/gcms_consistency_old/new_prepared_data/tensors/20240319/HRJ/0244_B03_0299_124031507.npz
B03_0300_124031507,/home/ubuntu/sunlong/gcms_consistency_old/dataset/20240319/300#HRJCS124031507.D,300#HRJCS124031507.D,3,20240319,300.0,HRJ,红河（软甲）,,124031507,CS124031507,HRJ,HRJ,HRJ,HRJ,HRJ,False,/home/ubuntu/sunlong/gcms_consistency_old/new_prepared_data/tensors/20240319/HRJ/0245_B03_0300_124031507.npz
B03_0301_124031806,/home/ubuntu/sunlong/gcms_consistency_old/dataset/20240319/301#HYZCS124031806.D,301#HYZCS124031806.D,3,20240319,301.0,HYZ,云烟（紫）,,124031806,CS124031806,HYZ,HYZ,HYZ,HYZ,HYZ,False,/home/ubuntu/sunlong/gcms_consistency_old/new_prepared_data/tensors/20240319/HYZ/0246_B03_0301_124031806.npz
B03_0302_124031807,/home/ubuntu/sunlong/gcms_consistency_old/dataset/20240319/302#HYZCS124031807.D,302#HYZCS124031807.D,3,20240319,302.0,HYZ,云烟（紫）,,124031807,CS124031807,HYZ,HYZ,HYZ,HYZ,HYZ,False,/home/ubuntu/sunlong/gcms_consistency_old/new_prepared_data/tensors/20240319/HYZ/0247_B03_0302_124031807.npz
B03_0303_124031810,/home/ubuntu/sunlong/gcms_consistency_old/dataset/20240319/303#HYZCS124031810.D,303#HYZCS124031810.D,3,20240319,303.0,HYZ,云烟（紫）,,124031810,CS124031810,HYZ,HYZ,HYZ,HYZ,HYZ,False,/home/ubuntu/sunlong/gcms_consistency_old/new_prepared_data/tensors/20240319/HYZ/0248_B03_0303_124031810.npz
B03_0304_124031803,/home/ubuntu/sunlong/gcms_consistency_old/dataset/20240319/304#HYZCS124031803.D,304#HYZCS124031803.D,3,20240319,304.0,HYZ,云烟（紫）,,124031803,CS124031803,HYZ,HYZ,HYZ,HYZ,HYZ,False,/home/ubuntu/sunlong/gcms_consistency_old/new_prepared_data/tensors/20240319/HYZ/0249_B03_0304_124031803.npz
B03_0305_124031809,/home/ubuntu/sunlong/gcms_consistency_old/dataset/20240319/305#HRYCS124031809.D,305#HRYCS124031809.D,3,20240319,305.0,HRY,云烟（软如意）,,124031809,CS124031809,HRY,HRY,HRY,HRY,HRY,False,/home/ubuntu/sunlong/gcms_consistency_old/new_prepared_data/tensors/20240319/HRY/0250_B03_0305_124031809.npz
B03_0306_124031809,/home/ubuntu/sunlong/gcms_consistency_old/dataset/20240319/306#HRYCS124031809.D,306#HRYCS124031809.D,3,20240319,306.0,HRY,云烟（软如意）,,124031809,CS124031809,HRY,HRY,HRY,HRY,HRY,False,/home/ubuntu/sunlong/gcms_consistency_old/new_prepared_data/tensors/20240319/HRY/0251_B03_0306_124031809.npz
B03_0307_124031802,/home/ubuntu/sunlong/gcms_consistency_old/dataset/20240319/307#H88CS124031802.D,307#H88CS124031802.D,3,20240319,307.0,H88,红河（88）,,124031802,CS124031802,H88,H88,H88,H88,H88,False,/home/ubuntu/sunlong/gcms_consistency_old/new_prepared_data/tensors/20240319/H88/0252_B03_0307_124031802.npz
B03_0308_124031804,/home/ubuntu/sunlong/gcms_consistency_old/dataset/20240319/308#H88CS124031804.D,308#H88CS124031804.D,3,20240319,308.0,H88,红河（88）,,124031804,CS124031804,H88,H88,H88,H88,H88,False,/home/ubuntu/sunlong/gcms_consistency_old/new_prepared_data/tensors/20240319/H88/0253_B03_0308_124031804.npz
B03_0309_124031805,/home/ubuntu/sunlong/gcms_consistency_old/dataset/20240319/309#H88CS124031805.D,309#H88CS124031805.D,3,20240319,309.0,H88,红河（88）,,124031805,CS124031805,H88,H88,H88,H88,H88,False,/home/ubuntu/sunlong/gcms_consistency_old/new_prepared_data/tensors/20240319/H88/0254_B03_0309_124031805.npz
B03_0310_124031808,/home/ubuntu/sunlong/gcms_consistency_old/dataset/20240319/310#H88CS124031808.D,310#H88CS124031808.D,3,20240319,310.0,H88,红河（88）,,124031808,CS124031808,H88,H88,H88,H88,H88,False,/home/ubuntu/sunlong/gcms_consistency_old/new_prepared_data/tensors/20240319/H88/0255_B03_0310_124031808.npz
B03_0311_124031811,/home/ubuntu/sunlong/gcms_consistency_old/dataset/20240319/311#H88CS124031811.D,311#H88CS124031811.D,3,20240319,311.0,H88,红河（88）,,124031811,CS124031811,H88,H88,H88,H88,H88,False,/home/ubuntu/sunlong/gcms_consistency_old/new_prepared_data/tensors/20240319/H88/0256_B03_0311_124031811.npz
B03_0312_124031803,/home/ubuntu/sunlong/gcms_consistency_old/dataset/20240319/312#H99CS124031803.D,312#H99CS124031803.D,3,20240319,312.0,H99,红河（99）,,124031803,CS124031803,H99,H99,H99,H99,H99,False,/home/ubuntu/sunlong/gcms_consistency_old/new_prepared_data/tensors/20240319/H99/0257_B03_0312_124031803.npz
B03_0313_124031815,/home/ubuntu/sunlong/gcms_consistency_old/dataset/20240319/313#H99CS124031815.D,313#H99CS124031815.D,3,20240319,313.0,H99,红河（99）,,124031815,CS124031815,H99,H99,H99,H99,H99,False,/home/ubuntu/sunlong/gcms_consistency_old/new_prepared_data/tensors/20240319/H99/0258_B03_0313_124031815.npz
B03_0317_124031801,/home/ubuntu/sunlong/gcms_consistency_old/dataset/20240319/317#HRJCS124031801.D,317#HRJCS124031801.D,3,20240319,317.0,HRJ,红河（软甲）,,124031801,CS124031801,HRJ,HRJ,HRJ,HRJ,HRJ,False,/home/ubuntu/sunlong/gcms_consistency_old/new_prepared_data/tensors/20240319/HRJ/0259_B03_0317_124031801.npz
B03_0318_124031801,/home/ubuntu/sunlong/gcms_consistency_old/dataset/20240319/318#HRJCS124031801.D,318#HRJCS124031801.D,3,20240319,318.0,HRJ,红河（软甲）,,124031801,CS124031801,HRJ,HRJ,HRJ,HRJ,HRJ,False,/home/ubuntu/sunlong/gcms_consistency_old/new_prepared_data/tensors/20240319/HRJ/0260_B03_0318_124031801.npz
B03_0331_124031902,/home/ubuntu/sunlong/gcms_consistency_old/dataset/20240319/331#HYZCS124031902.D,331#HYZCS124031902.D,3,20240319,331.0,HYZ,云烟（紫）,,124031902,CS124031902,HYZ,HYZ,HYZ,HYZ,HYZ,False,/home/ubuntu/sunlong/gcms_consistency_old/new_prepared_data/tensors/20240319/HYZ/0261_B03_0331_124031902.npz
B03_0332_124031904,/home/ubuntu/sunlong/gcms_consistency_old/dataset/20240319/332#HYZCS124031904.D,332#HYZCS124031904.D,3,20240319,332.0,HYZ,云烟（紫）,,124031904,CS124031904,HYZ,HYZ,HYZ,HYZ,HYZ,False,/home/ubuntu/sunlong/gcms_consistency_old/new_prepared_data/tensors/20240319/HYZ/0262_B03_0332_124031904.npz
B03_0333_124031908,/home/ubuntu/sunlong/gcms_consistency_old/dataset/20240319/333#HYZCS124031908.D,333#HYZCS124031908.D,3,20240319,333.0,HYZ,云烟（紫）,,124031908,CS124031908,HYZ,HYZ,HYZ,HYZ,HYZ,False,/home/ubuntu/sunlong/gcms_consistency_old/new_prepared_data/tensors/20240319/HYZ/0263_B03_0333_124031908.npz
B03_0334_124031910,/home/ubuntu/sunlong/gcms_consistency_old/dataset/20240319/334#HYZCS124031910.D,334#HYZCS124031910.D,3,20240319,334.0,HYZ,云烟（紫）,,124031910,CS124031910,HYZ,HYZ,HYZ,HYZ,HYZ,False,/home/ubuntu/sunlong/gcms_consistency_old/new_prepared_data/tensors/20240319/HYZ/0264_B03_0334_124031910.npz
B03_0335_124031913,/home/ubuntu/sunlong/gcms_consistency_old/dataset/20240319/335#HYZCS124031913.D,335#HYZCS124031913.D,3,20240319,335.0,HYZ,云烟（紫）,,124031913,CS124031913,HYZ,HYZ,HYZ,HYZ,HYZ,False,/home/ubuntu/sunlong/gcms_consistency_old/new_prepared_data/tensors/20240319/HYZ/0265_B03_0335_124031913.npz
B03_0336_124031907,/home/ubuntu/sunlong/gcms_consistency_old/dataset/20240319/336#HRYCS124031907.D,336#HRYCS124031907.D,3,20240319,336.0,HRY,云烟（软如意）,,124031907,CS124031907,HRY,HRY,HRY,HRY,HRY,False,/home/ubuntu/sunlong/gcms_consistency_old/new_prepared_data/tensors/20240319/HRY/0266_B03_0336_124031907.npz
B03_0337_124031901,/home/ubuntu/sunlong/gcms_consistency_old/dataset/20240319/337#H88CS124031901.D,337#H88CS124031901.D,3,20240319,337.0,H88,红河（88）,,124031901,CS124031901,H88,H88,H88,H88,H88,False,/home/ubuntu/sunlong/gcms_consistency_old/new_prepared_data/tensors/20240319/H88/0267_B03_0337_124031901.npz
B03_0338_124031905,/home/ubuntu/sunlong/gcms_consistency_old/dataset/20240319/338#H99CS124031905.D,338#H99CS124031905.D,3,20240319,338.0,H99,红河（99）,,124031905,CS124031905,H99,H99,H99,H99,H99,False,/home/ubuntu/sunlong/gcms_consistency_old/new_prepared_data/tensors/20240319/H99/0268_B03_0338_124031905.npz
B03_0339_124031906,/home/ubuntu/sunlong/gcms_consistency_old/dataset/20240319/339#H99CS124031906.D,339#H99CS124031906.D,3,20240319,339.0,H99,红河（99）,,124031906,CS124031906,H99,H99,H99,H99,H99,False,/home/ubuntu/sunlong/gcms_consistency_old/new_prepared_data/tensors/20240319/H99/0269_B03_0339_124031906.npz
B03_0343_124031903,/home/ubuntu/sunlong/gcms_consistency_old/dataset/20240319/343#HRJCS124031903.D,343#HRJCS124031903.D,3,20240319,343.0,HRJ,红河（软甲）,,124031903,CS124031903,HRJ,HRJ,HRJ,HRJ,HRJ,False,/home/ubuntu/sunlong/gcms_consistency_old/new_prepared_data/tensors/20240319/HRJ/0270_B03_0343_124031903.npz
B03_0344_124031911,/home/ubuntu/sunlong/gcms_consistency_old/dataset/20240319/344#HRJCS124031911.D,344#HRJCS124031911.D,3,20240319,344.0,HRJ,红河（软甲）,,124031911,CS124031911,HRJ,HRJ,HRJ,HRJ,HRJ,False,/home/ubuntu/sunlong/gcms_consistency_old/new_prepared_data/tensors/20240319/HRJ/0271_B03_0344_124031911.npz
B03_0345_124032002,/home/ubuntu/sunlong/gcms_consistency_old/dataset/20240319/345#HYZCS124032002.D,345#HYZCS124032002.D,3,20240319,345.0,HYZ,云烟（紫）,,124032002,CS124032002,HYZ,HYZ,HYZ,HYZ,HYZ,False,/home/ubuntu/sunlong/gcms_consistency_old/new_prepared_data/tensors/20240319/HYZ/0272_B03_0345_124032002.npz
B03_0346_124032004,/home/ubuntu/sunlong/gcms_consistency_old/dataset/20240319/346#HYZCS124032004.D,346#HYZCS124032004.D,3,20240319,346.0,HYZ,云烟（紫）,,124032004,CS124032004,HYZ,HYZ,HYZ,HYZ,HYZ,False,/home/ubuntu/sunlong/gcms_consistency_old/new_prepared_data/tensors/20240319/HYZ/0273_B03_0346_124032004.npz
B03_0347_124032006,/home/ubuntu/sunlong/gcms_consistency_old/dataset/20240319/347#HYZCS124032006.D,347#HYZCS124032006.D,3,20240319,347.0,HYZ,云烟（紫）,,124032006,CS124032006,HYZ,HYZ,HYZ,HYZ,HYZ,False,/home/ubuntu/sunlong/gcms_consistency_old/new_prepared_data/tensors/20240319/HYZ/0274_B03_0347_124032006.npz
B03_0348_124032008,/home/ubuntu/sunlong/gcms_consistency_old/dataset/20240319/348#HYZCS124032008.D,348#HYZCS124032008.D,3,20240319,348.0,HYZ,云烟（紫）,,124032008,CS124032008,HYZ,HYZ,HYZ,HYZ,HYZ,False,/home/ubuntu/sunlong/gcms_consistency_old/new_prepared_data/tensors/20240319/HYZ/0275_B03_0348_124032008.npz
B03_0349_124032010,/home/ubuntu/sunlong/gcms_consistency_old/dataset/20240319/349#HYZCS124032010.D,349#HYZCS124032010.D,3,20240319,349.0,HYZ,云烟（紫）,,124032010,CS124032010,HYZ,HYZ,HYZ,HYZ,HYZ,False,/home/ubuntu/sunlong/gcms_consistency_old/new_prepared_data/tensors/20240319/HYZ/0276_B03_0349_124032010.npz
B03_0350_124032012,/home/ubuntu/sunlong/gcms_consistency_old/dataset/20240319/350#HYZCS124032012.D,350#HYZCS124032012.D,3,20240319,350.0,HYZ,云烟（紫）,,124032012,CS124032012,HYZ,HYZ,HYZ,HYZ,HYZ,False,/home/ubuntu/sunlong/gcms_consistency_old/new_prepared_data/tensors/20240319/HYZ/0277_B03_0350_124032012.npz
B03_0351_124032014,/home/ubuntu/sunlong/gcms_consistency_old/dataset/20240319/351#HYZCS124032014.D,351#HYZCS124032014.D,3,20240319,351.0,HYZ,云烟（紫）,,124032014,CS124032014,HYZ,HYZ,HYZ,HYZ,HYZ,False,/home/ubuntu/sunlong/gcms_consistency_old/new_prepared_data/tensors/20240319/HYZ/0278_B03_0351_124032014.npz
B03_0352_124032001,/home/ubuntu/sunlong/gcms_consistency_old/dataset/20240319/352#H88CS124032001.D,352#H88CS124032001.D,3,20240319,352.0,H88,红河（88）,,124032001,CS124032001,H88,H88,H88,H88,H88,False,/home/ubuntu/sunlong/gcms_consistency_old/new_prepared_data/tensors/20240319/H88/0279_B03_0352_124032001.npz
B03_0353_124032003,/home/ubuntu/sunlong/gcms_consistency_old/dataset/20240319/353#H88CS124032003.D,353#H88CS124032003.D,3,20240319,353.0,H88,红河（88）,,124032003,CS124032003,H88,H88,H88,H88,H88,False,/home/ubuntu/sunlong/gcms_consistency_old/new_prepared_data/tensors/20240319/H88/0280_B03_0353_124032003.npz
B03_0354_124032011,/home/ubuntu/sunlong/gcms_consistency_old/dataset/20240319/354#H88CS124032011.D,354#H88CS124032011.D,3,20240319,354.0,H88,红河（88）,,124032011,CS124032011,H88,H88,H88,H88,H88,False,/home/ubuntu/sunlong/gcms_consistency_old/new_prepared_data/tensors/20240319/H88/0281_B03_0354_124032011.npz
B03_0355_124032013,/home/ubuntu/sunlong/gcms_consistency_old/dataset/20240319/355#H88CS124032013.D,355#H88CS124032013.D,3,20240319,355.0,H88,红河（88）,,124032013,CS124032013,H88,H88,H88,H88,H88,False,/home/ubuntu/sunlong/gcms_consistency_old/new_prepared_data/tensors/20240319/H88/0282_B03_0355_124032013.npz
B03_0356_124032005,/home/ubuntu/sunlong/gcms_consistency_old/dataset/20240319/356#H99CS124032005.D,356#H99CS124032005.D,3,20240319,356.0,H99,红河（99）,,124032005,CS124032005,H99,H99,H99,H99,H99,False,/home/ubuntu/sunlong/gcms_consistency_old/new_prepared_data/tensors/20240319/H99/0283_B03_0356_124032005.npz
B03_0357_124032007,/home/ubuntu/sunlong/gcms_consistency_old/dataset/20240319/357#H99CS124032007.D,357#H99CS124032007.D,3,20240319,357.0,H99,红河（99）,,124032007,CS124032007,H99,H99,H99,H99,H99,False,/home/ubuntu/sunlong/gcms_consistency_old/new_prepared_data/tensors/20240319/H99/0284_B03_0357_124032007.npz
B03_0359_224032002,/home/ubuntu/sunlong/gcms_consistency_old/dataset/20240319/359#XCJCS224032002.D,359#XCJCS224032002.D,3,20240319,359.0,XCJ,云烟（中支小重九）,,224032002,CS224032002,XCJ,XCJ,XCJ,XCJ,XCJ,False,/home/ubuntu/sunlong/gcms_consistency_old/new_prepared_data/tensors/20240319/XCJ/0285_B03_0359_224032002.npz
B03_0360_224032002,/home/ubuntu/sunlong/gcms_consistency_old/dataset/20240319/360#XCJCS224032002.D,360#XCJCS224032002.D,3,20240319,360.0,XCJ,云烟（中支小重九）,,224032002,CS224032002,XCJ,XCJ,XCJ,XCJ,XCJ,False,/home/ubuntu/sunlong/gcms_consistency_old/new_prepared_data/tensors/20240319/XCJ/0286_B03_0360_224032002.npz
B03_0361_224032002,/home/ubuntu/sunlong/gcms_consistency_old/dataset/20240319/361#XCJCS224032002.D,361#XCJCS224032002.D,3,20240319,361.0,XCJ,云烟（中支小重九）,,224032002,CS224032002,XCJ,XCJ,XCJ,XCJ,XCJ,False,/home/ubuntu/sunlong/gcms_consistency_old/new_prepared_data/tensors/20240319/XCJ/0287_B03_0361_224032002.npz
B03_0362_224032002,/home/ubuntu/sunlong/gcms_consistency_old/dataset/20240319/362#XCJCS224032002.D,362#XCJCS224032002.D,3,20240319,362.0,XCJ,云烟（中支小重九）,,224032002,CS224032002,XCJ,XCJ,XCJ,XCJ,XCJ,False,/home/ubuntu/sunlong/gcms_consistency_old/new_prepared_data/tensors/20240319/XCJ/0288_B03_0362_224032002.npz
B03_0363_224032002,/home/ubuntu/sunlong/gcms_consistency_old/dataset/20240319/363#XCJCS224032002.D,363#XCJCS224032002.D,3,20240319,363.0,XCJ,云烟（中支小重九）,,224032002,CS224032002,XCJ,XCJ,XCJ,XCJ,XCJ,False,/home/ubuntu/sunlong/gcms_consistency_old/new_prepared_data/tensors/20240319/XCJ/0289_B03_0363_224032002.npz
B03_0364_224032002,/home/ubuntu/sunlong/gcms_consistency_old/dataset/20240319/364#XCJCS224032002.D,364#XCJCS224032002.D,3,20240319,364.0,XCJ,云烟（中支小重九）,,224032002,CS224032002,XCJ,XCJ,XCJ,XCJ,XCJ,False,/home/ubuntu/sunlong/gcms_consistency_old/new_prepared_data/tensors/20240319/XCJ/0290_B03_0364_224032002.npz
B03_0365_224032002,/home/ubuntu/sunlong/gcms_consistency_old/dataset/20240319/365#XCJCS224032002.D,365#XCJCS224032002.D,3,20240319,365.0,XCJ,云烟（中支小重九）,,224032002,CS224032002,XCJ,XCJ,XCJ,XCJ,XCJ,False,/home/ubuntu/sunlong/gcms_consistency_old/new_prepared_data/tensors/20240319/XCJ/0291_B03_0365_224032002.npz
B03_0366_224032002,/home/ubuntu/sunlong/gcms_consistency_old/dataset/20240319/366#XCJCS224032002.D,366#XCJCS224032002.D,3,20240319,366.0,XCJ,云烟（中支小重九）,,224032002,CS224032002,XCJ,XCJ,XCJ,XCJ,XCJ,False,/home/ubuntu/sunlong/gcms_consistency_old/new_prepared_data/tensors/20240319/XCJ/0292_B03_0366_224032002.npz
B03_0367_224032002,/home/ubuntu/sunlong/gcms_consistency_old/dataset/20240319/367#XCJCS224032002.D,367#XCJCS224032002.D,3,20240319,367.0,XCJ,云烟（中支小重九）,,224032002,CS224032002,XCJ,XCJ,XCJ,XCJ,XCJ,False,/home/ubuntu/sunlong/gcms_consistency_old/new_prepared_data/tensors/20240319/XCJ/0293_B03_0367_224032002.npz
B03_0368_224032002,/home/ubuntu/sunlong/gcms_consistency_old/dataset/20240319/368#XCJCS224032002.D,368#XCJCS224032002.D,3,20240319,368.0,XCJ,云烟（中支小重九）,,224032002,CS224032002,XCJ,XCJ,XCJ,XCJ,XCJ,False,/home/ubuntu/sunlong/gcms_consistency_old/new_prepared_data/tensors/20240319/XCJ/0294_B03_0368_224032002.npz
B03_0369_224032001,/home/ubuntu/sunlong/gcms_consistency_old/dataset/20240319/369#HYXCS224032001.D,369#HYXCS224032001.D,3,20240319,369.0,HYX,云烟（印象）,,224032001,CS224032001,HYX,HYX,HYX,HYX,HYX,False,/home/ubuntu/sunlong/gcms_consistency_old/new_prepared_data/tensors/20240319/HYX/0295_B03_0369_224032001.npz
B03_0370_224032001,/home/ubuntu/sunlong/gcms_consistency_old/dataset/20240319/370#HYXCS224032001.D,370#HYXCS224032001.D,3,20240319,370.0,HYX,云烟（印象）,,224032001,CS224032001,HYX,HYX,HYX,HYX,HYX,False,/home/ubuntu/sunlong/gcms_consistency_old/new_prepared_data/tensors/20240319/HYX/0296_B03_0370_224032001.npz
B03_0371_224032001,/home/ubuntu/sunlong/gcms_consistency_old/dataset/20240319/371#HYXCS224032001.D,371#HYXCS224032001.D,3,20240319,371.0,HYX,云烟（印象）,,224032001,CS224032001,HYX,HYX,HYX,HYX,HYX,False,/home/ubuntu/sunlong/gcms_consistency_old/new_prepared_data/tensors/20240319/HYX/0297_B03_0371_224032001.npz
B03_0372_224032001,/home/ubuntu/sunlong/gcms_consistency_old/dataset/20240319/372#HYXCS224032001.D,372#HYXCS224032001.D,3,20240319,372.0,HYX,云烟（印象）,,224032001,CS224032001,HYX,HYX,HYX,HYX,HYX,False,/home/ubuntu/sunlong/gcms_consistency_old/new_prepared_data/tensors/20240319/HYX/0298_B03_0372_224032001.npz
B03_0373_224032001,/home/ubuntu/sunlong/gcms_consistency_old/dataset/20240319/373#HYXCS224032001.D,373#HYXCS224032001.D,3,20240319,373.0,HYX,云烟（印象）,,224032001,CS224032001,HYX,HYX,HYX,HYX,HYX,False,/home/ubuntu/sunlong/gcms_consistency_old/new_prepared_data/tensors/20240319/HYX/0299_B03_0373_224032001.npz
B03_0374_224032001,/home/ubuntu/sunlong/gcms_consistency_old/dataset/20240319/374#HYXCS224032001.D,374#HYXCS224032001.D,3,20240319,374.0,HYX,云烟（印象）,,224032001,CS224032001,HYX,HYX,HYX,HYX,HYX,False,/home/ubuntu/sunlong/gcms_consistency_old/new_prepared_data/tensors/20240319/HYX/0300_B03_0374_224032001.npz
B03_0375_224032001,/home/ubuntu/sunlong/gcms_consistency_old/dataset/20240319/375#HYXCS224032001.D,375#HYXCS224032001.D,3,20240319,375.0,HYX,云烟（印象）,,224032001,CS224032001,HYX,HYX,HYX,HYX,HYX,False,/home/ubuntu/sunlong/gcms_consistency_old/new_prepared_data/tensors/20240319/HYX/0301_B03_0375_224032001.npz
B03_0376_224032001,/home/ubuntu/sunlong/gcms_consistency_old/dataset/20240319/376#HYXCS224032001.D,376#HYXCS224032001.D,3,20240319,376.0,HYX,云烟（印象）,,224032001,CS224032001,HYX,HYX,HYX,HYX,HYX,False,/home/ubuntu/sunlong/gcms_consistency_old/new_prepared_data/tensors/20240319/HYX/0302_B03_0376_224032001.npz
B03_0377_224032001,/home/ubuntu/sunlong/gcms_consistency_old/dataset/20240319/377#HYXCS224032001.D,377#HYXCS224032001.D,3,20240319,377.0,HYX,云烟（印象）,,224032001,CS224032001,HYX,HYX,HYX,HYX,HYX,False,/home/ubuntu/sunlong/gcms_consistency_old/new_prepared_data/tensors/20240319/HYX/0303_B03_0377_224032001.npz
B03_0378_224032001,/home/ubuntu/sunlong/gcms_consistency_old/dataset/20240319/378#HYXCS224032001.D,378#HYXCS224032001.D,3,20240319,378.0,HYX,云烟（印象）,,224032001,CS224032001,HYX,HYX,HYX,HYX,HYX,False,/home/ubuntu/sunlong/gcms_consistency_old/new_prepared_data/tensors/20240319/HYX/0304_B03_0378_224032001.npz
B03_0379_224032001,/home/ubuntu/sunlong/gcms_consistency_old/dataset/20240319/379#HYXCS224032001.D,379#HYXCS224032001.D,3,20240319,379.0,HYX,云烟（印象）,,224032001,CS224032001,HYX,HYX,HYX,HYX,HYX,False,/home/ubuntu/sunlong/gcms_consistency_old/new_prepared_data/tensors/20240319/HYX/0305_B03_0379_224032001.npz
B03_0380_224032001,/home/ubuntu/sunlong/gcms_consistency_old/dataset/20240319/380#HYXCS224032001.D,380#HYXCS224032001.D,3,20240319,380.0,HYX,云烟（印象）,,224032001,CS224032001,HYX,HYX,HYX,HYX,HYX,False,/home/ubuntu/sunlong/gcms_consistency_old/new_prepared_data/tensors/20240319/HYX/0306_B03_0380_224032001.npz
B03_0381_224032001,/home/ubuntu/sunlong/gcms_consistency_old/dataset/20240319/381#HYXCS224032001.D,381#HYXCS224032001.D,3,20240319,381.0,HYX,云烟（印象）,,224032001,CS224032001,HYX,HYX,HYX,HYX,HYX,False,/home/ubuntu/sunlong/gcms_consistency_old/new_prepared_data/tensors/20240319/HYX/0307_B03_0381_224032001.npz
B03_0382_224032001,/home/ubuntu/sunlong/gcms_consistency_old/dataset/20240319/382#HYXCS224032001.D,382#HYXCS224032001.D,3,20240319,382.0,HYX,云烟（印象）,,224032001,CS224032001,HYX,HYX,HYX,HYX,HYX,False,/home/ubuntu/sunlong/gcms_consistency_old/new_prepared_data/tensors/20240319/HYX/0308_B03_0382_224032001.npz
B03_0383_224032001,/home/ubuntu/sunlong/gcms_consistency_old/dataset/20240319/383#HYXCS224032001.D,383#HYXCS224032001.D,3,20240319,383.0,HYX,云烟（印象）,,224032001,CS224032001,HYX,HYX,HYX,HYX,HYX,False,/home/ubuntu/sunlong/gcms_consistency_old/new_prepared_data/tensors/20240319/HYX/0309_B03_0383_224032001.npz
B03_0384_124030102,/home/ubuntu/sunlong/gcms_consistency_old/dataset/20240319/384#HYZCS124030102.D,384#HYZCS124030102.D,3,20240319,384.0,HYZ,云烟（紫）,,124030102,CS124030102,HYZ,HYZ,HYZ,HYZ,HYZ,False,/home/ubuntu/sunlong/gcms_consistency_old/new_prepared_data/tensors/20240319/HYZ/0310_B03_0384_124030102.npz
B03_0385_124030104,/home/ubuntu/sunlong/gcms_consistency_old/dataset/20240319/385#HYZCS124030104.D,385#HYZCS124030104.D,3,20240319,385.0,HYZ,云烟（紫）,,124030104,CS124030104,HYZ,HYZ,HYZ,HYZ,HYZ,False,/home/ubuntu/sunlong/gcms_consistency_old/new_prepared_data/tensors/20240319/HYZ/0311_B03_0385_124030104.npz
B03_0386_124030106,/home/ubuntu/sunlong/gcms_consistency_old/dataset/20240319/386#HYZCS124030106.D,386#HYZCS124030106.D,3,20240319,386.0,HYZ,云烟（紫）,,124030106,CS124030106,HYZ,HYZ,HYZ,HYZ,HYZ,False,/home/ubuntu/sunlong/gcms_consistency_old/new_prepared_data/tensors/20240319/HYZ/0312_B03_0386_124030106.npz
B03_0387_124030108,/home/ubuntu/sunlong/gcms_consistency_old/dataset/20240319/387#HYZCS124030108.D,387#HYZCS124030108.D,3,20240319,387.0,HYZ,云烟（紫）,,124030108,CS124030108,HYZ,HYZ,HYZ,HYZ,HYZ,False,/home/ubuntu/sunlong/gcms_consistency_old/new_prepared_data/tensors/20240319/HYZ/0313_B03_0387_124030108.npz
B03_0388_124030110,/home/ubuntu/sunlong/gcms_consistency_old/dataset/20240319/388#HYZCS124030110.D,388#HYZCS124030110.D,3,20240319,388.0,HYZ,云烟（紫）,,124030110,CS124030110,HYZ,HYZ,HYZ,HYZ,HYZ,False,/home/ubuntu/sunlong/gcms_consistency_old/new_prepared_data/tensors/20240319/HYZ/0314_B03_0388_124030110.npz
B04_0389_124032103,/home/ubuntu/sunlong/gcms_consistency_old/dataset/20240325/389#H88CS124032103.D,389#H88CS124032103.D,4,20240325,389.0,H88,红河（88）,,124032103,CS124032103,H88,H88,H88,H88,H88,False,/home/ubuntu/sunlong/gcms_consistency_old/new_prepared_data/tensors/20240325/H88/0315_B04_0389_124032103.npz
B04_0390_124032109,/home/ubuntu/sunlong/gcms_consistency_old/dataset/20240325/390#H88CS124032109.D,390#H88CS124032109.D,4,20240325,390.0,H88,红河（88）,,124032109,CS124032109,H88,H88,H88,H88,H88,False,/home/ubuntu/sunlong/gcms_consistency_old/new_prepared_data/tensors/20240325/H88/0316_B04_0390_124032109.npz
B04_0391_124032112,/home/ubuntu/sunlong/gcms_consistency_old/dataset/20240325/391#H88CS124032112.D,391#H88CS124032112.D,4,20240325,391.0,H88,红河（88）,,124032112,CS124032112,H88,H88,H88,H88,H88,False,/home/ubuntu/sunlong/gcms_consistency_old/new_prepared_data/tensors/20240325/H88/0317_B04_0391_124032112.npz
B04_0392_124032114,/home/ubuntu/sunlong/gcms_consistency_old/dataset/20240325/392#H88CS124032114.D,392#H88CS124032114.D,4,20240325,392.0,H88,红河（88）,,124032114,CS124032114,H88,H88,H88,H88,H88,False,/home/ubuntu/sunlong/gcms_consistency_old/new_prepared_data/tensors/20240325/H88/0318_B04_0392_124032114.npz
B04_0393_124032105,/home/ubuntu/sunlong/gcms_consistency_old/dataset/20240325/393#H99CS124032105.D,393#H99CS124032105.D,4,20240325,393.0,H99,红河（99）,,124032105,CS124032105,H99,H99,H99,H99,H99,False,/home/ubuntu/sunlong/gcms_consistency_old/new_prepared_data/tensors/20240325/H99/0319_B04_0393_124032105.npz
B04_0394_124032107,/home/ubuntu/sunlong/gcms_consistency_old/dataset/20240325/394#H99CS124032107.D,394#H99CS124032107.D,4,20240325,394.0,H99,红河（99）,,124032107,CS124032107,H99,H99,H99,H99,H99,False,/home/ubuntu/sunlong/gcms_consistency_old/new_prepared_data/tensors/20240325/H99/0320_B04_0394_124032107.npz
B04_0395_124032111,/home/ubuntu/sunlong/gcms_consistency_old/dataset/20240325/395#H99CS124032111.D,395#H99CS124032111.D,4,20240325,395.0,H99,红河（99）,,124032111,CS124032111,H99,H99,H99,H99,H99,False,/home/ubuntu/sunlong/gcms_consistency_old/new_prepared_data/tensors/20240325/H99/0321_B04_0395_124032111.npz
B04_0396_124032113,/home/ubuntu/sunlong/gcms_consistency_old/dataset/20240325/396#H99CS124032113.D,396#H99CS124032113.D,4,20240325,396.0,H99,红河（99）,,124032113,CS124032113,H99,H99,H99,H99,H99,False,/home/ubuntu/sunlong/gcms_consistency_old/new_prepared_data/tensors/20240325/H99/0322_B04_0396_124032113.npz
B04_0397_124032101,/home/ubuntu/sunlong/gcms_consistency_old/dataset/20240325/397#HRJCS124032101.D,397#HRJCS124032101.D,4,20240325,397.0,HRJ,红河（软甲）,,124032101,CS124032101,HRJ,HRJ,HRJ,HRJ,HRJ,False,/home/ubuntu/sunlong/gcms_consistency_old/new_prepared_data/tensors/20240325/HRJ/0323_B04_0397_124032101.npz
B04_0398_224032101,/home/ubuntu/sunlong/gcms_consistency_old/dataset/20240325/398#XCJCS224032101.D,398#XCJCS224032101.D,4,20240325,398.0,XCJ,云烟（中支小重九）,,224032101,CS224032101,XCJ,XCJ,XCJ,XCJ,XCJ,False,/home/ubuntu/sunlong/gcms_consistency_old/new_prepared_data/tensors/20240325/XCJ/0324_B04_0398_224032101.npz
B04_0399_224032101,/home/ubuntu/sunlong/gcms_consistency_old/dataset/20240325/399#XCJCS224032101.D,399#XCJCS224032101.D,4,20240325,399.0,XCJ,云烟（中支小重九）,,224032101,CS224032101,XCJ,XCJ,XCJ,XCJ,XCJ,False,/home/ubuntu/sunlong/gcms_consistency_old/new_prepared_data/tensors/20240325/XCJ/0325_B04_0399_224032101.npz
B04_0400_224032101,/home/ubuntu/sunlong/gcms_consistency_old/dataset/20240325/400#XCJCS224032101.D,400#XCJCS224032101.D,4,20240325,400.0,XCJ,云烟（中支小重九）,,224032101,CS224032101,XCJ,XCJ,XCJ,XCJ,XCJ,False,/home/ubuntu/sunlong/gcms_consistency_old/new_prepared_data/tensors/20240325/XCJ/0326_B04_0400_224032101.npz
B04_0401_224032101,/home/ubuntu/sunlong/gcms_consistency_old/dataset/20240325/401#XCJCS224032101.D,401#XCJCS224032101.D,4,20240325,401.0,XCJ,云烟（中支小重九）,,224032101,CS224032101,XCJ,XCJ,XCJ,XCJ,XCJ,False,/home/ubuntu/sunlong/gcms_consistency_old/new_prepared_data/tensors/20240325/XCJ/0327_B04_0401_224032101.npz
B04_0402_224032101,/home/ubuntu/sunlong/gcms_consistency_old/dataset/20240325/402#XCJCS224032101.D,402#XCJCS224032101.D,4,20240325,402.0,XCJ,云烟（中支小重九）,,224032101,CS224032101,XCJ,XCJ,XCJ,XCJ,XCJ,False,/home/ubuntu/sunlong/gcms_consistency_old/new_prepared_data/tensors/20240325/XCJ/0328_B04_0402_224032101.npz
B04_0403_224032101,/home/ubuntu/sunlong/gcms_consistency_old/dataset/20240325/403#XCJCS224032101.D,403#XCJCS224032101.D,4,20240325,403.0,XCJ,云烟（中支小重九）,,224032101,CS224032101,XCJ,XCJ,XCJ,XCJ,XCJ,False,/home/ubuntu/sunlong/gcms_consistency_old/new_prepared_data/tensors/20240325/XCJ/0329_B04_0403_224032101.npz
B04_0404_224032101,/home/ubuntu/sunlong/gcms_consistency_old/dataset/20240325/404#XCJCS224032101.D,404#XCJCS224032101.D,4,20240325,404.0,XCJ,云烟（中支小重九）,,224032101,CS224032101,XCJ,XCJ,XCJ,XCJ,XCJ,False,/home/ubuntu/sunlong/gcms_consistency_old/new_prepared_data/tensors/20240325/XCJ/0330_B04_0404_224032101.npz
B04_0405_224032101,/home/ubuntu/sunlong/gcms_consistency_old/dataset/20240325/405#XCJCS224032101.D,405#XCJCS224032101.D,4,20240325,405.0,XCJ,云烟（中支小重九）,,224032101,CS224032101,XCJ,XCJ,XCJ,XCJ,XCJ,False,/home/ubuntu/sunlong/gcms_consistency_old/new_prepared_data/tensors/20240325/XCJ/0331_B04_0405_224032101.npz
B04_0406_224032101,/home/ubuntu/sunlong/gcms_consistency_old/dataset/20240325/406#XCJCS224032101.D,406#XCJCS224032101.D,4,20240325,406.0,XCJ,云烟（中支小重九）,,224032101,CS224032101,XCJ,XCJ,XCJ,XCJ,XCJ,False,/home/ubuntu/sunlong/gcms_consistency_old/new_prepared_data/tensors/20240325/XCJ/0332_B04_0406_224032101.npz
B04_0407_224032101,/home/ubuntu/sunlong/gcms_consistency_old/dataset/20240325/407#XCJCS224032101.D,407#XCJCS224032101.D,4,20240325,407.0,XCJ,云烟（中支小重九）,,224032101,CS224032101,XCJ,XCJ,XCJ,XCJ,XCJ,False,/home/ubuntu/sunlong/gcms_consistency_old/new_prepared_data/tensors/20240325/XCJ/0333_B04_0407_224032101.npz
B04_0408_224032102,/home/ubuntu/sunlong/gcms_consistency_old/dataset/20240325/408#XCJCS224032102.D,408#XCJCS224032102.D,4,20240325,408.0,XCJ,云烟（中支小重九）,,224032102,CS224032102,XCJ,XCJ,XCJ,XCJ,XCJ,False,/home/ubuntu/sunlong/gcms_consistency_old/new_prepared_data/tensors/20240325/XCJ/0334_B04_0408_224032102.npz
B04_0409_224032102,/home/ubuntu/sunlong/gcms_consistency_old/dataset/20240325/409#XCJCS224032102.D,409#XCJCS224032102.D,4,20240325,409.0,XCJ,云烟（中支小重九）,,224032102,CS224032102,XCJ,XCJ,XCJ,XCJ,XCJ,False,/home/ubuntu/sunlong/gcms_consistency_old/new_prepared_data/tensors/20240325/XCJ/0335_B04_0409_224032102.npz
B04_0410_224032102,/home/ubuntu/sunlong/gcms_consistency_old/dataset/20240325/410#XCJCS224032102.D,410#XCJCS224032102.D,4,20240325,410.0,XCJ,云烟（中支小重九）,,224032102,CS224032102,XCJ,XCJ,XCJ,XCJ,XCJ,False,/home/ubuntu/sunlong/gcms_consistency_old/new_prepared_data/tensors/20240325/XCJ/0336_B04_0410_224032102.npz
B04_0411_224032102,/home/ubuntu/sunlong/gcms_consistency_old/dataset/20240325/411#XCJCS224032102.D,411#XCJCS224032102.D,4,20240325,411.0,XCJ,云烟（中支小重九）,,224032102,CS224032102,XCJ,XCJ,XCJ,XCJ,XCJ,False,/home/ubuntu/sunlong/gcms_consistency_old/new_prepared_data/tensors/20240325/XCJ/0337_B04_0411_224032102.npz
B04_0412_224032102,/home/ubuntu/sunlong/gcms_consistency_old/dataset/20240325/412#XCJCS224032102.D,412#XCJCS224032102.D,4,20240325,412.0,XCJ,云烟（中支小重九）,,224032102,CS224032102,XCJ,XCJ,XCJ,XCJ,XCJ,False,/home/ubuntu/sunlong/gcms_consistency_old/new_prepared_data/tensors/20240325/XCJ/0338_B04_0412_224032102.npz
B04_0413_224032102,/home/ubuntu/sunlong/gcms_consistency_old/dataset/20240325/413#XCJCS224032102.D,413#XCJCS224032102.D,4,20240325,413.0,XCJ,云烟（中支小重九）,,224032102,CS224032102,XCJ,XCJ,XCJ,XCJ,XCJ,False,/home/ubuntu/sunlong/gcms_consistency_old/new_prepared_data/tensors/20240325/XCJ/0339_B04_0413_224032102.npz
B04_0414_224032102,/home/ubuntu/sunlong/gcms_consistency_old/dataset/20240325/414#XCJCS224032102.D,414#XCJCS224032102.D,4,20240325,414.0,XCJ,云烟（中支小重九）,,224032102,CS224032102,XCJ,XCJ,XCJ,XCJ,XCJ,False,/home/ubuntu/sunlong/gcms_consistency_old/new_prepared_data/tensors/20240325/XCJ/0340_B04_0414_224032102.npz
B04_0415_224032102,/home/ubuntu/sunlong/gcms_consistency_old/dataset/20240325/415#XCJCS224032102.D,415#XCJCS224032102.D,4,20240325,415.0,XCJ,云烟（中支小重九）,,224032102,CS224032102,XCJ,XCJ,XCJ,XCJ,XCJ,False,/home/ubuntu/sunlong/gcms_consistency_old/new_prepared_data/tensors/20240325/XCJ/0341_B04_0415_224032102.npz
B04_0416_224032102,/home/ubuntu/sunlong/gcms_consistency_old/dataset/20240325/416#XCJCS224032102.D,416#XCJCS224032102.D,4,20240325,416.0,XCJ,云烟（中支小重九）,,224032102,CS224032102,XCJ,XCJ,XCJ,XCJ,XCJ,False,/home/ubuntu/sunlong/gcms_consistency_old/new_prepared_data/tensors/20240325/XCJ/0342_B04_0416_224032102.npz
B04_0417_224032102,/home/ubuntu/sunlong/gcms_consistency_old/dataset/20240325/417#XCJCS224032102.D,417#XCJCS224032102.D,4,20240325,417.0,XCJ,云烟（中支小重九）,,224032102,CS224032102,XCJ,XCJ,XCJ,XCJ,XCJ,False,/home/ubuntu/sunlong/gcms_consistency_old/new_prepared_data/tensors/20240325/XCJ/0343_B04_0417_224032102.npz
B04_0418_224032102,/home/ubuntu/sunlong/gcms_consistency_old/dataset/20240325/418#XCJCS224032102.D,418#XCJCS224032102.D,4,20240325,418.0,XCJ,云烟（中支小重九）,,224032102,CS224032102,XCJ,XCJ,XCJ,XCJ,XCJ,False,/home/ubuntu/sunlong/gcms_consistency_old/new_prepared_data/tensors/20240325/XCJ/0344_B04_0418_224032102.npz
B04_0419_224032102,/home/ubuntu/sunlong/gcms_consistency_old/dataset/20240325/419#XCJCS224032102.D,419#XCJCS224032102.D,4,20240325,419.0,XCJ,云烟（中支小重九）,,224032102,CS224032102,XCJ,XCJ,XCJ,XCJ,XCJ,False,/home/ubuntu/sunlong/gcms_consistency_old/new_prepared_data/tensors/20240325/XCJ/0345_B04_0419_224032102.npz
B04_0420_124032201,/home/ubuntu/sunlong/gcms_consistency_old/dataset/20240325/420#HYZCS124032201.D,420#HYZCS124032201.D,4,20240325,420.0,HYZ,云烟（紫）,,124032201,CS124032201,HYZ,HYZ,HYZ,HYZ,HYZ,False,/home/ubuntu/sunlong/gcms_consistency_old/new_prepared_data/tensors/20240325/HYZ/0346_B04_0420_124032201.npz
B04_0421_124032203,/home/ubuntu/sunlong/gcms_consistency_old/dataset/20240325/421#HYZCS124032203.D,421#HYZCS124032203.D,4,20240325,421.0,HYZ,云烟（紫）,,124032203,CS124032203,HYZ,HYZ,HYZ,HYZ,HYZ,False,/home/ubuntu/sunlong/gcms_consistency_old/new_prepared_data/tensors/20240325/HYZ/0347_B04_0421_124032203.npz
B04_0422_124032209,/home/ubuntu/sunlong/gcms_consistency_old/dataset/20240325/422#HYZCS124032209.D,422#HYZCS124032209.D,4,20240325,422.0,HYZ,云烟（紫）,,124032209,CS124032209,HYZ,HYZ,HYZ,HYZ,HYZ,False,/home/ubuntu/sunlong/gcms_consistency_old/new_prepared_data/tensors/20240325/HYZ/0348_B04_0422_124032209.npz
B04_0423_124032212,/home/ubuntu/sunlong/gcms_consistency_old/dataset/20240325/423#HYZCS124032212.D,423#HYZCS124032212.D,4,20240325,423.0,HYZ,云烟（紫）,,124032212,CS124032212,HYZ,HYZ,HYZ,HYZ,HYZ,False,/home/ubuntu/sunlong/gcms_consistency_old/new_prepared_data/tensors/20240325/HYZ/0349_B04_0423_124032212.npz
B04_0424_124032213,/home/ubuntu/sunlong/gcms_consistency_old/dataset/20240325/424#HYZCS124032213.D,424#HYZCS124032213.D,4,20240325,424.0,HYZ,云烟（紫）,,124032213,CS124032213,HYZ,HYZ,HYZ,HYZ,HYZ,False,/home/ubuntu/sunlong/gcms_consistency_old/new_prepared_data/tensors/20240325/HYZ/0350_B04_0424_124032213.npz
B04_0425_124032205,/home/ubuntu/sunlong/gcms_consistency_old/dataset/20240325/425#H88CS124032205.D,425#H88CS124032205.D,4,20240325,425.0,H88,红河（88）,,124032205,CS124032205,H88,H88,H88,H88,H88,False,/home/ubuntu/sunlong/gcms_consistency_old/new_prepared_data/tensors/20240325/H88/0351_B04_0425_124032205.npz
B04_0427_124032207,/home/ubuntu/sunlong/gcms_consistency_old/dataset/20240325/427#H88CS124032207.D,427#H88CS124032207.D,4,20240325,427.0,H88,红河（88）,,124032207,CS124032207,H88,H88,H88,H88,H88,False,/home/ubuntu/sunlong/gcms_consistency_old/new_prepared_data/tensors/20240325/H88/0352_B04_0427_124032207.npz
B04_0428_124032208,/home/ubuntu/sunlong/gcms_consistency_old/dataset/20240325/428#H99CS124032208.D,428#H99CS124032208.D,4,20240325,428.0,H99,红河（99）,,124032208,CS124032208,H99,H99,H99,H99,H99,False,/home/ubuntu/sunlong/gcms_consistency_old/new_prepared_data/tensors/20240325/H99/0353_B04_0428_124032208.npz
B04_0429_124032210,/home/ubuntu/sunlong/gcms_consistency_old/dataset/20240325/429#H99CS124032210.D,429#H99CS124032210.D,4,20240325,429.0,H99,红河（99）,,124032210,CS124032210,H99,H99,H99,H99,H99,False,/home/ubuntu/sunlong/gcms_consistency_old/new_prepared_data/tensors/20240325/H99/0354_B04_0429_124032210.npz
B04_0430_124032202,/home/ubuntu/sunlong/gcms_consistency_old/dataset/20240325/430#HRJCS124032202.D,430#HRJCS124032202.D,4,20240325,430.0,HRJ,红河（软甲）,,124032202,CS124032202,HRJ,HRJ,HRJ,HRJ,HRJ,False,/home/ubuntu/sunlong/gcms_consistency_old/new_prepared_data/tensors/20240325/HRJ/0355_B04_0430_124032202.npz
B04_0432_124032501,/home/ubuntu/sunlong/gcms_consistency_old/dataset/20240325/432#HYZCS124032501.D,432#HYZCS124032501.D,4,20240325,432.0,HYZ,云烟（紫）,,124032501,CS124032501,HYZ,HYZ,HYZ,HYZ,HYZ,False,/home/ubuntu/sunlong/gcms_consistency_old/new_prepared_data/tensors/20240325/HYZ/0356_B04_0432_124032501.npz
B04_0433_124032503,/home/ubuntu/sunlong/gcms_consistency_old/dataset/20240325/433#HYZCS124032503.D,433#HYZCS124032503.D,4,20240325,433.0,HYZ,云烟（紫）,,124032503,CS124032503,HYZ,HYZ,HYZ,HYZ,HYZ,False,/home/ubuntu/sunlong/gcms_consistency_old/new_prepared_data/tensors/20240325/HYZ/0357_B04_0433_124032503.npz
B04_0434_124032505,/home/ubuntu/sunlong/gcms_consistency_old/dataset/20240325/434#HYZCS124032505.D,434#HYZCS124032505.D,4,20240325,434.0,HYZ,云烟（紫）,,124032505,CS124032505,HYZ,HYZ,HYZ,HYZ,HYZ,False,/home/ubuntu/sunlong/gcms_consistency_old/new_prepared_data/tensors/20240325/HYZ/0358_B04_0434_124032505.npz
B04_0435_124032508,/home/ubuntu/sunlong/gcms_consistency_old/dataset/20240325/435#HYZCS124032508.D,435#HYZCS124032508.D,4,20240325,435.0,HYZ,云烟（紫）,,124032508,CS124032508,HYZ,HYZ,HYZ,HYZ,HYZ,False,/home/ubuntu/sunlong/gcms_consistency_old/new_prepared_data/tensors/20240325/HYZ/0359_B04_0435_124032508.npz
B04_0436_124032511,/home/ubuntu/sunlong/gcms_consistency_old/dataset/20240325/436#HYZCS124032511.D,436#HYZCS124032511.D,4,20240325,436.0,HYZ,云烟（紫）,,124032511,CS124032511,HYZ,HYZ,HYZ,HYZ,HYZ,False,/home/ubuntu/sunlong/gcms_consistency_old/new_prepared_data/tensors/20240325/HYZ/0360_B04_0436_124032511.npz
B04_0437_124032514,/home/ubuntu/sunlong/gcms_consistency_old/dataset/20240325/437#HYZCS124032514.D,437#HYZCS124032514.D,4,20240325,437.0,HYZ,云烟（紫）,,124032514,CS124032514,HYZ,HYZ,HYZ,HYZ,HYZ,False,/home/ubuntu/sunlong/gcms_consistency_old/new_prepared_data/tensors/20240325/HYZ/0361_B04_0437_124032514.npz
B04_0438_124032504,/home/ubuntu/sunlong/gcms_consistency_old/dataset/20240325/438#H99CS124032504.D,438#H99CS124032504.D,4,20240325,438.0,H99,红河（99）,,124032504,CS124032504,H99,H99,H99,H99,H99,False,/home/ubuntu/sunlong/gcms_consistency_old/new_prepared_data/tensors/20240325/H99/0362_B04_0438_124032504.npz
B04_0439_124032512,/home/ubuntu/sunlong/gcms_consistency_old/dataset/20240325/439#H99CS124032512.D,439#H99CS124032512.D,4,20240325,439.0,H99,红河（99）,,124032512,CS124032512,H99,H99,H99,H99,H99,False,/home/ubuntu/sunlong/gcms_consistency_old/new_prepared_data/tensors/20240325/H99/0363_B04_0439_124032512.npz
B04_0440_124032516,/home/ubuntu/sunlong/gcms_consistency_old/dataset/20240325/440#H99CS124032516.D,440#H99CS124032516.D,4,20240325,440.0,H99,红河（99）,,124032516,CS124032516,H99,H99,H99,H99,H99,False,/home/ubuntu/sunlong/gcms_consistency_old/new_prepared_data/tensors/20240325/H99/0364_B04_0440_124032516.npz
B04_0443_124032502,/home/ubuntu/sunlong/gcms_consistency_old/dataset/20240325/443#HRJCS124032502.D,443#HRJCS124032502.D,4,20240325,443.0,HRJ,红河（软甲）,,124032502,CS124032502,HRJ,HRJ,HRJ,HRJ,HRJ,False,/home/ubuntu/sunlong/gcms_consistency_old/new_prepared_data/tensors/20240325/HRJ/0365_B04_0443_124032502.npz
B04_0444_124032507,/home/ubuntu/sunlong/gcms_consistency_old/dataset/20240325/444#HRJCS124032507.D,444#HRJCS124032507.D,4,20240325,444.0,HRJ,红河（软甲）,,124032507,CS124032507,HRJ,HRJ,HRJ,HRJ,HRJ,False,/home/ubuntu/sunlong/gcms_consistency_old/new_prepared_data/tensors/20240325/HRJ/0366_B04_0444_124032507.npz
B04_0445_124032510,/home/ubuntu/sunlong/gcms_consistency_old/dataset/20240325/445#HRJCS124032510.D,445#HRJCS124032510.D,4,20240325,445.0,HRJ,红河（软甲）,,124032510,CS124032510,HRJ,HRJ,HRJ,HRJ,HRJ,False,/home/ubuntu/sunlong/gcms_consistency_old/new_prepared_data/tensors/20240325/HRJ/0367_B04_0445_124032510.npz
B04_0446_124032513,/home/ubuntu/sunlong/gcms_consistency_old/dataset/20240325/446#HRJCS124032513.D,446#HRJCS124032513.D,4,20240325,446.0,HRJ,红河（软甲）,,124032513,CS124032513,HRJ,HRJ,HRJ,HRJ,HRJ,False,/home/ubuntu/sunlong/gcms_consistency_old/new_prepared_data/tensors/20240325/HRJ/0368_B04_0446_124032513.npz
B04_0447_124032515,/home/ubuntu/sunlong/gcms_consistency_old/dataset/20240325/447#HYXCS124032515.D,447#HYXCS124032515.D,4,20240325,447.0,HYX,云烟（印象）,,124032515,CS124032515,HYX,HYX,HYX,HYX,HYX,False,/home/ubuntu/sunlong/gcms_consistency_old/new_prepared_data/tensors/20240325/HYX/0369_B04_0447_124032515.npz
B04_0448_124032515,/home/ubuntu/sunlong/gcms_consistency_old/dataset/20240325/448#HYXCS124032515.D,448#HYXCS124032515.D,4,20240325,448.0,HYX,云烟（印象）,,124032515,CS124032515,HYX,HYX,HYX,HYX,HYX,False,/home/ubuntu/sunlong/gcms_consistency_old/new_prepared_data/tensors/20240325/HYX/0370_B04_0448_124032515.npz
B04_0449_124032515,/home/ubuntu/sunlong/gcms_consistency_old/dataset/20240325/449#HYXCS124032515.D,449#HYXCS124032515.D,4,20240325,449.0,HYX,云烟（印象）,,124032515,CS124032515,HYX,HYX,HYX,HYX,HYX,False,/home/ubuntu/sunlong/gcms_consistency_old/new_prepared_data/tensors/20240325/HYX/0371_B04_0449_124032515.npz
B04_0450_124032515,/home/ubuntu/sunlong/gcms_consistency_old/dataset/20240325/450#HYXCS124032515.D,450#HYXCS124032515.D,4,20240325,450.0,HYX,云烟（印象）,,124032515,CS124032515,HYX,HYX,HYX,HYX,HYX,False,/home/ubuntu/sunlong/gcms_consistency_old/new_prepared_data/tensors/20240325/HYX/0372_B04_0450_124032515.npz
B04_0451_124032515,/home/ubuntu/sunlong/gcms_consistency_old/dataset/20240325/451#HYXCS124032515.D,451#HYXCS124032515.D,4,20240325,451.0,HYX,云烟（印象）,,124032515,CS124032515,HYX,HYX,HYX,HYX,HYX,False,/home/ubuntu/sunlong/gcms_consistency_old/new_prepared_data/tensors/20240325/HYX/0373_B04_0451_124032515.npz
B04_0452_124032515,/home/ubuntu/sunlong/gcms_consistency_old/dataset/20240325/452#HYXCS124032515.D,452#HYXCS124032515.D,4,20240325,452.0,HYX,云烟（印象）,,124032515,CS124032515,HYX,HYX,HYX,HYX,HYX,False,/home/ubuntu/sunlong/gcms_consistency_old/new_prepared_data/tensors/20240325/HYX/0374_B04_0452_124032515.npz
B04_0453_124032517,/home/ubuntu/sunlong/gcms_consistency_old/dataset/20240325/453#HDCCS124032517.D,453#HDCCS124032517.D,4,20240325,453.0,HDC,红河（道）彩膜版,,124032517,CS124032517,HDC,HDC,HDC,HDC,HDC,False,/home/ubuntu/sunlong/gcms_consistency_old/new_prepared_data/tensors/20240325/HDC/0375_B04_0453_124032517.npz
B04_0454_124032517,/home/ubuntu/sunlong/gcms_consistency_old/dataset/20240325/454#HDCCS124032517.D,454#HDCCS124032517.D,4,20240325,454.0,HDC,红河（道）彩膜版,,124032517,CS124032517,HDC,HDC,HDC,HDC,HDC,False,/home/ubuntu/sunlong/gcms_consistency_old/new_prepared_data/tensors/20240325/HDC/0376_B04_0454_124032517.npz
B04_0455_124032517,/home/ubuntu/sunlong/gcms_consistency_old/dataset/20240325/455#HDCCS124032517.D,455#HDCCS124032517.D,4,20240325,455.0,HDC,红河（道）彩膜版,,124032517,CS124032517,HDC,HDC,HDC,HDC,HDC,False,/home/ubuntu/sunlong/gcms_consistency_old/new_prepared_data/tensors/20240325/HDC/0377_B04_0455_124032517.npz
B04_0456_124032517,/home/ubuntu/sunlong/gcms_consistency_old/dataset/20240325/456#HDCCS124032517.D,456#HDCCS124032517.D,4,20240325,456.0,HDC,红河（道）彩膜版,,124032517,CS124032517,HDC,HDC,HDC,HDC,HDC,False,/home/ubuntu/sunlong/gcms_consistency_old/new_prepared_data/tensors/20240325/HDC/0378_B04_0456_124032517.npz
B04_0457_124032517,/home/ubuntu/sunlong/gcms_consistency_old/dataset/20240325/457#HDCCS124032517.D,457#HDCCS124032517.D,4,20240325,457.0,HDC,红河（道）彩膜版,,124032517,CS124032517,HDC,HDC,HDC,HDC,HDC,False,/home/ubuntu/sunlong/gcms_consistency_old/new_prepared_data/tensors/20240325/HDC/0379_B04_0457_124032517.npz
B04_0458_124032517,/home/ubuntu/sunlong/gcms_consistency_old/dataset/20240325/458#HDCCS124032517.D,458#HDCCS124032517.D,4,20240325,458.0,HDC,红河（道）彩膜版,,124032517,CS124032517,HDC,HDC,HDC,HDC,HDC,False,/home/ubuntu/sunlong/gcms_consistency_old/new_prepared_data/tensors/20240325/HDC/0380_B04_0458_124032517.npz
B04_0459_124032517,/home/ubuntu/sunlong/gcms_consistency_old/dataset/20240325/459#HDCCS124032517.D,459#HDCCS124032517.D,4,20240325,459.0,HDC,红河（道）彩膜版,,124032517,CS124032517,HDC,HDC,HDC,HDC,HDC,False,/home/ubuntu/sunlong/gcms_consistency_old/new_prepared_data/tensors/20240325/HDC/0381_B04_0459_124032517.npz
B04_0460_124032517,/home/ubuntu/sunlong/gcms_consistency_old/dataset/20240325/460#HDCCS124032517.D,460#HDCCS124032517.D,4,20240325,460.0,HDC,红河（道）彩膜版,,124032517,CS124032517,HDC,HDC,HDC,HDC,HDC,False,/home/ubuntu/sunlong/gcms_consistency_old/new_prepared_data/tensors/20240325/HDC/0382_B04_0460_124032517.npz
B04_0461_124032517,/home/ubuntu/sunlong/gcms_consistency_old/dataset/20240325/461#HDCCS124032517.D,461#HDCCS124032517.D,4,20240325,461.0,HDC,红河（道）彩膜版,,124032517,CS124032517,HDC,HDC,HDC,HDC,HDC,False,/home/ubuntu/sunlong/gcms_consistency_old/new_prepared_data/tensors/20240325/HDC/0383_B04_0461_124032517.npz
B04_0462_124032517,/home/ubuntu/sunlong/gcms_consistency_old/dataset/20240325/462#HDCCS124032517.D,462#HDCCS124032517.D,4,20240325,462.0,HDC,红河（道）彩膜版,,124032517,CS124032517,HDC,HDC,HDC,HDC,HDC,False,/home/ubuntu/sunlong/gcms_consistency_old/new_prepared_data/tensors/20240325/HDC/0384_B04_0462_124032517.npz
B04_0463_124032517,/home/ubuntu/sunlong/gcms_consistency_old/dataset/20240325/463#HDCCS124032517.D,463#HDCCS124032517.D,4,20240325,463.0,HDC,红河（道）彩膜版,,124032517,CS124032517,HDC,HDC,HDC,HDC,HDC,False,/home/ubuntu/sunlong/gcms_consistency_old/new_prepared_data/tensors/20240325/HDC/0385_B04_0463_124032517.npz
B04_0464_124032517,/home/ubuntu/sunlong/gcms_consistency_old/dataset/20240325/464#HDCCS124032517.D,464#HDCCS124032517.D,4,20240325,464.0,HDC,红河（道）彩膜版,,124032517,CS124032517,HDC,HDC,HDC,HDC,HDC,False,/home/ubuntu/sunlong/gcms_consistency_old/new_prepared_data/tensors/20240325/HDC/0386_B04_0464_124032517.npz
B04_0465_124032517,/home/ubuntu/sunlong/gcms_consistency_old/dataset/20240325/465#HDCCS124032517.D,465#HDCCS124032517.D,4,20240325,465.0,HDC,红河（道）彩膜版,,124032517,CS124032517,HDC,HDC,HDC,HDC,HDC,False,/home/ubuntu/sunlong/gcms_consistency_old/new_prepared_data/tensors/20240325/HDC/0387_B04_0465_124032517.npz
B04_0466_124032517,/home/ubuntu/sunlong/gcms_consistency_old/dataset/20240325/466#HDCCS124032517.D,466#HDCCS124032517.D,4,20240325,466.0,HDC,红河（道）彩膜版,,124032517,CS124032517,HDC,HDC,HDC,HDC,HDC,False,/home/ubuntu/sunlong/gcms_consistency_old/new_prepared_data/tensors/20240325/HDC/0388_B04_0466_124032517.npz
B04_0467_124032517,/home/ubuntu/sunlong/gcms_consistency_old/dataset/20240325/467#HDCCS124032517.D,467#HDCCS124032517.D,4,20240325,467.0,HDC,红河（道）彩膜版,,124032517,CS124032517,HDC,HDC,HDC,HDC,HDC,False,/home/ubuntu/sunlong/gcms_consistency_old/new_prepared_data/tensors/20240325/HDC/0389_B04_0467_124032517.npz
B04_0468_124032601,/home/ubuntu/sunlong/gcms_consistency_old/dataset/20240325/468#HYZCS124032601.D,468#HYZCS124032601.D,4,20240325,468.0,HYZ,云烟（紫）,,124032601,CS124032601,HYZ,HYZ,HYZ,HYZ,HYZ,False,/home/ubuntu/sunlong/gcms_consistency_old/new_prepared_data/tensors/20240325/HYZ/0390_B04_0468_124032601.npz
B04_0469_124032603,/home/ubuntu/sunlong/gcms_consistency_old/dataset/20240325/469#HYZCS124032603.D,469#HYZCS124032603.D,4,20240325,469.0,HYZ,云烟（紫）,,124032603,CS124032603,HYZ,HYZ,HYZ,HYZ,HYZ,False,/home/ubuntu/sunlong/gcms_consistency_old/new_prepared_data/tensors/20240325/HYZ/0391_B04_0469_124032603.npz
B04_0470_124032606,/home/ubuntu/sunlong/gcms_consistency_old/dataset/20240325/470#HRYCS124032606.D,470#HRYCS124032606.D,4,20240325,470.0,HRY,云烟（软如意）,,124032606,CS124032606,HRY,HRY,HRY,HRY,HRY,False,/home/ubuntu/sunlong/gcms_consistency_old/new_prepared_data/tensors/20240325/HRY/0392_B04_0470_124032606.npz
B04_0471_124032608,/home/ubuntu/sunlong/gcms_consistency_old/dataset/20240325/471#HRYCS124032608.D,471#HRYCS124032608.D,4,20240325,471.0,HRY,云烟（软如意）,,124032608,CS124032608,HRY,HRY,HRY,HRY,HRY,False,/home/ubuntu/sunlong/gcms_consistency_old/new_prepared_data/tensors/20240325/HRY/0393_B04_0471_124032608.npz
B04_0472_124032609,/home/ubuntu/sunlong/gcms_consistency_old/dataset/20240325/472#HRYCS124032609.D,472#HRYCS124032609.D,4,20240325,472.0,HRY,云烟（软如意）,,124032609,CS124032609,HRY,HRY,HRY,HRY,HRY,False,/home/ubuntu/sunlong/gcms_consistency_old/new_prepared_data/tensors/20240325/HRY/0394_B04_0472_124032609.npz
B04_0473_124032607,/home/ubuntu/sunlong/gcms_consistency_old/dataset/20240325/473#H88CS124032607.D,473#H88CS124032607.D,4,20240325,473.0,H88,红河（88）,,124032607,CS124032607,H88,H88,H88,H88,H88,False,/home/ubuntu/sunlong/gcms_consistency_old/new_prepared_data/tensors/20240325/H88/0395_B04_0473_124032607.npz
B05_0017_124040213,/home/ubuntu/sunlong/gcms_consistency_old/dataset/20240403/017#HYZCS124040213.D,017#HYZCS124040213.D,5,20240403,17.0,HYZ,云烟（紫）,,124040213,CS124040213,HYZ,HYZ,HYZ,HYZ,HYZ,False,/home/ubuntu/sunlong/gcms_consistency_old/new_prepared_data/tensors/20240403/HYZ/0396_B05_0017_124040213.npz
B05_0018_124040214,/home/ubuntu/sunlong/gcms_consistency_old/dataset/20240403/018#HYZCS124040214.D,018#HYZCS124040214.D,5,20240403,18.0,HYZ,云烟（紫）,,124040214,CS124040214,HYZ,HYZ,HYZ,HYZ,HYZ,False,/home/ubuntu/sunlong/gcms_consistency_old/new_prepared_data/tensors/20240403/HYZ/0397_B05_0018_124040214.npz
B05_0019_124040216,/home/ubuntu/sunlong/gcms_consistency_old/dataset/20240403/019#HYZCS124040216.D,019#HYZCS124040216.D,5,20240403,19.0,HYZ,云烟（紫）,,124040216,CS124040216,HYZ,HYZ,HYZ,HYZ,HYZ,False,/home/ubuntu/sunlong/gcms_consistency_old/new_prepared_data/tensors/20240403/HYZ/0398_B05_0019_124040216.npz
B05_0020_124040201,/home/ubuntu/sunlong/gcms_consistency_old/dataset/20240403/020#H88CS124040201.D,020#H88CS124040201.D,5,20240403,20.0,H88,红河（88）,,124040201,CS124040201,H88,H88,H88,H88,H88,False,/home/ubuntu/sunlong/gcms_consistency_old/new_prepared_data/tensors/20240403/H88/0399_B05_0020_124040201.npz
B05_0021_124040203,/home/ubuntu/sunlong/gcms_consistency_old/dataset/20240403/021#H88CS124040203.D,021#H88CS124040203.D,5,20240403,21.0,H88,红河（88）,,124040203,CS124040203,H88,H88,H88,H88,H88,False,/home/ubuntu/sunlong/gcms_consistency_old/new_prepared_data/tensors/20240403/H88/0400_B05_0021_124040203.npz
B05_0022_124040205,/home/ubuntu/sunlong/gcms_consistency_old/dataset/20240403/022#H88CS124040205.D,022#H88CS124040205.D,5,20240403,22.0,H88,红河（88）,,124040205,CS124040205,H88,H88,H88,H88,H88,False,/home/ubuntu/sunlong/gcms_consistency_old/new_prepared_data/tensors/20240403/H88/0401_B05_0022_124040205.npz
B05_0023_124040207,/home/ubuntu/sunlong/gcms_consistency_old/dataset/20240403/023#H88CS124040207.D,023#H88CS124040207.D,5,20240403,23.0,H88,红河（88）,,124040207,CS124040207,H88,H88,H88,H88,H88,False,/home/ubuntu/sunlong/gcms_consistency_old/new_prepared_data/tensors/20240403/H88/0402_B05_0023_124040207.npz
B05_0024_124040210,/home/ubuntu/sunlong/gcms_consistency_old/dataset/20240403/024#H88CS124040210.D,024#H88CS124040210.D,5,20240403,24.0,H88,红河（88）,,124040210,CS124040210,H88,H88,H88,H88,H88,False,/home/ubuntu/sunlong/gcms_consistency_old/new_prepared_data/tensors/20240403/H88/0403_B05_0024_124040210.npz
B05_0025_124040217,/home/ubuntu/sunlong/gcms_consistency_old/dataset/20240403/025#H88CS124040217.D,025#H88CS124040217.D,5,20240403,25.0,H88,红河（88）,,124040217,CS124040217,H88,H88,H88,H88,H88,False,/home/ubuntu/sunlong/gcms_consistency_old/new_prepared_data/tensors/20240403/H88/0404_B05_0025_124040217.npz
B05_0026_124040211,/home/ubuntu/sunlong/gcms_consistency_old/dataset/20240403/026#H99CS124040211.D,026#H99CS124040211.D,5,20240403,26.0,H99,红河（99）,,124040211,CS124040211,H99,H99,H99,H99,H99,False,/home/ubuntu/sunlong/gcms_consistency_old/new_prepared_data/tensors/20240403/H99/0405_B05_0026_124040211.npz
B06_0001_125030302,/home/ubuntu/sunlong/gcms_consistency_old/dataset/20250310/0001#HYZBCS125030302.D,0001#HYZBCS125030302.D,6,20250310,1.0,HYZ,云烟（紫）,B,125030302,BCS125030302,HYZ,HYZ,HYZ,HYZ,HYZ,False,/home/ubuntu/sunlong/gcms_consistency_old/new_prepared_data/tensors/20250310/HYZ/0406_B06_0001_125030302.npz
B06_0002_125030303,/home/ubuntu/sunlong/gcms_consistency_old/dataset/20250310/0002#H99CCS125030303.D,0002#H99CCS125030303.D,6,20250310,2.0,H99,红河（99）,C,125030303,CCS125030303,H99,H99,H99,H99,H99,False,/home/ubuntu/sunlong/gcms_consistency_old/new_prepared_data/tensors/20250310/H99/0407_B06_0002_125030303.npz
B06_0003_125030304,/home/ubuntu/sunlong/gcms_consistency_old/dataset/20250310/0003#HRJACS125030304.D,0003#HRJACS125030304.D,6,20250310,3.0,HRJ,红河（软甲）,A,125030304,ACS125030304,HRJ,HRJ,HRJ,HRJ,HRJ,False,/home/ubuntu/sunlong/gcms_consistency_old/new_prepared_data/tensors/20250310/HRJ/0408_B06_0003_125030304.npz
B06_0004_125030305,/home/ubuntu/sunlong/gcms_consistency_old/dataset/20250310/0004#HYZBCS125030305.D,0004#HYZBCS125030305.D,6,20250310,4.0,HYZ,云烟（紫）,B,125030305,BCS125030305,HYZ,HYZ,HYZ,HYZ,HYZ,False,/home/ubuntu/sunlong/gcms_consistency_old/new_prepared_data/tensors/20250310/HYZ/0409_B06_0004_125030305.npz
B06_0005_125030312,/home/ubuntu/sunlong/gcms_consistency_old/dataset/20250310/0005#HYZBCS125030312.D,0005#HYZBCS125030312.D,6,20250310,5.0,HYZ,云烟（紫）,B,125030312,BCS125030312,HYZ,HYZ,HYZ,HYZ,HYZ,False,/home/ubuntu/sunlong/gcms_consistency_old/new_prepared_data/tensors/20250310/HYZ/0410_B06_0005_125030312.npz
B06_0006_125030306,/home/ubuntu/sunlong/gcms_consistency_old/dataset/20250310/0006#H99CCS125030306.D,0006#H99CCS125030306.D,6,20250310,6.0,H99,红河（99）,C,125030306,CCS125030306,H99,H99,H99,H99,H99,False,/home/ubuntu/sunlong/gcms_consistency_old/new_prepared_data/tensors/20250310/H99/0411_B06_0006_125030306.npz
B06_0007_125030311,/home/ubuntu/sunlong/gcms_consistency_old/dataset/20250310/0007#H88CCS125030311.D,0007#H88CCS125030311.D,6,20250310,7.0,H88,红河（88）,C,125030311,CCS125030311,H88,H88,H88,H88,H88,False,/home/ubuntu/sunlong/gcms_consistency_old/new_prepared_data/tensors/20250310/H88/0412_B06_0007_125030311.npz
B06_0008_125030301,/home/ubuntu/sunlong/gcms_consistency_old/dataset/20250310/0008#HRJACS125030301.D,0008#HRJACS125030301.D,6,20250310,8.0,HRJ,红河（软甲）,A,125030301,ACS125030301,HRJ,HRJ,HRJ,HRJ,HRJ,False,/home/ubuntu/sunlong/gcms_consistency_old/new_prepared_data/tensors/20250310/HRJ/0413_B06_0008_125030301.npz
B06_0009_125030308,/home/ubuntu/sunlong/gcms_consistency_old/dataset/20250310/0009#H88CCS125030308.D,0009#H88CCS125030308.D,6,20250310,9.0,H88,红河（88）,C,125030308,CCS125030308,H88,H88,H88,H88,H88,False,/home/ubuntu/sunlong/gcms_consistency_old/new_prepared_data/tensors/20250310/H88/0414_B06_0009_125030308.npz
B06_0010_125030310,/home/ubuntu/sunlong/gcms_consistency_old/dataset/20250310/0010#HRJACS125030310.D,0010#HRJACS125030310.D,6,20250310,10.0,HRJ,红河（软甲）,A,125030310,ACS125030310,HRJ,HRJ,HRJ,HRJ,HRJ,False,/home/ubuntu/sunlong/gcms_consistency_old/new_prepared_data/tensors/20250310/HRJ/0415_B06_0010_125030310.npz
B06_0011_125030307,/home/ubuntu/sunlong/gcms_consistency_old/dataset/20250310/0011#HYZBCS125030307.D,0011#HYZBCS125030307.D,6,20250310,11.0,HYZ,云烟（紫）,B,125030307,BCS125030307,HYZ,HYZ,HYZ,HYZ,HYZ,False,/home/ubuntu/sunlong/gcms_consistency_old/new_prepared_data/tensors/20250310/HYZ/0416_B06_0011_125030307.npz
B06_0012_125030309,/home/ubuntu/sunlong/gcms_consistency_old/dataset/20250310/0012#HYZBCS125030309.D,0012#HYZBCS125030309.D,6,20250310,12.0,HYZ,云烟（紫）,B,125030309,BCS125030309,HYZ,HYZ,HYZ,HYZ,HYZ,False,/home/ubuntu/sunlong/gcms_consistency_old/new_prepared_data/tensors/20250310/HYZ/0417_B06_0012_125030309.npz
B06_0013_125030405,/home/ubuntu/sunlong/gcms_consistency_old/dataset/20250310/0013#H88ACS125030405.D,0013#H88ACS125030405.D,6,20250310,13.0,H88,红河（88）,A,125030405,ACS125030405,H88,H88,H88,H88,H88,False,/home/ubuntu/sunlong/gcms_consistency_old/new_prepared_data/tensors/20250310/H88/0418_B06_0013_125030405.npz
B06_0014_125030410,/home/ubuntu/sunlong/gcms_consistency_old/dataset/20250310/0014#HYZBCS125030410.D,0014#HYZBCS125030410.D,6,20250310,14.0,HYZ,云烟（紫）,B,125030410,BCS125030410,HYZ,HYZ,HYZ,HYZ,HYZ,False,/home/ubuntu/sunlong/gcms_consistency_old/new_prepared_data/tensors/20250310/HYZ/0419_B06_0014_125030410.npz
B06_0015_125030411,/home/ubuntu/sunlong/gcms_consistency_old/dataset/20250310/0015#H88CCS125030411.D,0015#H88CCS125030411.D,6,20250310,15.0,H88,红河（88）,C,125030411,CCS125030411,H88,H88,H88,H88,H88,False,/home/ubuntu/sunlong/gcms_consistency_old/new_prepared_data/tensors/20250310/H88/0420_B06_0015_125030411.npz
B06_0016_125030414,/home/ubuntu/sunlong/gcms_consistency_old/dataset/20250310/0016#H88CCS125030414.D,0016#H88CCS125030414.D,6,20250310,16.0,H88,红河（88）,C,125030414,CCS125030414,H88,H88,H88,H88,H88,False,/home/ubuntu/sunlong/gcms_consistency_old/new_prepared_data/tensors/20250310/H88/0421_B06_0016_125030414.npz
B06_0017_125030412,/home/ubuntu/sunlong/gcms_consistency_old/dataset/20250310/0017#HYZBCS125030412.D,0017#HYZBCS125030412.D,6,20250310,17.0,HYZ,云烟（紫）,B,125030412,BCS125030412,HYZ,HYZ,HYZ,HYZ,HYZ,False,/home/ubuntu/sunlong/gcms_consistency_old/new_prepared_data/tensors/20250310/HYZ/0422_B06_0017_125030412.npz
B06_0018_125030413,/home/ubuntu/sunlong/gcms_consistency_old/dataset/20250310/0018#H88ACS125030413.D,0018#H88ACS125030413.D,6,20250310,18.0,H88,红河（88）,A,125030413,ACS125030413,H88,H88,H88,H88,H88,False,/home/ubuntu/sunlong/gcms_consistency_old/new_prepared_data/tensors/20250310/H88/0423_B06_0018_125030413.npz
B06_0019_125030415,/home/ubuntu/sunlong/gcms_consistency_old/dataset/20250310/0019#HYZBCS125030415.D,0019#HYZBCS125030415.D,6,20250310,19.0,HYZ,云烟（紫）,B,125030415,BCS125030415,HYZ,HYZ,HYZ,HYZ,HYZ,False,/home/ubuntu/sunlong/gcms_consistency_old/new_prepared_data/tensors/20250310/HYZ/0424_B06_0019_125030415.npz
B06_0020_125030409,/home/ubuntu/sunlong/gcms_consistency_old/dataset/20250310/0020#H99CCS125030409.D,0020#H99CCS125030409.D,6,20250310,20.0,H99,红河（99）,C,125030409,CCS125030409,H99,H99,H99,H99,H99,False,/home/ubuntu/sunlong/gcms_consistency_old/new_prepared_data/tensors/20250310/H99/0425_B06_0020_125030409.npz
B06_0021_125030408,/home/ubuntu/sunlong/gcms_consistency_old/dataset/20250310/0021#HYZBCS125030408.D,0021#HYZBCS125030408.D,6,20250310,21.0,HYZ,云烟（紫）,B,125030408,BCS125030408,HYZ,HYZ,HYZ,HYZ,HYZ,False,/home/ubuntu/sunlong/gcms_consistency_old/new_prepared_data/tensors/20250310/HYZ/0426_B06_0021_125030408.npz
B06_0022_125030404,/home/ubuntu/sunlong/gcms_consistency_old/dataset/20250310/0022#H88CCS125030404.D,0022#H88CCS125030404.D,6,20250310,22.0,H88,红河（88）,C,125030404,CCS125030404,H88,H88,H88,H88,H88,False,/home/ubuntu/sunlong/gcms_consistency_old/new_prepared_data/tensors/20250310/H88/0427_B06_0022_125030404.npz
B06_0023_125030406,/home/ubuntu/sunlong/gcms_consistency_old/dataset/20250310/0023#HYZBCS125030406.D,0023#HYZBCS125030406.D,6,20250310,23.0,HYZ,云烟（紫）,B,125030406,BCS125030406,HYZ,HYZ,HYZ,HYZ,HYZ,False,/home/ubuntu/sunlong/gcms_consistency_old/new_prepared_data/tensors/20250310/HYZ/0428_B06_0023_125030406.npz
B06_0024_125030402,/home/ubuntu/sunlong/gcms_consistency_old/dataset/20250310/0024#H88ACS125030402.D,0024#H88ACS125030402.D,6,20250310,24.0,H88,红河（88）,A,125030402,ACS125030402,H88,H88,H88,H88,H88,False,/home/ubuntu/sunlong/gcms_consistency_old/new_prepared_data/tensors/20250310/H88/0429_B06_0024_125030402.npz
B06_0025_125030407,/home/ubuntu/sunlong/gcms_consistency_old/dataset/20250310/0025#H99CCS125030407.D,0025#H99CCS125030407.D,6,20250310,25.0,H99,红河（99）,C,125030407,CCS125030407,H99,H99,H99,H99,H99,False,/home/ubuntu/sunlong/gcms_consistency_old/new_prepared_data/tensors/20250310/H99/0430_B06_0025_125030407.npz
B06_0026_125030403,/home/ubuntu/sunlong/gcms_consistency_old/dataset/20250310/0026#HYZBCS125030403.D,0026#HYZBCS125030403.D,6,20250310,26.0,HYZ,云烟（紫）,B,125030403,BCS125030403,HYZ,HYZ,HYZ,HYZ,HYZ,False,/home/ubuntu/sunlong/gcms_consistency_old/new_prepared_data/tensors/20250310/HYZ/0431_B06_0026_125030403.npz
B06_0027_125030401,/home/ubuntu/sunlong/gcms_consistency_old/dataset/20250310/0027#H88ACS125030401.D,0027#H88ACS125030401.D,6,20250310,27.0,H88,红河（88）,A,125030401,ACS125030401,H88,H88,H88,H88,H88,False,/home/ubuntu/sunlong/gcms_consistency_old/new_prepared_data/tensors/20250310/H88/0432_B06_0027_125030401.npz
B06_0028_125030504,/home/ubuntu/sunlong/gcms_consistency_old/dataset/20250310/0028#H88ACS125030504.D,0028#H88ACS125030504.D,6,20250310,28.0,H88,红河（88）,A,125030504,ACS125030504,H88,H88,H88,H88,H88,False,/home/ubuntu/sunlong/gcms_consistency_old/new_prepared_data/tensors/20250310/H88/0433_B06_0028_125030504.npz
B06_0029_125030509,/home/ubuntu/sunlong/gcms_consistency_old/dataset/20250310/0029#HRYBCS125030509.D,0029#HRYBCS125030509.D,6,20250310,29.0,HRY,云烟（软如意）,B,125030509,BCS125030509,HRY,HRY,HRY,HRY,HRY,False,/home/ubuntu/sunlong/gcms_consistency_old/new_prepared_data/tensors/20250310/HRY/0434_B06_0029_125030509.npz
B06_0030_125030511,/home/ubuntu/sunlong/gcms_consistency_old/dataset/20250310/0030#HRYBCS125030511.D,0030#HRYBCS125030511.D,6,20250310,30.0,HRY,云烟（软如意）,B,125030511,BCS125030511,HRY,HRY,HRY,HRY,HRY,False,/home/ubuntu/sunlong/gcms_consistency_old/new_prepared_data/tensors/20250310/HRY/0435_B06_0030_125030511.npz
B06_0031_125030510,/home/ubuntu/sunlong/gcms_consistency_old/dataset/20250310/0031#HYZCCS125030510.D,0031#HYZCCS125030510.D,6,20250310,31.0,HYZ,云烟（紫）,C,125030510,CCS125030510,HYZ,HYZ,HYZ,HYZ,HYZ,False,/home/ubuntu/sunlong/gcms_consistency_old/new_prepared_data/tensors/20250310/HYZ/0436_B06_0031_125030510.npz
B06_0032_125030507,/home/ubuntu/sunlong/gcms_consistency_old/dataset/20250310/0032#HYZCCS125030507.D,0032#HYZCCS125030507.D,6,20250310,32.0,HYZ,云烟（紫）,C,125030507,CCS125030507,HYZ,HYZ,HYZ,HYZ,HYZ,False,/home/ubuntu/sunlong/gcms_consistency_old/new_prepared_data/tensors/20250310/HYZ/0437_B06_0032_125030507.npz
B06_0033_125030508,/home/ubuntu/sunlong/gcms_consistency_old/dataset/20250310/0033#H88ACS125030508.D,0033#H88ACS125030508.D,6,20250310,33.0,H88,红河（88）,A,125030508,ACS125030508,H88,H88,H88,H88,H88,False,/home/ubuntu/sunlong/gcms_consistency_old/new_prepared_data/tensors/20250310/H88/0438_B06_0033_125030508.npz
B06_0034_125030512,/home/ubuntu/sunlong/gcms_consistency_old/dataset/20250310/0034#H99CCS125030512.D,0034#H99CCS125030512.D,6,20250310,34.0,H99,红河（99）,C,125030512,CCS125030512,H99,H99,H99,H99,H99,False,/home/ubuntu/sunlong/gcms_consistency_old/new_prepared_data/tensors/20250310/H99/0439_B06_0034_125030512.npz
B06_0035_125030514,/home/ubuntu/sunlong/gcms_consistency_old/dataset/20250310/0035#H88CCS125030514.D,0035#H88CCS125030514.D,6,20250310,35.0,H88,红河（88）,C,125030514,CCS125030514,H88,H88,H88,H88,H88,False,/home/ubuntu/sunlong/gcms_consistency_old/new_prepared_data/tensors/20250310/H88/0440_B06_0035_125030514.npz
B06_0036_125030515,/home/ubuntu/sunlong/gcms_consistency_old/dataset/20250310/0036#HYZBCS125030515.D,0036#HYZBCS125030515.D,6,20250310,36.0,HYZ,云烟（紫）,B,125030515,BCS125030515,HYZ,HYZ,HYZ,HYZ,HYZ,False,/home/ubuntu/sunlong/gcms_consistency_old/new_prepared_data/tensors/20250310/HYZ/0441_B06_0036_125030515.npz
B06_0037_125030502,/home/ubuntu/sunlong/gcms_consistency_old/dataset/20250310/0037#HYZBCS125030502.D,0037#HYZBCS125030502.D,6,20250310,37.0,HYZ,云烟（紫）,B,125030502,BCS125030502,HYZ,HYZ,HYZ,HYZ,HYZ,False,/home/ubuntu/sunlong/gcms_consistency_old/new_prepared_data/tensors/20250310/HYZ/0442_B06_0037_125030502.npz
B06_0038_125030503,/home/ubuntu/sunlong/gcms_consistency_old/dataset/20250310/0038#H88CCS125030503.D,0038#H88CCS125030503.D,6,20250310,38.0,H88,红河（88）,C,125030503,CCS125030503,H88,H88,H88,H88,H88,False,/home/ubuntu/sunlong/gcms_consistency_old/new_prepared_data/tensors/20250310/H88/0443_B06_0038_125030503.npz
B06_0039_125030506,/home/ubuntu/sunlong/gcms_consistency_old/dataset/20250310/0039#H99CCS125030506.D,0039#H99CCS125030506.D,6,20250310,39.0,H99,红河（99）,C,125030506,CCS125030506,H99,H99,H99,H99,H99,False,/home/ubuntu/sunlong/gcms_consistency_old/new_prepared_data/tensors/20250310/H99/0444_B06_0039_125030506.npz
B06_0040_125030513,/home/ubuntu/sunlong/gcms_consistency_old/dataset/20250310/0040#HYZBCS125030513.D,0040#HYZBCS125030513.D,6,20250310,40.0,HYZ,云烟（紫）,B,125030513,BCS125030513,HYZ,HYZ,HYZ,HYZ,HYZ,False,/home/ubuntu/sunlong/gcms_consistency_old/new_prepared_data/tensors/20250310/HYZ/0445_B06_0040_125030513.npz
B06_0041_125030501,/home/ubuntu/sunlong/gcms_consistency_old/dataset/20250310/0041#H88ACS125030501.D,0041#H88ACS125030501.D,6,20250310,41.0,H88,红河（88）,A,125030501,ACS125030501,H88,H88,H88,H88,H88,False,/home/ubuntu/sunlong/gcms_consistency_old/new_prepared_data/tensors/20250310/H88/0446_B06_0041_125030501.npz
B06_0042_125030505,/home/ubuntu/sunlong/gcms_consistency_old/dataset/20250310/0042#HYZBCS125030505.D,0042#HYZBCS125030505.D,6,20250310,42.0,HYZ,云烟（紫）,B,125030505,BCS125030505,HYZ,HYZ,HYZ,HYZ,HYZ,False,/home/ubuntu/sunlong/gcms_consistency_old/new_prepared_data/tensors/20250310/HYZ/0447_B06_0042_125030505.npz
B06_0043_125030601,/home/ubuntu/sunlong/gcms_consistency_old/dataset/20250310/0043#H88ACS125030601.D,0043#H88ACS125030601.D,6,20250310,43.0,H88,红河（88）,A,125030601,ACS125030601,H88,H88,H88,H88,H88,False,/home/ubuntu/sunlong/gcms_consistency_old/new_prepared_data/tensors/20250310/H88/0448_B06_0043_125030601.npz
B06_0044_125030608,/home/ubuntu/sunlong/gcms_consistency_old/dataset/20250310/0044#H88ACS125030608.D,0044#H88ACS125030608.D,6,20250310,44.0,H88,红河（88）,A,125030608,ACS125030608,H88,H88,H88,H88,H88,False,/home/ubuntu/sunlong/gcms_consistency_old/new_prepared_data/tensors/20250310/H88/0449_B06_0044_125030608.npz
B06_0045_125030612,/home/ubuntu/sunlong/gcms_consistency_old/dataset/20250310/0045#H88CCS125030612.D,0045#H88CCS125030612.D,6,20250310,45.0,H88,红河（88）,C,125030612,CCS125030612,H88,H88,H88,H88,H88,False,/home/ubuntu/sunlong/gcms_consistency_old/new_prepared_data/tensors/20250310/H88/0450_B06_0045_125030612.npz
B06_0046_125030614,/home/ubuntu/sunlong/gcms_consistency_old/dataset/20250310/0046#H88CCS125030614.D,0046#H88CCS125030614.D,6,20250310,46.0,H88,红河（88）,C,125030614,CCS125030614,H88,H88,H88,H88,H88,False,/home/ubuntu/sunlong/gcms_consistency_old/new_prepared_data/tensors/20250310/H88/0451_B06_0046_125030614.npz
B06_0047_125030603,/home/ubuntu/sunlong/gcms_consistency_old/dataset/20250310/0047#H99CCS125030603.D,0047#H99CCS125030603.D,6,20250310,47.0,H99,红河（99）,C,125030603,CCS125030603,H99,H99,H99,H99,H99,False,/home/ubuntu/sunlong/gcms_consistency_old/new_prepared_data/tensors/20250310/H99/0452_B06_0047_125030603.npz
B06_0048_125030606,/home/ubuntu/sunlong/gcms_consistency_old/dataset/20250310/0048#H99CCS125030606.D,0048#H99CCS125030606.D,6,20250310,48.0,H99,红河（99）,C,125030606,CCS125030606,H99,H99,H99,H99,H99,False,/home/ubuntu/sunlong/gcms_consistency_old/new_prepared_data/tensors/20250310/H99/0453_B06_0048_125030606.npz
B06_0049_125030604,/home/ubuntu/sunlong/gcms_consistency_old/dataset/20250310/0049#HRJACS125030604.D,0049#HRJACS125030604.D,6,20250310,49.0,HRJ,红河（软甲）,A,125030604,ACS125030604,HRJ,HRJ,HRJ,HRJ,HRJ,False,/home/ubuntu/sunlong/gcms_consistency_old/new_prepared_data/tensors/20250310/HRJ/0454_B06_0049_125030604.npz
B06_0050_125030609,/home/ubuntu/sunlong/gcms_consistency_old/dataset/20250310/0050#HRYBCS125030609.D,0050#HRYBCS125030609.D,6,20250310,50.0,HRY,云烟（软如意）,B,125030609,BCS125030609,HRY,HRY,HRY,HRY,HRY,False,/home/ubuntu/sunlong/gcms_consistency_old/new_prepared_data/tensors/20250310/HRY/0455_B06_0050_125030609.npz
B06_0051_125030611,/home/ubuntu/sunlong/gcms_consistency_old/dataset/20250310/0051#HRYBCS125030611.D,0051#HRYBCS125030611.D,6,20250310,51.0,HRY,云烟（软如意）,B,125030611,BCS125030611,HRY,HRY,HRY,HRY,HRY,False,/home/ubuntu/sunlong/gcms_consistency_old/new_prepared_data/tensors/20250310/HRY/0456_B06_0051_125030611.npz
B06_0052_125030602,/home/ubuntu/sunlong/gcms_consistency_old/dataset/20250310/0052#HYZBCS125030602.D,0052#HYZBCS125030602.D,6,20250310,52.0,HYZ,云烟（紫）,B,125030602,BCS125030602,HYZ,HYZ,HYZ,HYZ,HYZ,False,/home/ubuntu/sunlong/gcms_consistency_old/new_prepared_data/tensors/20250310/HYZ/0457_B06_0052_125030602.npz
B06_0053_125030605,/home/ubuntu/sunlong/gcms_consistency_old/dataset/20250310/0053#HYZBCS125030605.D,0053#HYZBCS125030605.D,6,20250310,53.0,HYZ,云烟（紫）,B,125030605,BCS125030605,HYZ,HYZ,HYZ,HYZ,HYZ,False,/home/ubuntu/sunlong/gcms_consistency_old/new_prepared_data/tensors/20250310/HYZ/0458_B06_0053_125030605.npz
B06_0054_125030613,/home/ubuntu/sunlong/gcms_consistency_old/dataset/20250310/0054#HYZBCS125030613.D,0054#HYZBCS125030613.D,6,20250310,54.0,HYZ,云烟（紫）,B,125030613,BCS125030613,HYZ,HYZ,HYZ,HYZ,HYZ,False,/home/ubuntu/sunlong/gcms_consistency_old/new_prepared_data/tensors/20250310/HYZ/0459_B06_0054_125030613.npz
B06_0055_125030615,/home/ubuntu/sunlong/gcms_consistency_old/dataset/20250310/0055#HYZBCS125030615.D,0055#HYZBCS125030615.D,6,20250310,55.0,HYZ,云烟（紫）,B,125030615,BCS125030615,HYZ,HYZ,HYZ,HYZ,HYZ,False,/home/ubuntu/sunlong/gcms_consistency_old/new_prepared_data/tensors/20250310/HYZ/0460_B06_0055_125030615.npz
B06_0056_125030607,/home/ubuntu/sunlong/gcms_consistency_old/dataset/20250310/0056#HYZCCS125030607.D,0056#HYZCCS125030607.D,6,20250310,56.0,HYZ,云烟（紫）,C,125030607,CCS125030607,HYZ,HYZ,HYZ,HYZ,HYZ,False,/home/ubuntu/sunlong/gcms_consistency_old/new_prepared_data/tensors/20250310/HYZ/0461_B06_0056_125030607.npz
B06_0057_125030610,/home/ubuntu/sunlong/gcms_consistency_old/dataset/20250310/0057#HYZCCS125030610.D,0057#HYZCCS125030610.D,6,20250310,57.0,HYZ,云烟（紫）,C,125030610,CCS125030610,HYZ,HYZ,HYZ,HYZ,HYZ,False,/home/ubuntu/sunlong/gcms_consistency_old/new_prepared_data/tensors/20250310/HYZ/0462_B06_0057_125030610.npz
B06_0058_125030706,/home/ubuntu/sunlong/gcms_consistency_old/dataset/20250310/0058#H88CCS125030706.D,0058#H88CCS125030706.D,6,20250310,58.0,H88,红河（88）,C,125030706,CCS125030706,H88,H88,H88,H88,H88,False,/home/ubuntu/sunlong/gcms_consistency_old/new_prepared_data/tensors/20250310/H88/0463_B06_0058_125030706.npz
B06_0059_125030715,/home/ubuntu/sunlong/gcms_consistency_old/dataset/20250310/0059#H88CCS125030715.D,0059#H88CCS125030715.D,6,20250310,59.0,H88,红河（88）,C,125030715,CCS125030715,H88,H88,H88,H88,H88,False,/home/ubuntu/sunlong/gcms_consistency_old/new_prepared_data/tensors/20250310/H88/0464_B06_0059_125030715.npz
B06_0060_125030702,/home/ubuntu/sunlong/gcms_consistency_old/dataset/20250310/0060#H99CCS125030702.D,0060#H99CCS125030702.D,6,20250310,60.0,H99,红河（99）,C,125030702,CCS125030702,H99,H99,H99,H99,H99,False,/home/ubuntu/sunlong/gcms_consistency_old/new_prepared_data/tensors/20250310/H99/0465_B06_0060_125030702.npz
B06_0061_125030705,/home/ubuntu/sunlong/gcms_consistency_old/dataset/20250310/0061#H99CCS125030705.D,0061#H99CCS125030705.D,6,20250310,61.0,H99,红河（99）,C,125030705,CCS125030705,H99,H99,H99,H99,H99,False,/home/ubuntu/sunlong/gcms_consistency_old/new_prepared_data/tensors/20250310/H99/0466_B06_0061_125030705.npz
B06_0062_125030703,/home/ubuntu/sunlong/gcms_consistency_old/dataset/20250310/0062#HRJACS125030703.D,0062#HRJACS125030703.D,6,20250310,62.0,HRJ,红河（软甲）,A,125030703,ACS125030703,HRJ,HRJ,HRJ,HRJ,HRJ,False,/home/ubuntu/sunlong/gcms_consistency_old/new_prepared_data/tensors/20250310/HRJ/0467_B06_0062_125030703.npz
B06_0063_425030701,/home/ubuntu/sunlong/gcms_consistency_old/dataset/20250310/0063#HRJACS425030701.D,0063#HRJACS425030701.D,6,20250310,63.0,HRJ,红河（软甲）,A,425030701,ACS425030701,HRJ,HRJ,HRJ,HRJ,HRJ,False,/home/ubuntu/sunlong/gcms_consistency_old/new_prepared_data/tensors/20250310/HRJ/0468_B06_0063_425030701.npz
B06_0064_125030707,/home/ubuntu/sunlong/gcms_consistency_old/dataset/20250310/0064#HRYBCS125030707.D,0064#HRYBCS125030707.D,6,20250310,64.0,HRY,云烟（软如意）,B,125030707,BCS125030707,HRY,HRY,HRY,HRY,HRY,False,/home/ubuntu/sunlong/gcms_consistency_old/new_prepared_data/tensors/20250310/HRY/0469_B06_0064_125030707.npz
B06_0065_125030701,/home/ubuntu/sunlong/gcms_consistency_old/dataset/20250310/0065#HYZBCS125030701.D,0065#HYZBCS125030701.D,6,20250310,65.0,HYZ,云烟（紫）,B,125030701,BCS125030701,HYZ,HYZ,HYZ,HYZ,HYZ,False,/home/ubuntu/sunlong/gcms_consistency_old/new_prepared_data/tensors/20250310/HYZ/0470_B06_0065_125030701.npz
B06_0066_125030704,/home/ubuntu/sunlong/gcms_consistency_old/dataset/20250310/0066#HYZBCS125030704.D,0066#HYZBCS125030704.D,6,20250310,66.0,HYZ,云烟（紫）,B,125030704,BCS125030704,HYZ,HYZ,HYZ,HYZ,HYZ,False,/home/ubuntu/sunlong/gcms_consistency_old/new_prepared_data/tensors/20250310/HYZ/0471_B06_0066_125030704.npz
B06_0067_125030709,/home/ubuntu/sunlong/gcms_consistency_old/dataset/20250310/0067#HYZBCS125030709.D,0067#HYZBCS125030709.D,6,20250310,67.0,HYZ,云烟（紫）,B,125030709,BCS125030709,HYZ,HYZ,HYZ,HYZ,HYZ,False,/home/ubuntu/sunlong/gcms_consistency_old/new_prepared_data/tensors/20250310/HYZ/0472_B06_0067_125030709.npz
B06_0068_125030711,/home/ubuntu/sunlong/gcms_consistency_old/dataset/20250310/0068#HYZBCS125030711.D,0068#HYZBCS125030711.D,6,20250310,68.0,HYZ,云烟（紫）,B,125030711,BCS125030711,HYZ,HYZ,HYZ,HYZ,HYZ,False,/home/ubuntu/sunlong/gcms_consistency_old/new_prepared_data/tensors/20250310/HYZ/0473_B06_0068_125030711.npz
B06_0069_125030713,/home/ubuntu/sunlong/gcms_consistency_old/dataset/20250310/0069#HYZBCS125030713.D,0069#HYZBCS125030713.D,6,20250310,69.0,HYZ,云烟（紫）,B,125030713,BCS125030713,HYZ,HYZ,HYZ,HYZ,HYZ,False,/home/ubuntu/sunlong/gcms_consistency_old/new_prepared_data/tensors/20250310/HYZ/0474_B06_0069_125030713.npz
B06_0070_125030708,/home/ubuntu/sunlong/gcms_consistency_old/dataset/20250310/0070#HYZCCS125030708.D,0070#HYZCCS125030708.D,6,20250310,70.0,HYZ,云烟（紫）,C,125030708,CCS125030708,HYZ,HYZ,HYZ,HYZ,HYZ,False,/home/ubuntu/sunlong/gcms_consistency_old/new_prepared_data/tensors/20250310/HYZ/0475_B06_0070_125030708.npz
B06_0071_125030710,/home/ubuntu/sunlong/gcms_consistency_old/dataset/20250310/0071#HYZCCS125030710.D,0071#HYZCCS125030710.D,6,20250310,71.0,HYZ,云烟（紫）,C,125030710,CCS125030710,HYZ,HYZ,HYZ,HYZ,HYZ,False,/home/ubuntu/sunlong/gcms_consistency_old/new_prepared_data/tensors/20250310/HYZ/0476_B06_0071_125030710.npz
B06_0072_125030712,/home/ubuntu/sunlong/gcms_consistency_old/dataset/20250310/0072#YJDACS125030712.D,0072#YJDACS125030712.D,6,20250310,72.0,YJD,红塔山（硬经典）,A,125030712,ACS125030712,YJD,YJD,YJD,YJD,YJD,False,/home/ubuntu/sunlong/gcms_consistency_old/new_prepared_data/tensors/20250310/YJD/0477_B06_0072_125030712.npz
B06_0073_125030714,/home/ubuntu/sunlong/gcms_consistency_old/dataset/20250310/0073#YJDACS125030714.D,0073#YJDACS125030714.D,6,20250310,73.0,YJD,红塔山（硬经典）,A,125030714,ACS125030714,YJD,YJD,YJD,YJD,YJD,False,/home/ubuntu/sunlong/gcms_consistency_old/new_prepared_data/tensors/20250310/YJD/0478_B06_0073_125030714.npz
B06_0074_125031003,/home/ubuntu/sunlong/gcms_consistency_old/dataset/20250310/0074#H99CCS125031003.D,0074#H99CCS125031003.D,6,20250310,74.0,H99,红河（99）,C,125031003,CCS125031003,H99,H99,H99,H99,H99,False,/home/ubuntu/sunlong/gcms_consistency_old/new_prepared_data/tensors/20250310/H99/0479_B06_0074_125031003.npz
B06_0075_125031006,/home/ubuntu/sunlong/gcms_consistency_old/dataset/20250310/0075#H99CCS125031006.D,0075#H99CCS125031006.D,6,20250310,75.0,H99,红河（99）,C,125031006,CCS125031006,H99,H99,H99,H99,H99,False,/home/ubuntu/sunlong/gcms_consistency_old/new_prepared_data/tensors/20250310/H99/0480_B06_0075_125031006.npz
B06_0076_125031008,/home/ubuntu/sunlong/gcms_consistency_old/dataset/20250310/0076#HRYBCS125031008.D,0076#HRYBCS125031008.D,6,20250310,76.0,HRY,云烟（软如意）,B,125031008,BCS125031008,HRY,HRY,HRY,HRY,HRY,False,/home/ubuntu/sunlong/gcms_consistency_old/new_prepared_data/tensors/20250310/HRY/0481_B06_0076_125031008.npz
B06_0077_125031010,/home/ubuntu/sunlong/gcms_consistency_old/dataset/20250310/0077#HRYBCS125031010.D,0077#HRYBCS125031010.D,6,20250310,77.0,HRY,云烟（软如意）,B,125031010,BCS125031010,HRY,HRY,HRY,HRY,HRY,False,/home/ubuntu/sunlong/gcms_consistency_old/new_prepared_data/tensors/20250310/HRY/0482_B06_0077_125031010.npz
B06_0078_125031002,/home/ubuntu/sunlong/gcms_consistency_old/dataset/20250310/0078#HYZBCS125031002.D,0078#HYZBCS125031002.D,6,20250310,78.0,HYZ,云烟（紫）,B,125031002,BCS125031002,HYZ,HYZ,HYZ,HYZ,HYZ,False,/home/ubuntu/sunlong/gcms_consistency_old/new_prepared_data/tensors/20250310/HYZ/0483_B06_0078_125031002.npz
B06_0079_125031005,/home/ubuntu/sunlong/gcms_consistency_old/dataset/20250310/0079#HYZBCS125031005.D,0079#HYZBCS125031005.D,6,20250310,79.0,HYZ,云烟（紫）,B,125031005,BCS125031005,HYZ,HYZ,HYZ,HYZ,HYZ,False,/home/ubuntu/sunlong/gcms_consistency_old/new_prepared_data/tensors/20250310/HYZ/0484_B06_0079_125031005.npz
B06_0080_125031012,/home/ubuntu/sunlong/gcms_consistency_old/dataset/20250310/0080#HYZBCS125031012.D,0080#HYZBCS125031012.D,6,20250310,80.0,HYZ,云烟（紫）,B,125031012,BCS125031012,HYZ,HYZ,HYZ,HYZ,HYZ,False,/home/ubuntu/sunlong/gcms_consistency_old/new_prepared_data/tensors/20250310/HYZ/0485_B06_0080_125031012.npz
B06_0081_125031013,/home/ubuntu/sunlong/gcms_consistency_old/dataset/20250310/0081#HYZBCS125031013.D,0081#HYZBCS125031013.D,6,20250310,81.0,HYZ,云烟（紫）,B,125031013,BCS125031013,HYZ,HYZ,HYZ,HYZ,HYZ,False,/home/ubuntu/sunlong/gcms_consistency_old/new_prepared_data/tensors/20250310/HYZ/0486_B06_0081_125031013.npz
B06_0082_125031007,/home/ubuntu/sunlong/gcms_consistency_old/dataset/20250310/0082#HYZCCS125031007.D,0082#HYZCCS125031007.D,6,20250310,82.0,HYZ,云烟（紫）,C,125031007,CCS125031007,HYZ,HYZ,HYZ,HYZ,HYZ,False,/home/ubuntu/sunlong/gcms_consistency_old/new_prepared_data/tensors/20250310/HYZ/0487_B06_0082_125031007.npz
B06_0083_125031009,/home/ubuntu/sunlong/gcms_consistency_old/dataset/20250310/0083#HYZCCS125031009.D,0083#HYZCCS125031009.D,6,20250310,83.0,HYZ,云烟（紫）,C,125031009,CCS125031009,HYZ,HYZ,HYZ,HYZ,HYZ,False,/home/ubuntu/sunlong/gcms_consistency_old/new_prepared_data/tensors/20250310/HYZ/0488_B06_0083_125031009.npz
B06_0084_125031011,/home/ubuntu/sunlong/gcms_consistency_old/dataset/20250310/0084#HYZCCS125031011.D,0084#HYZCCS125031011.D,6,20250310,84.0,HYZ,云烟（紫）,C,125031011,CCS125031011,HYZ,HYZ,HYZ,HYZ,HYZ,False,/home/ubuntu/sunlong/gcms_consistency_old/new_prepared_data/tensors/20250310/HYZ/0489_B06_0084_125031011.npz
B06_0085_125031001,/home/ubuntu/sunlong/gcms_consistency_old/dataset/20250310/0085#YJDACS125031001.D,0085#YJDACS125031001.D,6,20250310,85.0,YJD,红塔山（硬经典）,A,125031001,ACS125031001,YJD,YJD,YJD,YJD,YJD,False,/home/ubuntu/sunlong/gcms_consistency_old/new_prepared_data/tensors/20250310/YJD/0490_B06_0085_125031001.npz
B06_0086_125031004,/home/ubuntu/sunlong/gcms_consistency_old/dataset/20250310/0086#YJDACS125031004.D,0086#YJDACS125031004.D,6,20250310,86.0,YJD,红塔山（硬经典）,A,125031004,ACS125031004,YJD,YJD,YJD,YJD,YJD,False,/home/ubuntu/sunlong/gcms_consistency_old/new_prepared_data/tensors/20250310/YJD/0491_B06_0086_125031004.npz
B06_0087_125030314,/home/ubuntu/sunlong/gcms_consistency_old/dataset/20250310/0087#HYZBCS125030314.D,0087#HYZBCS125030314.D,6,20250310,87.0,HYZ,云烟（紫）,B,125030314,BCS125030314,HYZ,HYZ,HYZ,HYZ,HYZ,False,/home/ubuntu/sunlong/gcms_consistency_old/new_prepared_data/tensors/20250310/HYZ/0492_B06_0087_125030314.npz
B06_0088_125031103,/home/ubuntu/sunlong/gcms_consistency_old/dataset/20250310/0088#H99CCS125031103.D,0088#H99CCS125031103.D,6,20250310,88.0,H99,红河（99）,C,125031103,CCS125031103,H99,H99,H99,H99,H99,False,/home/ubuntu/sunlong/gcms_consistency_old/new_prepared_data/tensors/20250310/H99/0493_B06_0088_125031103.npz
B06_0089_125031104,/home/ubuntu/sunlong/gcms_consistency_old/dataset/20250310/0089#H88ACS125031104.D,0089#H88ACS125031104.D,6,20250310,89.0,H88,红河（88）,A,125031104,ACS125031104,H88,H88,H88,H88,H88,False,/home/ubuntu/sunlong/gcms_consistency_old/new_prepared_data/tensors/20250310/H88/0494_B06_0089_125031104.npz
B06_0090_125031101,/home/ubuntu/sunlong/gcms_consistency_old/dataset/20250310/0090#H88ACS125031101.D,0090#H88ACS125031101.D,6,20250310,90.0,H88,红河（88）,A,125031101,ACS125031101,H88,H88,H88,H88,H88,False,/home/ubuntu/sunlong/gcms_consistency_old/new_prepared_data/tensors/20250310/H88/0495_B06_0090_125031101.npz
B06_0091_125031108,/home/ubuntu/sunlong/gcms_consistency_old/dataset/20250310/0091#HYZBCS125031108.D,0091#HYZBCS125031108.D,6,20250310,91.0,HYZ,云烟（紫）,B,125031108,BCS125031108,HYZ,HYZ,HYZ,HYZ,HYZ,False,/home/ubuntu/sunlong/gcms_consistency_old/new_prepared_data/tensors/20250310/HYZ/0496_B06_0091_125031108.npz
B06_0092_125031105,/home/ubuntu/sunlong/gcms_consistency_old/dataset/20250310/0092#HYZBCS125031105.D,0092#HYZBCS125031105.D,6,20250310,92.0,HYZ,云烟（紫）,B,125031105,BCS125031105,HYZ,HYZ,HYZ,HYZ,HYZ,False,/home/ubuntu/sunlong/gcms_consistency_old/new_prepared_data/tensors/20250310/HYZ/0497_B06_0092_125031105.npz
B06_0093_125031107,/home/ubuntu/sunlong/gcms_consistency_old/dataset/20250310/0093#YJDACS125031107.D,0093#YJDACS125031107.D,6,20250310,93.0,YJD,红塔山（硬经典）,A,125031107,ACS125031107,YJD,YJD,YJD,YJD,YJD,False,/home/ubuntu/sunlong/gcms_consistency_old/new_prepared_data/tensors/20250310/YJD/0498_B06_0093_125031107.npz
B06_0094_125031102,/home/ubuntu/sunlong/gcms_consistency_old/dataset/20250310/0094#HYZBCS125031102.D,0094#HYZBCS125031102.D,6,20250310,94.0,HYZ,云烟（紫）,B,125031102,BCS125031102,HYZ,HYZ,HYZ,HYZ,HYZ,False,/home/ubuntu/sunlong/gcms_consistency_old/new_prepared_data/tensors/20250310/HYZ/0499_B06_0094_125031102.npz
B06_0095_125031109,/home/ubuntu/sunlong/gcms_consistency_old/dataset/20250310/0095#HYZCCS125031109.D,0095#HYZCCS125031109.D,6,20250310,95.0,HYZ,云烟（紫）,C,125031109,CCS125031109,HYZ,HYZ,HYZ,HYZ,HYZ,False,/home/ubuntu/sunlong/gcms_consistency_old/new_prepared_data/tensors/20250310/HYZ/0500_B06_0095_125031109.npz
B06_0096_125031110,/home/ubuntu/sunlong/gcms_consistency_old/dataset/20250310/0096#HYZBCS125031110.D,0096#HYZBCS125031110.D,6,20250310,96.0,HYZ,云烟（紫）,B,125031110,BCS125031110,HYZ,HYZ,HYZ,HYZ,HYZ,False,/home/ubuntu/sunlong/gcms_consistency_old/new_prepared_data/tensors/20250310/HYZ/0501_B06_0096_125031110.npz
B06_0097_125031106,/home/ubuntu/sunlong/gcms_consistency_old/dataset/20250310/0097#H99CCS125031106.D,0097#H99CCS125031106.D,6,20250310,97.0,H99,红河（99）,C,125031106,CCS125031106,H99,H99,H99,H99,H99,False,/home/ubuntu/sunlong/gcms_consistency_old/new_prepared_data/tensors/20250310/H99/0502_B06_0097_125031106.npz
B06_0098_125031101,/home/ubuntu/sunlong/gcms_consistency_old/dataset/20250310/0098#H99CCS125031101.D,0098#H99CCS125031101.D,6,20250310,98.0,H99,红河（99）,C,125031101,CCS125031101,H99,H99,H99,H99,H99,False,/home/ubuntu/sunlong/gcms_consistency_old/new_prepared_data/tensors/20250310/H99/0503_B06_0098_125031101.npz
B06_0099_125031112,/home/ubuntu/sunlong/gcms_consistency_old/dataset/20250310/0099#HYZBCS125031112.D,0099#HYZBCS125031112.D,6,20250310,99.0,HYZ,云烟（紫）,B,125031112,BCS125031112,HYZ,HYZ,HYZ,HYZ,HYZ,False,/home/ubuntu/sunlong/gcms_consistency_old/new_prepared_data/tensors/20250310/HYZ/0504_B06_0099_125031112.npz
B06_0100_125031113,/home/ubuntu/sunlong/gcms_consistency_old/dataset/20250310/0100#HYZBCS125031113.D,0100#HYZBCS125031113.D,6,20250310,100.0,HYZ,云烟（紫）,B,125031113,BCS125031113,HYZ,HYZ,HYZ,HYZ,HYZ,False,/home/ubuntu/sunlong/gcms_consistency_old/new_prepared_data/tensors/20250310/HYZ/0505_B06_0100_125031113.npz
B06_0000_BLANK,/home/ubuntu/sunlong/gcms_consistency_old/dataset/20250310/BLANK.D,BLANK.D,6,20250310,,BLANK,空白样,,,BLANK,BLANK,BLANK,BLANK,BLANK,BLANK,True,/home/ubuntu/sunlong/gcms_consistency_old/new_prepared_data/tensors/20250310/BLANK/0506_B06_0000_BLANK.npz
B07_0101_125031207,/home/ubuntu/sunlong/gcms_consistency_old/dataset/20250317/0101#H88CCS125031207.D,0101#H88CCS125031207.D,7,20250317,101.0,H88,红河（88）,C,125031207,CCS125031207,H88,H88,H88,H88,H88,False,/home/ubuntu/sunlong/gcms_consistency_old/new_prepared_data/tensors/20250317/H88/0507_B07_0101_125031207.npz
B07_0102_125031211,/home/ubuntu/sunlong/gcms_consistency_old/dataset/20250317/0102#HRYBCS125031211.D,0102#HRYBCS125031211.D,7,20250317,102.0,HRY,云烟（软如意）,B,125031211,BCS125031211,HRY,HRY,HRY,HRY,HRY,False,/home/ubuntu/sunlong/gcms_consistency_old/new_prepared_data/tensors/20250317/HRY/0508_B07_0102_125031211.npz
B07_0103_125031212,/home/ubuntu/sunlong/gcms_consistency_old/dataset/20250317/0103#HRYBCS125031212.D,0103#HRYBCS125031212.D,7,20250317,103.0,HRY,云烟（软如意）,B,125031212,BCS125031212,HRY,HRY,HRY,HRY,HRY,False,/home/ubuntu/sunlong/gcms_consistency_old/new_prepared_data/tensors/20250317/HRY/0509_B07_0103_125031212.npz
B07_0104_125031201,/home/ubuntu/sunlong/gcms_consistency_old/dataset/20250317/0104#HYZBCS125031201.D,0104#HYZBCS125031201.D,7,20250317,104.0,HYZ,云烟（紫）,B,125031201,BCS125031201,HYZ,HYZ,HYZ,HYZ,HYZ,False,/home/ubuntu/sunlong/gcms_consistency_old/new_prepared_data/tensors/20250317/HYZ/0510_B07_0104_125031201.npz
B07_0105_125031204,/home/ubuntu/sunlong/gcms_consistency_old/dataset/20250317/0105#HYZBCS125031204.D,0105#HYZBCS125031204.D,7,20250317,105.0,HYZ,云烟（紫）,B,125031204,BCS125031204,HYZ,HYZ,HYZ,HYZ,HYZ,False,/home/ubuntu/sunlong/gcms_consistency_old/new_prepared_data/tensors/20250317/HYZ/0511_B07_0105_125031204.npz
B07_0106_125031206,/home/ubuntu/sunlong/gcms_consistency_old/dataset/20250317/0106#HYZBCS125031206.D,0106#HYZBCS125031206.D,7,20250317,106.0,HYZ,云烟（紫）,B,125031206,BCS125031206,HYZ,HYZ,HYZ,HYZ,HYZ,False,/home/ubuntu/sunlong/gcms_consistency_old/new_prepared_data/tensors/20250317/HYZ/0512_B07_0106_125031206.npz
B07_0107_125031208,/home/ubuntu/sunlong/gcms_consistency_old/dataset/20250317/0107#HYZBCS125031208.D,0107#HYZBCS125031208.D,7,20250317,107.0,HYZ,云烟（紫）,B,125031208,BCS125031208,HYZ,HYZ,HYZ,HYZ,HYZ,False,/home/ubuntu/sunlong/gcms_consistency_old/new_prepared_data/tensors/20250317/HYZ/0513_B07_0107_125031208.npz
B07_0108_125031202,/home/ubuntu/sunlong/gcms_consistency_old/dataset/20250317/0108#HYZCCS125031202.D,0108#HYZCCS125031202.D,7,20250317,108.0,HYZ,云烟（紫）,C,125031202,CCS125031202,HYZ,HYZ,HYZ,HYZ,HYZ,False,/home/ubuntu/sunlong/gcms_consistency_old/new_prepared_data/tensors/20250317/HYZ/0514_B07_0108_125031202.npz
B07_0109_125031209,/home/ubuntu/sunlong/gcms_consistency_old/dataset/20250317/0109#HYZCCS125031209.D,0109#HYZCCS125031209.D,7,20250317,109.0,HYZ,云烟（紫）,C,125031209,CCS125031209,HYZ,HYZ,HYZ,HYZ,HYZ,False,/home/ubuntu/sunlong/gcms_consistency_old/new_prepared_data/tensors/20250317/HYZ/0515_B07_0109_125031209.npz
B07_0110_125031210,/home/ubuntu/sunlong/gcms_consistency_old/dataset/20250317/0110#HYZCCS125031210.D,0110#HYZCCS125031210.D,7,20250317,110.0,HYZ,云烟（紫）,C,125031210,CCS125031210,HYZ,HYZ,HYZ,HYZ,HYZ,False,/home/ubuntu/sunlong/gcms_consistency_old/new_prepared_data/tensors/20250317/HYZ/0516_B07_0110_125031210.npz
B07_0111_A25031205,/home/ubuntu/sunlong/gcms_consistency_old/dataset/20250317/0111#HYZCCSA25031205.D,0111#HYZCCSA25031205.D,7,20250317,111.0,HYZ,云烟（紫）,C,A25031205,CCSA25031205,HYZ,HYZ,HYZ,HYZ,HYZ,False,/home/ubuntu/sunlong/gcms_consistency_old/new_prepared_data/tensors/20250317/HYZ/0517_B07_0111_A25031205.npz
B07_0112_125031203,/home/ubuntu/sunlong/gcms_consistency_old/dataset/20250317/0112#YJDACS125031203.D,0112#YJDACS125031203.D,7,20250317,112.0,YJD,红塔山（硬经典）,A,125031203,ACS125031203,YJD,YJD,YJD,YJD,YJD,False,/home/ubuntu/sunlong/gcms_consistency_old/new_prepared_data/tensors/20250317/YJD/0518_B07_0112_125031203.npz
B07_0113_525031201,/home/ubuntu/sunlong/gcms_consistency_old/dataset/20250317/0113#YJDACS525031201.D,0113#YJDACS525031201.D,7,20250317,113.0,YJD,红塔山（硬经典）,A,525031201,ACS525031201,YJD,YJD,YJD,YJD,YJD,False,/home/ubuntu/sunlong/gcms_consistency_old/new_prepared_data/tensors/20250317/YJD/0519_B07_0113_525031201.npz
B07_0114_125031311,/home/ubuntu/sunlong/gcms_consistency_old/dataset/20250317/0114#H88CCS125031311.D,0114#H88CCS125031311.D,7,20250317,114.0,H88,红河（88）,C,125031311,CCS125031311,H88,H88,H88,H88,H88,False,/home/ubuntu/sunlong/gcms_consistency_old/new_prepared_data/tensors/20250317/H88/0520_B07_0114_125031311.npz
B07_0115_125031313,/home/ubuntu/sunlong/gcms_consistency_old/dataset/20250317/0115#H88CCS125031313.D,0115#H88CCS125031313.D,7,20250317,115.0,H88,红河（88）,C,125031313,CCS125031313,H88,H88,H88,H88,H88,False,/home/ubuntu/sunlong/gcms_consistency_old/new_prepared_data/tensors/20250317/H88/0521_B07_0115_125031313.npz
B07_0116_125031306,/home/ubuntu/sunlong/gcms_consistency_old/dataset/20250317/0116#H99CCS125031306.D,0116#H99CCS125031306.D,7,20250317,116.0,H99,红河（99）,C,125031306,CCS125031306,H99,H99,H99,H99,H99,False,/home/ubuntu/sunlong/gcms_consistency_old/new_prepared_data/tensors/20250317/H99/0522_B07_0116_125031306.npz
B07_0117_125031301,/home/ubuntu/sunlong/gcms_consistency_old/dataset/20250317/0117#HRJACS125031301.D,0117#HRJACS125031301.D,7,20250317,117.0,HRJ,红河（软甲）,A,125031301,ACS125031301,HRJ,HRJ,HRJ,HRJ,HRJ,False,/home/ubuntu/sunlong/gcms_consistency_old/new_prepared_data/tensors/20250317/HRJ/0523_B07_0117_125031301.npz
B07_0118_125031302,/home/ubuntu/sunlong/gcms_consistency_old/dataset/20250317/0118#HYZBCS125031302.D,0118#HYZBCS125031302.D,7,20250317,118.0,HYZ,云烟（紫）,B,125031302,BCS125031302,HYZ,HYZ,HYZ,HYZ,HYZ,False,/home/ubuntu/sunlong/gcms_consistency_old/new_prepared_data/tensors/20250317/HYZ/0524_B07_0118_125031302.npz
B07_0119_125031305,/home/ubuntu/sunlong/gcms_consistency_old/dataset/20250317/0119#HYZBCS125031305.D,0119#HYZBCS125031305.D,7,20250317,119.0,HYZ,云烟（紫）,B,125031305,BCS125031305,HYZ,HYZ,HYZ,HYZ,HYZ,False,/home/ubuntu/sunlong/gcms_consistency_old/new_prepared_data/tensors/20250317/HYZ/0525_B07_0119_125031305.npz
B07_0120_125031308,/home/ubuntu/sunlong/gcms_consistency_old/dataset/20250317/0120#HYZBCS125031308.D,0120#HYZBCS125031308.D,7,20250317,120.0,HYZ,云烟（紫）,B,125031308,BCS125031308,HYZ,HYZ,HYZ,HYZ,HYZ,False,/home/ubuntu/sunlong/gcms_consistency_old/new_prepared_data/tensors/20250317/HYZ/0526_B07_0120_125031308.npz
B07_0121_125031310,/home/ubuntu/sunlong/gcms_consistency_old/dataset/20250317/0121#HYZBCS125031310.D,0121#HYZBCS125031310.D,7,20250317,121.0,HYZ,云烟（紫）,B,125031310,BCS125031310,HYZ,HYZ,HYZ,HYZ,HYZ,False,/home/ubuntu/sunlong/gcms_consistency_old/new_prepared_data/tensors/20250317/HYZ/0527_B07_0121_125031310.npz
B07_0122_125031312,/home/ubuntu/sunlong/gcms_consistency_old/dataset/20250317/0122#HYZBCS125031312.D,0122#HYZBCS125031312.D,7,20250317,122.0,HYZ,云烟（紫）,B,125031312,BCS125031312,HYZ,HYZ,HYZ,HYZ,HYZ,False,/home/ubuntu/sunlong/gcms_consistency_old/new_prepared_data/tensors/20250317/HYZ/0528_B07_0122_125031312.npz
B07_0123_125031314,/home/ubuntu/sunlong/gcms_consistency_old/dataset/20250317/0123#HYZBCS125031314.D,0123#HYZBCS125031314.D,7,20250317,123.0,HYZ,云烟（紫）,B,125031314,BCS125031314,HYZ,HYZ,HYZ,HYZ,HYZ,False,/home/ubuntu/sunlong/gcms_consistency_old/new_prepared_data/tensors/20250317/HYZ/0529_B07_0123_125031314.npz
B07_0124_125031303,/home/ubuntu/sunlong/gcms_consistency_old/dataset/20250317/0124#HYZCCS125031303.D,0124#HYZCCS125031303.D,7,20250317,124.0,HYZ,云烟（紫）,C,125031303,CCS125031303,HYZ,HYZ,HYZ,HYZ,HYZ,False,/home/ubuntu/sunlong/gcms_consistency_old/new_prepared_data/tensors/20250317/HYZ/0530_B07_0124_125031303.npz
B07_0125_125031309,/home/ubuntu/sunlong/gcms_consistency_old/dataset/20250317/0125#HYZCCS125031309.D,0125#HYZCCS125031309.D,7,20250317,125.0,HYZ,云烟（紫）,C,125031309,CCS125031309,HYZ,HYZ,HYZ,HYZ,HYZ,False,/home/ubuntu/sunlong/gcms_consistency_old/new_prepared_data/tensors/20250317/HYZ/0531_B07_0125_125031309.npz
B07_0126_125031304,/home/ubuntu/sunlong/gcms_consistency_old/dataset/20250317/0126#YJDACS125031304.D,0126#YJDACS125031304.D,7,20250317,126.0,YJD,红塔山（硬经典）,A,125031304,ACS125031304,YJD,YJD,YJD,YJD,YJD,False,/home/ubuntu/sunlong/gcms_consistency_old/new_prepared_data/tensors/20250317/YJD/0532_B07_0126_125031304.npz
B07_0127_125031307,/home/ubuntu/sunlong/gcms_consistency_old/dataset/20250317/0127#YJDACS125031307.D,0127#YJDACS125031307.D,7,20250317,127.0,YJD,红塔山（硬经典）,A,125031307,ACS125031307,YJD,YJD,YJD,YJD,YJD,False,/home/ubuntu/sunlong/gcms_consistency_old/new_prepared_data/tensors/20250317/YJD/0533_B07_0127_125031307.npz
B07_0128_125031403,/home/ubuntu/sunlong/gcms_consistency_old/dataset/20250317/0128#H88CCS125031403.D,0128#H88CCS125031403.D,7,20250317,128.0,H88,红河（88）,C,125031403,CCS125031403,H88,H88,H88,H88,H88,False,/home/ubuntu/sunlong/gcms_consistency_old/new_prepared_data/tensors/20250317/H88/0534_B07_0128_125031403.npz
B07_0129_125031409,/home/ubuntu/sunlong/gcms_consistency_old/dataset/20250317/0129#H88CCS125031409.D,0129#H88CCS125031409.D,7,20250317,129.0,H88,红河（88）,C,125031409,CCS125031409,H88,H88,H88,H88,H88,False,/home/ubuntu/sunlong/gcms_consistency_old/new_prepared_data/tensors/20250317/H88/0535_B07_0129_125031409.npz
B07_0130_125031412,/home/ubuntu/sunlong/gcms_consistency_old/dataset/20250317/0130#H88CCS125031412.D,0130#H88CCS125031412.D,7,20250317,130.0,H88,红河（88）,C,125031412,CCS125031412,H88,H88,H88,H88,H88,False,/home/ubuntu/sunlong/gcms_consistency_old/new_prepared_data/tensors/20250317/H88/0536_B07_0130_125031412.npz
B07_0131_125031414,/home/ubuntu/sunlong/gcms_consistency_old/dataset/20250317/0131#H88CCS125031414.D,0131#H88CCS125031414.D,7,20250317,131.0,H88,红河（88）,C,125031414,CCS125031414,H88,H88,H88,H88,H88,False,/home/ubuntu/sunlong/gcms_consistency_old/new_prepared_data/tensors/20250317/H88/0537_B07_0131_125031414.npz
B07_0132_125031406,/home/ubuntu/sunlong/gcms_consistency_old/dataset/20250317/0132#H99CCS125031406.D,0132#H99CCS125031406.D,7,20250317,132.0,H99,红河（99）,C,125031406,CCS125031406,H99,H99,H99,H99,H99,False,/home/ubuntu/sunlong/gcms_consistency_old/new_prepared_data/tensors/20250317/H99/0538_B07_0132_125031406.npz
B07_0133_125031404,/home/ubuntu/sunlong/gcms_consistency_old/dataset/20250317/0133#HRJACS125031404.D,0133#HRJACS125031404.D,7,20250317,133.0,HRJ,红河（软甲）,A,125031404,ACS125031404,HRJ,HRJ,HRJ,HRJ,HRJ,False,/home/ubuntu/sunlong/gcms_consistency_old/new_prepared_data/tensors/20250317/HRJ/0539_B07_0133_125031404.npz
B07_0134_125031402,/home/ubuntu/sunlong/gcms_consistency_old/dataset/20250317/0134#HRYBCS125031402.D,0134#HRYBCS125031402.D,7,20250317,134.0,HRY,云烟（软如意）,B,125031402,BCS125031402,HRY,HRY,HRY,HRY,HRY,False,/home/ubuntu/sunlong/gcms_consistency_old/new_prepared_data/tensors/20250317/HRY/0540_B07_0134_125031402.npz
B07_0135_125031405,/home/ubuntu/sunlong/gcms_consistency_old/dataset/20250317/0135#HRYBCS125031405.D,0135#HRYBCS125031405.D,7,20250317,135.0,HRY,云烟（软如意）,B,125031405,BCS125031405,HRY,HRY,HRY,HRY,HRY,False,/home/ubuntu/sunlong/gcms_consistency_old/new_prepared_data/tensors/20250317/HRY/0541_B07_0135_125031405.npz
B07_0136_125031408,/home/ubuntu/sunlong/gcms_consistency_old/dataset/20250317/0136#HYZBCS125031408.D,0136#HYZBCS125031408.D,7,20250317,136.0,HYZ,云烟（紫）,B,125031408,BCS125031408,HYZ,HYZ,HYZ,HYZ,HYZ,False,/home/ubuntu/sunlong/gcms_consistency_old/new_prepared_data/tensors/20250317/HYZ/0542_B07_0136_125031408.npz
B07_0137_125031411,/home/ubuntu/sunlong/gcms_consistency_old/dataset/20250317/0137#HYZBCS125031411.D,0137#HYZBCS125031411.D,7,20250317,137.0,HYZ,云烟（紫）,B,125031411,BCS125031411,HYZ,HYZ,HYZ,HYZ,HYZ,False,/home/ubuntu/sunlong/gcms_consistency_old/new_prepared_data/tensors/20250317/HYZ/0543_B07_0137_125031411.npz
B07_0138_125031413,/home/ubuntu/sunlong/gcms_consistency_old/dataset/20250317/0138#HYZBCS125031413.D,0138#HYZBCS125031413.D,7,20250317,138.0,HYZ,云烟（紫）,B,125031413,BCS125031413,HYZ,HYZ,HYZ,HYZ,HYZ,False,/home/ubuntu/sunlong/gcms_consistency_old/new_prepared_data/tensors/20250317/HYZ/0544_B07_0138_125031413.npz
B07_0139_125031415,/home/ubuntu/sunlong/gcms_consistency_old/dataset/20250317/0139#HYZBCS125031415.D,0139#HYZBCS125031415.D,7,20250317,139.0,HYZ,云烟（紫）,B,125031415,BCS125031415,HYZ,HYZ,HYZ,HYZ,HYZ,False,/home/ubuntu/sunlong/gcms_consistency_old/new_prepared_data/tensors/20250317/HYZ/0545_B07_0139_125031415.npz
B07_0140_125031401,/home/ubuntu/sunlong/gcms_consistency_old/dataset/20250317/0140#YJDACS125031401.D,0140#YJDACS125031401.D,7,20250317,140.0,YJD,红塔山（硬经典）,A,125031401,ACS125031401,YJD,YJD,YJD,YJD,YJD,False,/home/ubuntu/sunlong/gcms_consistency_old/new_prepared_data/tensors/20250317/YJD/0546_B07_0140_125031401.npz
B07_0141_125031407,/home/ubuntu/sunlong/gcms_consistency_old/dataset/20250317/0141#YJDACS125031407.D,0141#YJDACS125031407.D,7,20250317,141.0,YJD,红塔山（硬经典）,A,125031407,ACS125031407,YJD,YJD,YJD,YJD,YJD,False,/home/ubuntu/sunlong/gcms_consistency_old/new_prepared_data/tensors/20250317/YJD/0547_B07_0141_125031407.npz
B07_0142_125031410,/home/ubuntu/sunlong/gcms_consistency_old/dataset/20250317/0142#YJDACS125031410.D,0142#YJDACS125031410.D,7,20250317,142.0,YJD,红塔山（硬经典）,A,125031410,ACS125031410,YJD,YJD,YJD,YJD,YJD,False,/home/ubuntu/sunlong/gcms_consistency_old/new_prepared_data/tensors/20250317/YJD/0548_B07_0142_125031410.npz
B07_0143_0143#1号取样点WCCSF（气调杀虫前）,/home/ubuntu/sunlong/gcms_consistency_old/dataset/20250317/0143#1号取样点WCCSF（气调杀虫前）.D,0143#1号取样点WCCSF（气调杀虫前）.D,7,20250317,143.0,ENV,环境取样,,,0143#1号取样点WCCSF（气调杀虫前）,ENV,ENV,ENV,ENV,ENV,True,/home/ubuntu/sunlong/gcms_consistency_old/new_prepared_data/tensors/20250317/ENV/0549_B07_0143_0143_1_WCCSF.npz
B07_0144_0144#1号取样点WCCSF（气调杀虫前）,/home/ubuntu/sunlong/gcms_consistency_old/dataset/20250317/0144#1号取样点WCCSF（气调杀虫前）.D,0144#1号取样点WCCSF（气调杀虫前）.D,7,20250317,144.0,ENV,环境取样,,,0144#1号取样点WCCSF（气调杀虫前）,ENV,ENV,ENV,ENV,ENV,True,/home/ubuntu/sunlong/gcms_consistency_old/new_prepared_data/tensors/20250317/ENV/0550_B07_0144_0144_1_WCCSF.npz
B07_0145_0145#1号取样点WCCSF（气调杀虫前）,/home/ubuntu/sunlong/gcms_consistency_old/dataset/20250317/0145#1号取样点WCCSF（气调杀虫前）.D,0145#1号取样点WCCSF（气调杀虫前）.D,7,20250317,145.0,ENV,环境取样,,,0145#1号取样点WCCSF（气调杀虫前）,ENV,ENV,ENV,ENV,ENV,True,/home/ubuntu/sunlong/gcms_consistency_old/new_prepared_data/tensors/20250317/ENV/0551_B07_0145_0145_1_WCCSF.npz
B07_0146_0146#1号取样点WCCSF（气调杀虫前）,/home/ubuntu/sunlong/gcms_consistency_old/dataset/20250317/0146#1号取样点WCCSF（气调杀虫前）.D,0146#1号取样点WCCSF（气调杀虫前）.D,7,20250317,146.0,ENV,环境取样,,,0146#1号取样点WCCSF（气调杀虫前）,ENV,ENV,ENV,ENV,ENV,True,/home/ubuntu/sunlong/gcms_consistency_old/new_prepared_data/tensors/20250317/ENV/0552_B07_0146_0146_1_WCCSF.npz
B07_0147_0147#1号取样点WCCSF（气调杀虫前）,/home/ubuntu/sunlong/gcms_consistency_old/dataset/20250317/0147#1号取样点WCCSF（气调杀虫前）.D,0147#1号取样点WCCSF（气调杀虫前）.D,7,20250317,147.0,ENV,环境取样,,,0147#1号取样点WCCSF（气调杀虫前）,ENV,ENV,ENV,ENV,ENV,True,/home/ubuntu/sunlong/gcms_consistency_old/new_prepared_data/tensors/20250317/ENV/0553_B07_0147_0147_1_WCCSF.npz
B07_0148_0148#2号取样点WCXZF（气调杀虫前）,/home/ubuntu/sunlong/gcms_consistency_old/dataset/20250317/0148#2号取样点WCXZF（气调杀虫前）.D,0148#2号取样点WCXZF（气调杀虫前）.D,7,20250317,148.0,ENV,环境取样,,,0148#2号取样点WCXZF（气调杀虫前）,ENV,ENV,ENV,ENV,ENV,True,/home/ubuntu/sunlong/gcms_consistency_old/new_prepared_data/tensors/20250317/ENV/0554_B07_0148_0148_2_WCXZF.npz
B07_0149_0149#2号取样点WCXZF（气调杀虫前）,/home/ubuntu/sunlong/gcms_consistency_old/dataset/20250317/0149#2号取样点WCXZF（气调杀虫前）.D,0149#2号取样点WCXZF（气调杀虫前）.D,7,20250317,149.0,ENV,环境取样,,,0149#2号取样点WCXZF（气调杀虫前）,ENV,ENV,ENV,ENV,ENV,True,/home/ubuntu/sunlong/gcms_consistency_old/new_prepared_data/tensors/20250317/ENV/0555_B07_0149_0149_2_WCXZF.npz
B07_0150_0150#2号取样点WCXZF（气调杀虫前）,/home/ubuntu/sunlong/gcms_consistency_old/dataset/20250317/0150#2号取样点WCXZF（气调杀虫前）.D,0150#2号取样点WCXZF（气调杀虫前）.D,7,20250317,150.0,ENV,环境取样,,,0150#2号取样点WCXZF（气调杀虫前）,ENV,ENV,ENV,ENV,ENV,True,/home/ubuntu/sunlong/gcms_consistency_old/new_prepared_data/tensors/20250317/ENV/0556_B07_0150_0150_2_WCXZF.npz
B07_0151_0151#2号取样点WCXZF（气调杀虫前）,/home/ubuntu/sunlong/gcms_consistency_old/dataset/20250317/0151#2号取样点WCXZF（气调杀虫前）.D,0151#2号取样点WCXZF（气调杀虫前）.D,7,20250317,151.0,ENV,环境取样,,,0151#2号取样点WCXZF（气调杀虫前）,ENV,ENV,ENV,ENV,ENV,True,/home/ubuntu/sunlong/gcms_consistency_old/new_prepared_data/tensors/20250317/ENV/0557_B07_0151_0151_2_WCXZF.npz
B07_0152_0152#2号取样点WCXZF（气调杀虫前）,/home/ubuntu/sunlong/gcms_consistency_old/dataset/20250317/0152#2号取样点WCXZF（气调杀虫前）.D,0152#2号取样点WCXZF（气调杀虫前）.D,7,20250317,152.0,ENV,环境取样,,,0152#2号取样点WCXZF（气调杀虫前）,ENV,ENV,ENV,ENV,ENV,True,/home/ubuntu/sunlong/gcms_consistency_old/new_prepared_data/tensors/20250317/ENV/0558_B07_0152_0152_2_WCXZF.npz
B07_0153_0153#3号取样点WBBSF（气调杀虫前）,/home/ubuntu/sunlong/gcms_consistency_old/dataset/20250317/0153#3号取样点WBBSF（气调杀虫前）.D,0153#3号取样点WBBSF（气调杀虫前）.D,7,20250317,153.0,ENV,环境取样,,,0153#3号取样点WBBSF（气调杀虫前）,ENV,ENV,ENV,ENV,ENV,True,/home/ubuntu/sunlong/gcms_consistency_old/new_prepared_data/tensors/20250317/ENV/0559_B07_0153_0153_3_WBBSF.npz
B07_0154_0154#3号取样点WBBSF（气调杀虫前）,/home/ubuntu/sunlong/gcms_consistency_old/dataset/20250317/0154#3号取样点WBBSF（气调杀虫前）.D,0154#3号取样点WBBSF（气调杀虫前）.D,7,20250317,154.0,ENV,环境取样,,,0154#3号取样点WBBSF（气调杀虫前）,ENV,ENV,ENV,ENV,ENV,True,/home/ubuntu/sunlong/gcms_consistency_old/new_prepared_data/tensors/20250317/ENV/0560_B07_0154_0154_3_WBBSF.npz
B07_0155_0155#3号取样点WBBSF（气调杀虫前）,/home/ubuntu/sunlong/gcms_consistency_old/dataset/20250317/0155#3号取样点WBBSF（气调杀虫前）.D,0155#3号取样点WBBSF（气调杀虫前）.D,7,20250317,155.0,ENV,环境取样,,,0155#3号取样点WBBSF（气调杀虫前）,ENV,ENV,ENV,ENV,ENV,True,/home/ubuntu/sunlong/gcms_consistency_old/new_prepared_data/tensors/20250317/ENV/0561_B07_0155_0155_3_WBBSF.npz
B07_0156_0156#3号取样点WBBSF（气调杀虫前）,/home/ubuntu/sunlong/gcms_consistency_old/dataset/20250317/0156#3号取样点WBBSF（气调杀虫前）.D,0156#3号取样点WBBSF（气调杀虫前）.D,7,20250317,156.0,ENV,环境取样,,,0156#3号取样点WBBSF（气调杀虫前）,ENV,ENV,ENV,ENV,ENV,True,/home/ubuntu/sunlong/gcms_consistency_old/new_prepared_data/tensors/20250317/ENV/0562_B07_0156_0156_3_WBBSF.npz
B07_0157_0157#3号取样点WBBSF（气调杀虫前）,/home/ubuntu/sunlong/gcms_consistency_old/dataset/20250317/0157#3号取样点WBBSF（气调杀虫前）.D,0157#3号取样点WBBSF（气调杀虫前）.D,7,20250317,157.0,ENV,环境取样,,,0157#3号取样点WBBSF（气调杀虫前）,ENV,ENV,ENV,ENV,ENV,True,/home/ubuntu/sunlong/gcms_consistency_old/new_prepared_data/tensors/20250317/ENV/0563_B07_0157_0157_3_WBBSF.npz
B07_0158_0158#4号取样点WDC3F（气调杀虫前）,/home/ubuntu/sunlong/gcms_consistency_old/dataset/20250317/0158#4号取样点WDC3F（气调杀虫前）.D,0158#4号取样点WDC3F（气调杀虫前）.D,7,20250317,158.0,ENV,环境取样,,,0158#4号取样点WDC3F（气调杀虫前）,ENV,ENV,ENV,ENV,ENV,True,/home/ubuntu/sunlong/gcms_consistency_old/new_prepared_data/tensors/20250317/ENV/0564_B07_0158_0158_4_WDC3F.npz
B07_0159_0159#4号取样点WDC3F（气调杀虫前）,/home/ubuntu/sunlong/gcms_consistency_old/dataset/20250317/0159#4号取样点WDC3F（气调杀虫前）.D,0159#4号取样点WDC3F（气调杀虫前）.D,7,20250317,159.0,ENV,环境取样,,,0159#4号取样点WDC3F（气调杀虫前）,ENV,ENV,ENV,ENV,ENV,True,/home/ubuntu/sunlong/gcms_consistency_old/new_prepared_data/tensors/20250317/ENV/0565_B07_0159_0159_4_WDC3F.npz
B07_0160_0160#4号取样点WDC3F（气调杀虫前）,/home/ubuntu/sunlong/gcms_consistency_old/dataset/20250317/0160#4号取样点WDC3F（气调杀虫前）.D,0160#4号取样点WDC3F（气调杀虫前）.D,7,20250317,160.0,ENV,环境取样,,,0160#4号取样点WDC3F（气调杀虫前）,ENV,ENV,ENV,ENV,ENV,True,/home/ubuntu/sunlong/gcms_consistency_old/new_prepared_data/tensors/20250317/ENV/0566_B07_0160_0160_4_WDC3F.npz
B07_0161_0161#4号取样点WDC3F（气调杀虫前）,/home/ubuntu/sunlong/gcms_consistency_old/dataset/20250317/0161#4号取样点WDC3F（气调杀虫前）.D,0161#4号取样点WDC3F（气调杀虫前）.D,7,20250317,161.0,ENV,环境取样,,,0161#4号取样点WDC3F（气调杀虫前）,ENV,ENV,ENV,ENV,ENV,True,/home/ubuntu/sunlong/gcms_consistency_old/new_prepared_data/tensors/20250317/ENV/0567_B07_0161_0161_4_WDC3F.npz
B07_0162_0162#4号取样点WDC3F（气调杀虫前）,/home/ubuntu/sunlong/gcms_consistency_old/dataset/20250317/0162#4号取样点WDC3F（气调杀虫前）.D,0162#4号取样点WDC3F（气调杀虫前）.D,7,20250317,162.0,ENV,环境取样,,,0162#4号取样点WDC3F（气调杀虫前）,ENV,ENV,ENV,ENV,ENV,True,/home/ubuntu/sunlong/gcms_consistency_old/new_prepared_data/tensors/20250317/ENV/0568_B07_0162_0162_4_WDC3F.npz
B07_0163_0163#1号取样点WCCSF（气调杀虫后）,/home/ubuntu/sunlong/gcms_consistency_old/dataset/20250317/0163#1号取样点WCCSF（气调杀虫后）.D,0163#1号取样点WCCSF（气调杀虫后）.D,7,20250317,163.0,ENV,环境取样,,,0163#1号取样点WCCSF（气调杀虫后）,ENV,ENV,ENV,ENV,ENV,True,/home/ubuntu/sunlong/gcms_consistency_old/new_prepared_data/tensors/20250317/ENV/0569_B07_0163_0163_1_WCCSF.npz
B07_0164_0164#1号取样点WCCSF（气调杀虫后）,/home/ubuntu/sunlong/gcms_consistency_old/dataset/20250317/0164#1号取样点WCCSF（气调杀虫后）.D,0164#1号取样点WCCSF（气调杀虫后）.D,7,20250317,164.0,ENV,环境取样,,,0164#1号取样点WCCSF（气调杀虫后）,ENV,ENV,ENV,ENV,ENV,True,/home/ubuntu/sunlong/gcms_consistency_old/new_prepared_data/tensors/20250317/ENV/0570_B07_0164_0164_1_WCCSF.npz
B07_0165_0165#1号取样点WCCSF（气调杀虫后）,/home/ubuntu/sunlong/gcms_consistency_old/dataset/20250317/0165#1号取样点WCCSF（气调杀虫后）.D,0165#1号取样点WCCSF（气调杀虫后）.D,7,20250317,165.0,ENV,环境取样,,,0165#1号取样点WCCSF（气调杀虫后）,ENV,ENV,ENV,ENV,ENV,True,/home/ubuntu/sunlong/gcms_consistency_old/new_prepared_data/tensors/20250317/ENV/0571_B07_0165_0165_1_WCCSF.npz
B07_0166_0166#1号取样点WCCSF（气调杀虫后）,/home/ubuntu/sunlong/gcms_consistency_old/dataset/20250317/0166#1号取样点WCCSF（气调杀虫后）.D,0166#1号取样点WCCSF（气调杀虫后）.D,7,20250317,166.0,ENV,环境取样,,,0166#1号取样点WCCSF（气调杀虫后）,ENV,ENV,ENV,ENV,ENV,True,/home/ubuntu/sunlong/gcms_consistency_old/new_prepared_data/tensors/20250317/ENV/0572_B07_0166_0166_1_WCCSF.npz
B07_0167_0167#1号取样点WCCSF（气调杀虫后）,/home/ubuntu/sunlong/gcms_consistency_old/dataset/20250317/0167#1号取样点WCCSF（气调杀虫后）.D,0167#1号取样点WCCSF（气调杀虫后）.D,7,20250317,167.0,ENV,环境取样,,,0167#1号取样点WCCSF（气调杀虫后）,ENV,ENV,ENV,ENV,ENV,True,/home/ubuntu/sunlong/gcms_consistency_old/new_prepared_data/tensors/20250317/ENV/0573_B07_0167_0167_1_WCCSF.npz
B07_0168_0168#2号取样点WCXZF（气调杀虫后）,/home/ubuntu/sunlong/gcms_consistency_old/dataset/20250317/0168#2号取样点WCXZF（气调杀虫后）.D,0168#2号取样点WCXZF（气调杀虫后）.D,7,20250317,168.0,ENV,环境取样,,,0168#2号取样点WCXZF（气调杀虫后）,ENV,ENV,ENV,ENV,ENV,True,/home/ubuntu/sunlong/gcms_consistency_old/new_prepared_data/tensors/20250317/ENV/0574_B07_0168_0168_2_WCXZF.npz
B07_0169_0169#2号取样点WCXZF（气调杀虫后）,/home/ubuntu/sunlong/gcms_consistency_old/dataset/20250317/0169#2号取样点WCXZF（气调杀虫后）.D,0169#2号取样点WCXZF（气调杀虫后）.D,7,20250317,169.0,ENV,环境取样,,,0169#2号取样点WCXZF（气调杀虫后）,ENV,ENV,ENV,ENV,ENV,True,/home/ubuntu/sunlong/gcms_consistency_old/new_prepared_data/tensors/20250317/ENV/0575_B07_0169_0169_2_WCXZF.npz
B07_0170_0170#2号取样点WCXZF（气调杀虫后）,/home/ubuntu/sunlong/gcms_consistency_old/dataset/20250317/0170#2号取样点WCXZF（气调杀虫后）.D,0170#2号取样点WCXZF（气调杀虫后）.D,7,20250317,170.0,ENV,环境取样,,,0170#2号取样点WCXZF（气调杀虫后）,ENV,ENV,ENV,ENV,ENV,True,/home/ubuntu/sunlong/gcms_consistency_old/new_prepared_data/tensors/20250317/ENV/0576_B07_0170_0170_2_WCXZF.npz
B07_0171_0171#2号取样点WCXZF（气调杀虫后）,/home/ubuntu/sunlong/gcms_consistency_old/dataset/20250317/0171#2号取样点WCXZF（气调杀虫后）.D,0171#2号取样点WCXZF（气调杀虫后）.D,7,20250317,171.0,ENV,环境取样,,,0171#2号取样点WCXZF（气调杀虫后）,ENV,ENV,ENV,ENV,ENV,True,/home/ubuntu/sunlong/gcms_consistency_old/new_prepared_data/tensors/20250317/ENV/0577_B07_0171_0171_2_WCXZF.npz
B07_0172_0172#2号取样点WCXZF（气调杀虫后）,/home/ubuntu/sunlong/gcms_consistency_old/dataset/20250317/0172#2号取样点WCXZF（气调杀虫后）.D,0172#2号取样点WCXZF（气调杀虫后）.D,7,20250317,172.0,ENV,环境取样,,,0172#2号取样点WCXZF（气调杀虫后）,ENV,ENV,ENV,ENV,ENV,True,/home/ubuntu/sunlong/gcms_consistency_old/new_prepared_data/tensors/20250317/ENV/0578_B07_0172_0172_2_WCXZF.npz
B07_0173_0173#3号取样点WBBSF（气调杀虫后）,/home/ubuntu/sunlong/gcms_consistency_old/dataset/20250317/0173#3号取样点WBBSF（气调杀虫后）.D,0173#3号取样点WBBSF（气调杀虫后）.D,7,20250317,173.0,ENV,环境取样,,,0173#3号取样点WBBSF（气调杀虫后）,ENV,ENV,ENV,ENV,ENV,True,/home/ubuntu/sunlong/gcms_consistency_old/new_prepared_data/tensors/20250317/ENV/0579_B07_0173_0173_3_WBBSF.npz
B07_0174_0174#3号取样点WBBSF（气调杀虫后）,/home/ubuntu/sunlong/gcms_consistency_old/dataset/20250317/0174#3号取样点WBBSF（气调杀虫后）.D,0174#3号取样点WBBSF（气调杀虫后）.D,7,20250317,174.0,ENV,环境取样,,,0174#3号取样点WBBSF（气调杀虫后）,ENV,ENV,ENV,ENV,ENV,True,/home/ubuntu/sunlong/gcms_consistency_old/new_prepared_data/tensors/20250317/ENV/0580_B07_0174_0174_3_WBBSF.npz
B07_0175_0175#3号取样点WBBSF（气调杀虫后）,/home/ubuntu/sunlong/gcms_consistency_old/dataset/20250317/0175#3号取样点WBBSF（气调杀虫后）.D,0175#3号取样点WBBSF（气调杀虫后）.D,7,20250317,175.0,ENV,环境取样,,,0175#3号取样点WBBSF（气调杀虫后）,ENV,ENV,ENV,ENV,ENV,True,/home/ubuntu/sunlong/gcms_consistency_old/new_prepared_data/tensors/20250317/ENV/0581_B07_0175_0175_3_WBBSF.npz
B07_0176_0176#3号取样点WBBSF（气调杀虫后）,/home/ubuntu/sunlong/gcms_consistency_old/dataset/20250317/0176#3号取样点WBBSF（气调杀虫后）.D,0176#3号取样点WBBSF（气调杀虫后）.D,7,20250317,176.0,ENV,环境取样,,,0176#3号取样点WBBSF（气调杀虫后）,ENV,ENV,ENV,ENV,ENV,True,/home/ubuntu/sunlong/gcms_consistency_old/new_prepared_data/tensors/20250317/ENV/0582_B07_0176_0176_3_WBBSF.npz
B07_0177_0177#3号取样点WBBSF（气调杀虫后）,/home/ubuntu/sunlong/gcms_consistency_old/dataset/20250317/0177#3号取样点WBBSF（气调杀虫后）.D,0177#3号取样点WBBSF（气调杀虫后）.D,7,20250317,177.0,ENV,环境取样,,,0177#3号取样点WBBSF（气调杀虫后）,ENV,ENV,ENV,ENV,ENV,True,/home/ubuntu/sunlong/gcms_consistency_old/new_prepared_data/tensors/20250317/ENV/0583_B07_0177_0177_3_WBBSF.npz
B07_0178_0178#4号取样点WDC3F（气调杀虫后）,/home/ubuntu/sunlong/gcms_consistency_old/dataset/20250317/0178#4号取样点WDC3F（气调杀虫后）.D,0178#4号取样点WDC3F（气调杀虫后）.D,7,20250317,178.0,ENV,环境取样,,,0178#4号取样点WDC3F（气调杀虫后）,ENV,ENV,ENV,ENV,ENV,True,/home/ubuntu/sunlong/gcms_consistency_old/new_prepared_data/tensors/20250317/ENV/0584_B07_0178_0178_4_WDC3F.npz
B07_0179_0179#4号取样点WDC3F（气调杀虫后）,/home/ubuntu/sunlong/gcms_consistency_old/dataset/20250317/0179#4号取样点WDC3F（气调杀虫后）.D,0179#4号取样点WDC3F（气调杀虫后）.D,7,20250317,179.0,ENV,环境取样,,,0179#4号取样点WDC3F（气调杀虫后）,ENV,ENV,ENV,ENV,ENV,True,/home/ubuntu/sunlong/gcms_consistency_old/new_prepared_data/tensors/20250317/ENV/0585_B07_0179_0179_4_WDC3F.npz
B07_0180_0180#4号取样点WDC3F（气调杀虫后）,/home/ubuntu/sunlong/gcms_consistency_old/dataset/20250317/0180#4号取样点WDC3F（气调杀虫后）.D,0180#4号取样点WDC3F（气调杀虫后）.D,7,20250317,180.0,ENV,环境取样,,,0180#4号取样点WDC3F（气调杀虫后）,ENV,ENV,ENV,ENV,ENV,True,/home/ubuntu/sunlong/gcms_consistency_old/new_prepared_data/tensors/20250317/ENV/0586_B07_0180_0180_4_WDC3F.npz
B07_0181_0181#4号取样点WDC3F（气调杀虫后）,/home/ubuntu/sunlong/gcms_consistency_old/dataset/20250317/0181#4号取样点WDC3F（气调杀虫后）.D,0181#4号取样点WDC3F（气调杀虫后）.D,7,20250317,181.0,ENV,环境取样,,,0181#4号取样点WDC3F（气调杀虫后）,ENV,ENV,ENV,ENV,ENV,True,/home/ubuntu/sunlong/gcms_consistency_old/new_prepared_data/tensors/20250317/ENV/0587_B07_0181_0181_4_WDC3F.npz
B07_0182_0182#4号取样点WDC3F（气调杀虫后）,/home/ubuntu/sunlong/gcms_consistency_old/dataset/20250317/0182#4号取样点WDC3F（气调杀虫后）.D,0182#4号取样点WDC3F（气调杀虫后）.D,7,20250317,182.0,ENV,环境取样,,,0182#4号取样点WDC3F（气调杀虫后）,ENV,ENV,ENV,ENV,ENV,True,/home/ubuntu/sunlong/gcms_consistency_old/new_prepared_data/tensors/20250317/ENV/0588_B07_0182_0182_4_WDC3F.npz
B07_0183_125031704,/home/ubuntu/sunlong/gcms_consistency_old/dataset/20250317/0183#H88ACS125031704.D,0183#H88ACS125031704.D,7,20250317,183.0,H88,红河（88）,A,125031704,ACS125031704,H88,H88,H88,H88,H88,False,/home/ubuntu/sunlong/gcms_consistency_old/new_prepared_data/tensors/20250317/H88/0589_B07_0183_125031704.npz
B07_0184_125031708,/home/ubuntu/sunlong/gcms_consistency_old/dataset/20250317/0184#H88CCS125031708.D,0184#H88CCS125031708.D,7,20250317,184.0,H88,红河（88）,C,125031708,CCS125031708,H88,H88,H88,H88,H88,False,/home/ubuntu/sunlong/gcms_consistency_old/new_prepared_data/tensors/20250317/H88/0590_B07_0184_125031708.npz
B07_0185_125031710,/home/ubuntu/sunlong/gcms_consistency_old/dataset/20250317/0185#H88CCS125031710.D,0185#H88CCS125031710.D,7,20250317,185.0,H88,红河（88）,C,125031710,CCS125031710,H88,H88,H88,H88,H88,False,/home/ubuntu/sunlong/gcms_consistency_old/new_prepared_data/tensors/20250317/H88/0591_B07_0185_125031710.npz
B07_0186_125031712,/home/ubuntu/sunlong/gcms_consistency_old/dataset/20250317/0186#H88CCS125031712.D,0186#H88CCS125031712.D,7,20250317,186.0,H88,红河（88）,C,125031712,CCS125031712,H88,H88,H88,H88,H88,False,/home/ubuntu/sunlong/gcms_consistency_old/new_prepared_data/tensors/20250317/H88/0592_B07_0186_125031712.npz
B07_0187_125031705,/home/ubuntu/sunlong/gcms_consistency_old/dataset/20250317/0187#HRYBCS125031705.D,0187#HRYBCS125031705.D,7,20250317,187.0,HRY,云烟（软如意）,B,125031705,BCS125031705,HRY,HRY,HRY,HRY,HRY,False,/home/ubuntu/sunlong/gcms_consistency_old/new_prepared_data/tensors/20250317/HRY/0593_B07_0187_125031705.npz
B07_0188_125031713,/home/ubuntu/sunlong/gcms_consistency_old/dataset/20250317/0188#HRYBCS125031713.D,0188#HRYBCS125031713.D,7,20250317,188.0,HRY,云烟（软如意）,B,125031713,BCS125031713,HRY,HRY,HRY,HRY,HRY,False,/home/ubuntu/sunlong/gcms_consistency_old/new_prepared_data/tensors/20250317/HRY/0594_B07_0188_125031713.npz
B07_0189_125031702,/home/ubuntu/sunlong/gcms_consistency_old/dataset/20250317/0189#HYZBCS125031702.D,0189#HYZBCS125031702.D,7,20250317,189.0,HYZ,云烟（紫）,B,125031702,BCS125031702,HYZ,HYZ,HYZ,HYZ,HYZ,False,/home/ubuntu/sunlong/gcms_consistency_old/new_prepared_data/tensors/20250317/HYZ/0595_B07_0189_125031702.npz
B07_0190_125031707,/home/ubuntu/sunlong/gcms_consistency_old/dataset/20250317/0190#HYZBCS125031707.D,0190#HYZBCS125031707.D,7,20250317,190.0,HYZ,云烟（紫）,B,125031707,BCS125031707,HYZ,HYZ,HYZ,HYZ,HYZ,False,/home/ubuntu/sunlong/gcms_consistency_old/new_prepared_data/tensors/20250317/HYZ/0596_B07_0190_125031707.npz
B07_0191_125031709,/home/ubuntu/sunlong/gcms_consistency_old/dataset/20250317/0191#HYZBCS125031709.D,0191#HYZBCS125031709.D,7,20250317,191.0,HYZ,云烟（紫）,B,125031709,BCS125031709,HYZ,HYZ,HYZ,HYZ,HYZ,False,/home/ubuntu/sunlong/gcms_consistency_old/new_prepared_data/tensors/20250317/HYZ/0597_B07_0191_125031709.npz
B07_0192_125031711,/home/ubuntu/sunlong/gcms_consistency_old/dataset/20250317/0192#HYZBCS125031711.D,0192#HYZBCS125031711.D,7,20250317,192.0,HYZ,云烟（紫）,B,125031711,BCS125031711,HYZ,HYZ,HYZ,HYZ,HYZ,False,/home/ubuntu/sunlong/gcms_consistency_old/new_prepared_data/tensors/20250317/HYZ/0598_B07_0192_125031711.npz
B07_0193_125031703,/home/ubuntu/sunlong/gcms_consistency_old/dataset/20250317/0193#HYZCCS125031703.D,0193#HYZCCS125031703.D,7,20250317,193.0,HYZ,云烟（紫）,C,125031703,CCS125031703,HYZ,HYZ,HYZ,HYZ,HYZ,False,/home/ubuntu/sunlong/gcms_consistency_old/new_prepared_data/tensors/20250317/HYZ/0599_B07_0193_125031703.npz
B07_0194_125031706,/home/ubuntu/sunlong/gcms_consistency_old/dataset/20250317/0194#HYZCCS125031706.D,0194#HYZCCS125031706.D,7,20250317,194.0,HYZ,云烟（紫）,C,125031706,CCS125031706,HYZ,HYZ,HYZ,HYZ,HYZ,False,/home/ubuntu/sunlong/gcms_consistency_old/new_prepared_data/tensors/20250317/HYZ/0600_B07_0194_125031706.npz
B07_0195_125031701,/home/ubuntu/sunlong/gcms_consistency_old/dataset/20250317/0195#YJDACS125031701.D,0195#YJDACS125031701.D,7,20250317,195.0,YJD,红塔山（硬经典）,A,125031701,ACS125031701,YJD,YJD,YJD,YJD,YJD,False,/home/ubuntu/sunlong/gcms_consistency_old/new_prepared_data/tensors/20250317/YJD/0601_B07_0195_125031701.npz
B07_0196_125031804,/home/ubuntu/sunlong/gcms_consistency_old/dataset/20250317/0196#H88ACS125031804.D,0196#H88ACS125031804.D,7,20250317,196.0,H88,红河（88）,A,125031804,ACS125031804,H88,H88,H88,H88,H88,False,/home/ubuntu/sunlong/gcms_consistency_old/new_prepared_data/tensors/20250317/H88/0602_B07_0196_125031804.npz
B07_0197_125031806,/home/ubuntu/sunlong/gcms_consistency_old/dataset/20250317/0197#H99CCS125031806.D,0197#H99CCS125031806.D,7,20250317,197.0,H99,红河（99）,C,125031806,CCS125031806,H99,H99,H99,H99,H99,False,/home/ubuntu/sunlong/gcms_consistency_old/new_prepared_data/tensors/20250317/H99/0603_B07_0197_125031806.npz
B07_0198_125031801,/home/ubuntu/sunlong/gcms_consistency_old/dataset/20250317/0198#HRJACS125031801.D,0198#HRJACS125031801.D,7,20250317,198.0,HRJ,红河（软甲）,A,125031801,ACS125031801,HRJ,HRJ,HRJ,HRJ,HRJ,False,/home/ubuntu/sunlong/gcms_consistency_old/new_prepared_data/tensors/20250317/HRJ/0604_B07_0198_125031801.npz
B07_0199_125031808,/home/ubuntu/sunlong/gcms_consistency_old/dataset/20250317/0199#HRYBCS125031808.D,0199#HRYBCS125031808.D,7,20250317,199.0,HRY,云烟（软如意）,B,125031808,BCS125031808,HRY,HRY,HRY,HRY,HRY,False,/home/ubuntu/sunlong/gcms_consistency_old/new_prepared_data/tensors/20250317/HRY/0605_B07_0199_125031808.npz
B07_0200_125031810,/home/ubuntu/sunlong/gcms_consistency_old/dataset/20250317/0200#HRYBCS125031810.D,0200#HRYBCS125031810.D,7,20250317,200.0,HRY,云烟（软如意）,B,125031810,BCS125031810,HRY,HRY,HRY,HRY,HRY,False,/home/ubuntu/sunlong/gcms_consistency_old/new_prepared_data/tensors/20250317/HRY/0606_B07_0200_125031810.npz
B07_0201_125031802,/home/ubuntu/sunlong/gcms_consistency_old/dataset/20250317/0201#HYZBCS125031802.D,0201#HYZBCS125031802.D,7,20250317,201.0,HYZ,云烟（紫）,B,125031802,BCS125031802,HYZ,HYZ,HYZ,HYZ,HYZ,False,/home/ubuntu/sunlong/gcms_consistency_old/new_prepared_data/tensors/20250317/HYZ/0607_B07_0201_125031802.npz
B07_0202_125031805,/home/ubuntu/sunlong/gcms_consistency_old/dataset/20250317/0202#HYZBCS125031805.D,0202#HYZBCS125031805.D,7,20250317,202.0,HYZ,云烟（紫）,B,125031805,BCS125031805,HYZ,HYZ,HYZ,HYZ,HYZ,False,/home/ubuntu/sunlong/gcms_consistency_old/new_prepared_data/tensors/20250317/HYZ/0608_B07_0202_125031805.npz
B07_0203_125031803,/home/ubuntu/sunlong/gcms_consistency_old/dataset/20250317/0203#HYZCCS125031803.D,0203#HYZCCS125031803.D,7,20250317,203.0,HYZ,云烟（紫）,C,125031803,CCS125031803,HYZ,HYZ,HYZ,HYZ,HYZ,False,/home/ubuntu/sunlong/gcms_consistency_old/new_prepared_data/tensors/20250317/HYZ/0609_B07_0203_125031803.npz
B07_0204_125031807,/home/ubuntu/sunlong/gcms_consistency_old/dataset/20250317/0204#HYZCCS125031807.D,0204#HYZCCS125031807.D,7,20250317,204.0,HYZ,云烟（紫）,C,125031807,CCS125031807,HYZ,HYZ,HYZ,HYZ,HYZ,False,/home/ubuntu/sunlong/gcms_consistency_old/new_prepared_data/tensors/20250317/HYZ/0610_B07_0204_125031807.npz
B07_0205_125031809,/home/ubuntu/sunlong/gcms_consistency_old/dataset/20250317/0205#HYZCCS125031809.D,0205#HYZCCS125031809.D,7,20250317,205.0,HYZ,云烟（紫）,C,125031809,CCS125031809,HYZ,HYZ,HYZ,HYZ,HYZ,False,/home/ubuntu/sunlong/gcms_consistency_old/new_prepared_data/tensors/20250317/HYZ/0611_B07_0205_125031809.npz
B07_0000_BLANK,/home/ubuntu/sunlong/gcms_consistency_old/dataset/20250317/BLANK.D,BLANK.D,7,20250317,,BLANK,空白样,,,BLANK,BLANK,BLANK,BLANK,BLANK,BLANK,True,/home/ubuntu/sunlong/gcms_consistency_old/new_prepared_data/tensors/20250317/BLANK/0612_B07_0000_BLANK.npz
B08_0206_125031908,/home/ubuntu/sunlong/gcms_consistency_old/dataset/20250326/0206#H88CCS125031908.D,0206#H88CCS125031908.D,8,20250326,206.0,H88,红河（88）,C,125031908,CCS125031908,H88,H88,H88,H88,H88,False,/home/ubuntu/sunlong/gcms_consistency_old/new_prepared_data/tensors/20250326/H88/0613_B08_0206_125031908.npz
B08_0207_125031911,/home/ubuntu/sunlong/gcms_consistency_old/dataset/20250326/0207#H88CCS125031911.D,0207#H88CCS125031911.D,8,20250326,207.0,H88,红河（88）,C,125031911,CCS125031911,H88,H88,H88,H88,H88,False,/home/ubuntu/sunlong/gcms_consistency_old/new_prepared_data/tensors/20250326/H88/0614_B08_0207_125031911.npz
B08_0208_125031909,/home/ubuntu/sunlong/gcms_consistency_old/dataset/20250326/0208#HRJACS125031909.D,0208#HRJACS125031909.D,8,20250326,208.0,HRJ,红河（软甲）,A,125031909,ACS125031909,HRJ,HRJ,HRJ,HRJ,HRJ,False,/home/ubuntu/sunlong/gcms_consistency_old/new_prepared_data/tensors/20250326/HRJ/0615_B08_0208_125031909.npz
B08_0209_125031912,/home/ubuntu/sunlong/gcms_consistency_old/dataset/20250326/0209#HRJACS125031912.D,0209#HRJACS125031912.D,8,20250326,209.0,HRJ,红河（软甲）,A,125031912,ACS125031912,HRJ,HRJ,HRJ,HRJ,HRJ,False,/home/ubuntu/sunlong/gcms_consistency_old/new_prepared_data/tensors/20250326/HRJ/0616_B08_0209_125031912.npz
B08_0210_125031902,/home/ubuntu/sunlong/gcms_consistency_old/dataset/20250326/0210#HYZBCS125031902.D,0210#HYZBCS125031902.D,8,20250326,210.0,HYZ,云烟（紫）,B,125031902,BCS125031902,HYZ,HYZ,HYZ,HYZ,HYZ,False,/home/ubuntu/sunlong/gcms_consistency_old/new_prepared_data/tensors/20250326/HYZ/0617_B08_0210_125031902.npz
B08_0211_125031905,/home/ubuntu/sunlong/gcms_consistency_old/dataset/20250326/0211#HYZBCS125031905.D,0211#HYZBCS125031905.D,8,20250326,211.0,HYZ,云烟（紫）,B,125031905,BCS125031905,HYZ,HYZ,HYZ,HYZ,HYZ,False,/home/ubuntu/sunlong/gcms_consistency_old/new_prepared_data/tensors/20250326/HYZ/0618_B08_0211_125031905.npz
B08_0212_125031907,/home/ubuntu/sunlong/gcms_consistency_old/dataset/20250326/0212#HYZBCS125031907.D,0212#HYZBCS125031907.D,8,20250326,212.0,HYZ,云烟（紫）,B,125031907,BCS125031907,HYZ,HYZ,HYZ,HYZ,HYZ,False,/home/ubuntu/sunlong/gcms_consistency_old/new_prepared_data/tensors/20250326/HYZ/0619_B08_0212_125031907.npz
B08_0213_125031910,/home/ubuntu/sunlong/gcms_consistency_old/dataset/20250326/0213#HYZBCS125031910.D,0213#HYZBCS125031910.D,8,20250326,213.0,HYZ,云烟（紫）,B,125031910,BCS125031910,HYZ,HYZ,HYZ,HYZ,HYZ,False,/home/ubuntu/sunlong/gcms_consistency_old/new_prepared_data/tensors/20250326/HYZ/0620_B08_0213_125031910.npz
B08_0214_125031913,/home/ubuntu/sunlong/gcms_consistency_old/dataset/20250326/0214#HYZBCS125031913.D,0214#HYZBCS125031913.D,8,20250326,214.0,HYZ,云烟（紫）,B,125031913,BCS125031913,HYZ,HYZ,HYZ,HYZ,HYZ,False,/home/ubuntu/sunlong/gcms_consistency_old/new_prepared_data/tensors/20250326/HYZ/0621_B08_0214_125031913.npz
B08_0215_125031914,/home/ubuntu/sunlong/gcms_consistency_old/dataset/20250326/0215#HYZBCS125031914.D,0215#HYZBCS125031914.D,8,20250326,215.0,HYZ,云烟（紫）,B,125031914,BCS125031914,HYZ,HYZ,HYZ,HYZ,HYZ,False,/home/ubuntu/sunlong/gcms_consistency_old/new_prepared_data/tensors/20250326/HYZ/0622_B08_0215_125031914.npz
B08_0216_125031903,/home/ubuntu/sunlong/gcms_consistency_old/dataset/20250326/0216#HYZCCS125031903.D,0216#HYZCCS125031903.D,8,20250326,216.0,HYZ,云烟（紫）,C,125031903,CCS125031903,HYZ,HYZ,HYZ,HYZ,HYZ,False,/home/ubuntu/sunlong/gcms_consistency_old/new_prepared_data/tensors/20250326/HYZ/0623_B08_0216_125031903.npz
B08_0217_125031906,/home/ubuntu/sunlong/gcms_consistency_old/dataset/20250326/0217#HYZCCS125031906.D,0217#HYZCCS125031906.D,8,20250326,217.0,HYZ,云烟（紫）,C,125031906,CCS125031906,HYZ,HYZ,HYZ,HYZ,HYZ,False,/home/ubuntu/sunlong/gcms_consistency_old/new_prepared_data/tensors/20250326/HYZ/0624_B08_0217_125031906.npz
B08_0218_125031901,/home/ubuntu/sunlong/gcms_consistency_old/dataset/20250326/0218#YJDACS125031901.D,0218#YJDACS125031901.D,8,20250326,218.0,YJD,红塔山（硬经典）,A,125031901,ACS125031901,YJD,YJD,YJD,YJD,YJD,False,/home/ubuntu/sunlong/gcms_consistency_old/new_prepared_data/tensors/20250326/YJD/0625_B08_0218_125031901.npz
B08_0219_125031904,/home/ubuntu/sunlong/gcms_consistency_old/dataset/20250326/0219#YJDACS125031904.D,0219#YJDACS125031904.D,8,20250326,219.0,YJD,红塔山（硬经典）,A,125031904,ACS125031904,YJD,YJD,YJD,YJD,YJD,False,/home/ubuntu/sunlong/gcms_consistency_old/new_prepared_data/tensors/20250326/YJD/0626_B08_0219_125031904.npz
B08_0220_425032001,/home/ubuntu/sunlong/gcms_consistency_old/dataset/20250326/0220#H88ACS425032001.D,0220#H88ACS425032001.D,8,20250326,220.0,H88,红河（88）,A,425032001,ACS425032001,H88,H88,H88,H88,H88,False,/home/ubuntu/sunlong/gcms_consistency_old/new_prepared_data/tensors/20250326/H88/0627_B08_0220_425032001.npz
B08_0221_125032008,/home/ubuntu/sunlong/gcms_consistency_old/dataset/20250326/0221#HRYBCS125032008.D,0221#HRYBCS125032008.D,8,20250326,221.0,HRY,云烟（软如意）,B,125032008,BCS125032008,HRY,HRY,HRY,HRY,HRY,False,/home/ubuntu/sunlong/gcms_consistency_old/new_prepared_data/tensors/20250326/HRY/0628_B08_0221_125032008.npz
B08_0222_125032009,/home/ubuntu/sunlong/gcms_consistency_old/dataset/20250326/0222#HRYBCS125032009.D,0222#HRYBCS125032009.D,8,20250326,222.0,HRY,云烟（软如意）,B,125032009,BCS125032009,HRY,HRY,HRY,HRY,HRY,False,/home/ubuntu/sunlong/gcms_consistency_old/new_prepared_data/tensors/20250326/HRY/0629_B08_0222_125032009.npz
B08_0223_125032002,/home/ubuntu/sunlong/gcms_consistency_old/dataset/20250326/0223#HYZBCS125032002.D,0223#HYZBCS125032002.D,8,20250326,223.0,HYZ,云烟（紫）,B,125032002,BCS125032002,HYZ,HYZ,HYZ,HYZ,HYZ,False,/home/ubuntu/sunlong/gcms_consistency_old/new_prepared_data/tensors/20250326/HYZ/0630_B08_0223_125032002.npz
B08_0224_125032005,/home/ubuntu/sunlong/gcms_consistency_old/dataset/20250326/0224#HYZBCS125032005.D,0224#HYZBCS125032005.D,8,20250326,224.0,HYZ,云烟（紫）,B,125032005,BCS125032005,HYZ,HYZ,HYZ,HYZ,HYZ,False,/home/ubuntu/sunlong/gcms_consistency_old/new_prepared_data/tensors/20250326/HYZ/0631_B08_0224_125032005.npz
B08_0225_125032010,/home/ubuntu/sunlong/gcms_consistency_old/dataset/20250326/0225#HYZBCS125032010.D,0225#HYZBCS125032010.D,8,20250326,225.0,HYZ,云烟（紫）,B,125032010,BCS125032010,HYZ,HYZ,HYZ,HYZ,HYZ,False,/home/ubuntu/sunlong/gcms_consistency_old/new_prepared_data/tensors/20250326/HYZ/0632_B08_0225_125032010.npz
B08_0226_125032011,/home/ubuntu/sunlong/gcms_consistency_old/dataset/20250326/0226#HYZBCS125032011.D,0226#HYZBCS125032011.D,8,20250326,226.0,HYZ,云烟（紫）,B,125032011,BCS125032011,HYZ,HYZ,HYZ,HYZ,HYZ,False,/home/ubuntu/sunlong/gcms_consistency_old/new_prepared_data/tensors/20250326/HYZ/0633_B08_0226_125032011.npz
B08_0227_125032003,/home/ubuntu/sunlong/gcms_consistency_old/dataset/20250326/0227#HYZCCS125032003.D,0227#HYZCCS125032003.D,8,20250326,227.0,HYZ,云烟（紫）,C,125032003,CCS125032003,HYZ,HYZ,HYZ,HYZ,HYZ,False,/home/ubuntu/sunlong/gcms_consistency_old/new_prepared_data/tensors/20250326/HYZ/0634_B08_0227_125032003.npz
B08_0228_125032006,/home/ubuntu/sunlong/gcms_consistency_old/dataset/20250326/0228#HYZCCS125032006.D,0228#HYZCCS125032006.D,8,20250326,228.0,HYZ,云烟（紫）,C,125032006,CCS125032006,HYZ,HYZ,HYZ,HYZ,HYZ,False,/home/ubuntu/sunlong/gcms_consistency_old/new_prepared_data/tensors/20250326/HYZ/0635_B08_0228_125032006.npz
B08_0229_225032001,/home/ubuntu/sunlong/gcms_consistency_old/dataset/20250326/0229#XCJACS225032001.D,0229#XCJACS225032001.D,8,20250326,229.0,XCJ,云烟（中支小重九）,A,225032001,ACS225032001,XCJ,XCJ,XCJ,XCJ,XCJ,False,/home/ubuntu/sunlong/gcms_consistency_old/new_prepared_data/tensors/20250326/XCJ/0636_B08_0229_225032001.npz
B08_0230_125032001,/home/ubuntu/sunlong/gcms_consistency_old/dataset/20250326/0230#YJDACS125032001.D,0230#YJDACS125032001.D,8,20250326,230.0,YJD,红塔山（硬经典）,A,125032001,ACS125032001,YJD,YJD,YJD,YJD,YJD,False,/home/ubuntu/sunlong/gcms_consistency_old/new_prepared_data/tensors/20250326/YJD/0637_B08_0230_125032001.npz
B08_0231_125032004,/home/ubuntu/sunlong/gcms_consistency_old/dataset/20250326/0231#YJDACS125032004.D,0231#YJDACS125032004.D,8,20250326,231.0,YJD,红塔山（硬经典）,A,125032004,ACS125032004,YJD,YJD,YJD,YJD,YJD,False,/home/ubuntu/sunlong/gcms_consistency_old/new_prepared_data/tensors/20250326/YJD/0638_B08_0231_125032004.npz
B08_0232_125032102,/home/ubuntu/sunlong/gcms_consistency_old/dataset/20250326/0232#H88CCS125032102.D,0232#H88CCS125032102.D,8,20250326,232.0,H88,红河（88）,C,125032102,CCS125032102,H88,H88,H88,H88,H88,False,/home/ubuntu/sunlong/gcms_consistency_old/new_prepared_data/tensors/20250326/H88/0639_B08_0232_125032102.npz
B08_0233_125032105,/home/ubuntu/sunlong/gcms_consistency_old/dataset/20250326/0233#H88CCS125032105.D,0233#H88CCS125032105.D,8,20250326,233.0,H88,红河（88）,C,125032105,CCS125032105,H88,H88,H88,H88,H88,False,/home/ubuntu/sunlong/gcms_consistency_old/new_prepared_data/tensors/20250326/H88/0640_B08_0233_125032105.npz
B08_0234_125032104,/home/ubuntu/sunlong/gcms_consistency_old/dataset/20250326/0234#H99CCS125032104.D,0234#H99CCS125032104.D,8,20250326,234.0,H99,红河（99）,C,125032104,CCS125032104,H99,H99,H99,H99,H99,False,/home/ubuntu/sunlong/gcms_consistency_old/new_prepared_data/tensors/20250326/H99/0641_B08_0234_125032104.npz
B08_0235_125032109,/home/ubuntu/sunlong/gcms_consistency_old/dataset/20250326/0235#H99CCS125032109.D,0235#H99CCS125032109.D,8,20250326,235.0,H99,红河（99）,C,125032109,CCS125032109,H99,H99,H99,H99,H99,False,/home/ubuntu/sunlong/gcms_consistency_old/new_prepared_data/tensors/20250326/H99/0642_B08_0235_125032109.npz
B08_0236_125032106,/home/ubuntu/sunlong/gcms_consistency_old/dataset/20250326/0236#HRYBCS125032106.D,0236#HRYBCS125032106.D,8,20250326,236.0,HRY,云烟（软如意）,B,125032106,BCS125032106,HRY,HRY,HRY,HRY,HRY,False,/home/ubuntu/sunlong/gcms_consistency_old/new_prepared_data/tensors/20250326/HRY/0643_B08_0236_125032106.npz
B08_0237_125032101,/home/ubuntu/sunlong/gcms_consistency_old/dataset/20250326/0237#HYZBCS125032101.D,0237#HYZBCS125032101.D,8,20250326,237.0,HYZ,云烟（紫）,B,125032101,BCS125032101,HYZ,HYZ,HYZ,HYZ,HYZ,False,/home/ubuntu/sunlong/gcms_consistency_old/new_prepared_data/tensors/20250326/HYZ/0644_B08_0237_125032101.npz
B08_0238_125032103,/home/ubuntu/sunlong/gcms_consistency_old/dataset/20250326/0238#HYZBCS125032103.D,0238#HYZBCS125032103.D,8,20250326,238.0,HYZ,云烟（紫）,B,125032103,BCS125032103,HYZ,HYZ,HYZ,HYZ,HYZ,False,/home/ubuntu/sunlong/gcms_consistency_old/new_prepared_data/tensors/20250326/HYZ/0645_B08_0238_125032103.npz
B08_0239_125032108,/home/ubuntu/sunlong/gcms_consistency_old/dataset/20250326/0239#HYZBCS125032108.D,0239#HYZBCS125032108.D,8,20250326,239.0,HYZ,云烟（紫）,B,125032108,BCS125032108,HYZ,HYZ,HYZ,HYZ,HYZ,False,/home/ubuntu/sunlong/gcms_consistency_old/new_prepared_data/tensors/20250326/HYZ/0646_B08_0239_125032108.npz
B08_0240_125032110,/home/ubuntu/sunlong/gcms_consistency_old/dataset/20250326/0240#HYZBCS125032110.D,0240#HYZBCS125032110.D,8,20250326,240.0,HYZ,云烟（紫）,B,125032110,BCS125032110,HYZ,HYZ,HYZ,HYZ,HYZ,False,/home/ubuntu/sunlong/gcms_consistency_old/new_prepared_data/tensors/20250326/HYZ/0647_B08_0240_125032110.npz
B08_0241_125032111,/home/ubuntu/sunlong/gcms_consistency_old/dataset/20250326/0241#HYZBCS125032111.D,0241#HYZBCS125032111.D,8,20250326,241.0,HYZ,云烟（紫）,B,125032111,BCS125032111,HYZ,HYZ,HYZ,HYZ,HYZ,False,/home/ubuntu/sunlong/gcms_consistency_old/new_prepared_data/tensors/20250326/HYZ/0648_B08_0241_125032111.npz
B08_0242_225032101,/home/ubuntu/sunlong/gcms_consistency_old/dataset/20250326/0242#XCJACS225032101.D,0242#XCJACS225032101.D,8,20250326,242.0,XCJ,云烟（中支小重九）,A,225032101,ACS225032101,XCJ,XCJ,XCJ,XCJ,XCJ,False,/home/ubuntu/sunlong/gcms_consistency_old/new_prepared_data/tensors/20250326/XCJ/0649_B08_0242_225032101.npz
B08_0243_125032408,/home/ubuntu/sunlong/gcms_consistency_old/dataset/20250326/0243#H88ACS125032408.D,0243#H88ACS125032408.D,8,20250326,243.0,H88,红河（88）,A,125032408,ACS125032408,H88,H88,H88,H88,H88,False,/home/ubuntu/sunlong/gcms_consistency_old/new_prepared_data/tensors/20250326/H88/0650_B08_0243_125032408.npz
B08_0244_125032411,/home/ubuntu/sunlong/gcms_consistency_old/dataset/20250326/0244#H88ACS125032411.D,0244#H88ACS125032411.D,8,20250326,244.0,H88,红河（88）,A,125032411,ACS125032411,H88,H88,H88,H88,H88,False,/home/ubuntu/sunlong/gcms_consistency_old/new_prepared_data/tensors/20250326/H88/0651_B08_0244_125032411.npz
B08_0245_125032403,/home/ubuntu/sunlong/gcms_consistency_old/dataset/20250326/0245#H88CCS125032403.D,0245#H88CCS125032403.D,8,20250326,245.0,H88,红河（88）,C,125032403,CCS125032403,H88,H88,H88,H88,H88,False,/home/ubuntu/sunlong/gcms_consistency_old/new_prepared_data/tensors/20250326/H88/0652_B08_0245_125032403.npz
B08_0246_125032413,/home/ubuntu/sunlong/gcms_consistency_old/dataset/20250326/0246#H88CCS125032413.D,0246#H88CCS125032413.D,8,20250326,246.0,H88,红河（88）,C,125032413,CCS125032413,H88,H88,H88,H88,H88,False,/home/ubuntu/sunlong/gcms_consistency_old/new_prepared_data/tensors/20250326/H88/0653_B08_0246_125032413.npz
B08_0247_125032406,/home/ubuntu/sunlong/gcms_consistency_old/dataset/20250326/0247#H99CCS125032406.D,0247#H99CCS125032406.D,8,20250326,247.0,H99,红河（99）,C,125032406,CCS125032406,H99,H99,H99,H99,H99,False,/home/ubuntu/sunlong/gcms_consistency_old/new_prepared_data/tensors/20250326/H99/0654_B08_0247_125032406.npz
B08_0248_125032415,/home/ubuntu/sunlong/gcms_consistency_old/dataset/20250326/0248#H99CCS125032415.D,0248#H99CCS125032415.D,8,20250326,248.0,H99,红河（99）,C,125032415,CCS125032415,H99,H99,H99,H99,H99,False,/home/ubuntu/sunlong/gcms_consistency_old/new_prepared_data/tensors/20250326/H99/0655_B08_0248_125032415.npz
B08_0249_125032404,/home/ubuntu/sunlong/gcms_consistency_old/dataset/20250326/0249#HRJACS125032404.D,0249#HRJACS125032404.D,8,20250326,249.0,HRJ,红河（软甲）,A,125032404,ACS125032404,HRJ,HRJ,HRJ,HRJ,HRJ,False,/home/ubuntu/sunlong/gcms_consistency_old/new_prepared_data/tensors/20250326/HRJ/0656_B08_0249_125032404.npz
B08_0250_125032416,/home/ubuntu/sunlong/gcms_consistency_old/dataset/20250326/0250#HRJACS125032416.D,0250#HRJACS125032416.D,8,20250326,250.0,HRJ,红河（软甲）,A,125032416,ACS125032416,HRJ,HRJ,HRJ,HRJ,HRJ,False,/home/ubuntu/sunlong/gcms_consistency_old/new_prepared_data/tensors/20250326/HRJ/0657_B08_0250_125032416.npz
B08_0251_125032405,/home/ubuntu/sunlong/gcms_consistency_old/dataset/20250326/0251#HRYBCS125032405.D,0251#HRYBCS125032405.D,8,20250326,251.0,HRY,云烟（软如意）,B,125032405,BCS125032405,HRY,HRY,HRY,HRY,HRY,False,/home/ubuntu/sunlong/gcms_consistency_old/new_prepared_data/tensors/20250326/HRY/0658_B08_0251_125032405.npz
B08_0252_125032409,/home/ubuntu/sunlong/gcms_consistency_old/dataset/20250326/0252#HRYBCS125032409.D,0252#HRYBCS125032409.D,8,20250326,252.0,HRY,云烟（软如意）,B,125032409,BCS125032409,HRY,HRY,HRY,HRY,HRY,False,/home/ubuntu/sunlong/gcms_consistency_old/new_prepared_data/tensors/20250326/HRY/0659_B08_0252_125032409.npz
B08_0253_125032412,/home/ubuntu/sunlong/gcms_consistency_old/dataset/20250326/0253#HRYBCS125032412.D,0253#HRYBCS125032412.D,8,20250326,253.0,HRY,云烟（软如意）,B,125032412,BCS125032412,HRY,HRY,HRY,HRY,HRY,False,/home/ubuntu/sunlong/gcms_consistency_old/new_prepared_data/tensors/20250326/HRY/0660_B08_0253_125032412.npz
B08_0254_125032414,/home/ubuntu/sunlong/gcms_consistency_old/dataset/20250326/0254#HRYBCS125032414.D,0254#HRYBCS125032414.D,8,20250326,254.0,HRY,云烟（软如意）,B,125032414,BCS125032414,HRY,HRY,HRY,HRY,HRY,False,/home/ubuntu/sunlong/gcms_consistency_old/new_prepared_data/tensors/20250326/HRY/0661_B08_0254_125032414.npz
B08_0255_125032402,/home/ubuntu/sunlong/gcms_consistency_old/dataset/20250326/0255#HYZBCS125032402.D,0255#HYZBCS125032402.D,8,20250326,255.0,HYZ,云烟（紫）,B,125032402,BCS125032402,HYZ,HYZ,HYZ,HYZ,HYZ,False,/home/ubuntu/sunlong/gcms_consistency_old/new_prepared_data/tensors/20250326/HYZ/0662_B08_0255_125032402.npz
B08_0256_125032407,/home/ubuntu/sunlong/gcms_consistency_old/dataset/20250326/0256#HYZCCS125032407.D,0256#HYZCCS125032407.D,8,20250326,256.0,HYZ,云烟（紫）,C,125032407,CCS125032407,HYZ,HYZ,HYZ,HYZ,HYZ,False,/home/ubuntu/sunlong/gcms_consistency_old/new_prepared_data/tensors/20250326/HYZ/0663_B08_0256_125032407.npz
B08_0257_125032410,/home/ubuntu/sunlong/gcms_consistency_old/dataset/20250326/0257#HYZCCS125032410.D,0257#HYZCCS125032410.D,8,20250326,257.0,HYZ,云烟（紫）,C,125032410,CCS125032410,HYZ,HYZ,HYZ,HYZ,HYZ,False,/home/ubuntu/sunlong/gcms_consistency_old/new_prepared_data/tensors/20250326/HYZ/0664_B08_0257_125032410.npz
B08_0258_125032401,/home/ubuntu/sunlong/gcms_consistency_old/dataset/20250326/0258#YJDACS125032401.D,0258#YJDACS125032401.D,8,20250326,258.0,YJD,红塔山（硬经典）,A,125032401,ACS125032401,YJD,YJD,YJD,YJD,YJD,False,/home/ubuntu/sunlong/gcms_consistency_old/new_prepared_data/tensors/20250326/YJD/0665_B08_0258_125032401.npz
B08_0259_125032515,/home/ubuntu/sunlong/gcms_consistency_old/dataset/20250326/0259#H88CCS125032515.D,0259#H88CCS125032515.D,8,20250326,259.0,H88,红河（88）,C,125032515,CCS125032515,H88,H88,H88,H88,H88,False,/home/ubuntu/sunlong/gcms_consistency_old/new_prepared_data/tensors/20250326/H88/0666_B08_0259_125032515.npz
B08_0260_125032517,/home/ubuntu/sunlong/gcms_consistency_old/dataset/20250326/0260#H88CCS125032517.D,0260#H88CCS125032517.D,8,20250326,260.0,H88,红河（88）,C,125032517,CCS125032517,H88,H88,H88,H88,H88,False,/home/ubuntu/sunlong/gcms_consistency_old/new_prepared_data/tensors/20250326/H88/0667_B08_0260_125032517.npz
B08_0261_125032503,/home/ubuntu/sunlong/gcms_consistency_old/dataset/20250326/0261#H99CCS125032503.D,0261#H99CCS125032503.D,8,20250326,261.0,H99,红河（99）,C,125032503,CCS125032503,H99,H99,H99,H99,H99,False,/home/ubuntu/sunlong/gcms_consistency_old/new_prepared_data/tensors/20250326/H99/0668_B08_0261_125032503.npz
B08_0262_125032506,/home/ubuntu/sunlong/gcms_consistency_old/dataset/20250326/0262#H99CCS125032506.D,0262#H99CCS125032506.D,8,20250326,262.0,H99,红河（99）,C,125032506,CCS125032506,H99,H99,H99,H99,H99,False,/home/ubuntu/sunlong/gcms_consistency_old/new_prepared_data/tensors/20250326/H99/0669_B08_0262_125032506.npz
B08_0263_125032509,/home/ubuntu/sunlong/gcms_consistency_old/dataset/20250326/0263#H99CCS125032509.D,0263#H99CCS125032509.D,8,20250326,263.0,H99,红河（99）,C,125032509,CCS125032509,H99,H99,H99,H99,H99,False,/home/ubuntu/sunlong/gcms_consistency_old/new_prepared_data/tensors/20250326/H99/0670_B08_0263_125032509.npz
B08_0264_125032512,/home/ubuntu/sunlong/gcms_consistency_old/dataset/20250326/0264#H99CCS125032512.D,0264#H99CCS125032512.D,8,20250326,264.0,H99,红河（99）,C,125032512,CCS125032512,H99,H99,H99,H99,H99,False,/home/ubuntu/sunlong/gcms_consistency_old/new_prepared_data/tensors/20250326/H99/0671_B08_0264_125032512.npz
B08_0265_125032514,/home/ubuntu/sunlong/gcms_consistency_old/dataset/20250326/0265#HRJACS125032514.D,0265#HRJACS125032514.D,8,20250326,265.0,HRJ,红河（软甲）,A,125032514,ACS125032514,HRJ,HRJ,HRJ,HRJ,HRJ,False,/home/ubuntu/sunlong/gcms_consistency_old/new_prepared_data/tensors/20250326/HRJ/0672_B08_0265_125032514.npz
B08_0266_125032502,/home/ubuntu/sunlong/gcms_consistency_old/dataset/20250326/0266#HYZBCS125032502.D,0266#HYZBCS125032502.D,8,20250326,266.0,HYZ,云烟（紫）,B,125032502,BCS125032502,HYZ,HYZ,HYZ,HYZ,HYZ,False,/home/ubuntu/sunlong/gcms_consistency_old/new_prepared_data/tensors/20250326/HYZ/0673_B08_0266_125032502.npz
B08_0000_BLANK,/home/ubuntu/sunlong/gcms_consistency_old/dataset/20250326/BLANK.D,BLANK.D,8,20250326,,BLANK,空白样,,,BLANK,BLANK,BLANK,BLANK,BLANK,BLANK,True,/home/ubuntu/sunlong/gcms_consistency_old/new_prepared_data/tensors/20250326/BLANK/0674_B08_0000_BLANK.npz
B09_0267_125032505,/home/ubuntu/sunlong/gcms_consistency_old/dataset/20250331/0267#HYZBCS125032505.D,0267#HYZBCS125032505.D,9,20250331,267.0,HYZ,云烟（紫）,B,125032505,BCS125032505,HYZ,HYZ,HYZ,HYZ,HYZ,False,/home/ubuntu/sunlong/gcms_consistency_old/new_prepared_data/tensors/20250331/HYZ/0675_B09_0267_125032505.npz
B09_0268_125032507,/home/ubuntu/sunlong/gcms_consistency_old/dataset/20250331/0268#HYZBCS125032507.D,0268#HYZBCS125032507.D,9,20250331,268.0,HYZ,云烟（紫）,B,125032507,BCS125032507,HYZ,HYZ,HYZ,HYZ,HYZ,False,/home/ubuntu/sunlong/gcms_consistency_old/new_prepared_data/tensors/20250331/HYZ/0676_B09_0268_125032507.npz
B09_0269_125032510,/home/ubuntu/sunlong/gcms_consistency_old/dataset/20250331/0269#HYZBCS125032510.D,0269#HYZBCS125032510.D,9,20250331,269.0,HYZ,云烟（紫）,B,125032510,BCS125032510,HYZ,HYZ,HYZ,HYZ,HYZ,False,/home/ubuntu/sunlong/gcms_consistency_old/new_prepared_data/tensors/20250331/HYZ/0677_B09_0269_125032510.npz
B09_0270_125032513,/home/ubuntu/sunlong/gcms_consistency_old/dataset/20250331/0270#HYZBCS125032513.D,0270#HYZBCS125032513.D,9,20250331,270.0,HYZ,云烟（紫）,B,125032513,BCS125032513,HYZ,HYZ,HYZ,HYZ,HYZ,False,/home/ubuntu/sunlong/gcms_consistency_old/new_prepared_data/tensors/20250331/HYZ/0678_B09_0270_125032513.npz
B09_0271_125032516,/home/ubuntu/sunlong/gcms_consistency_old/dataset/20250331/0271#HYZBCS125032516.D,0271#HYZBCS125032516.D,9,20250331,271.0,HYZ,云烟（紫）,B,125032516,BCS125032516,HYZ,HYZ,HYZ,HYZ,HYZ,False,/home/ubuntu/sunlong/gcms_consistency_old/new_prepared_data/tensors/20250331/HYZ/0679_B09_0271_125032516.npz
B09_0272_125032501,/home/ubuntu/sunlong/gcms_consistency_old/dataset/20250331/0272#YJDACS125032501.D,0272#YJDACS125032501.D,9,20250331,272.0,YJD,红塔山（硬经典）,A,125032501,ACS125032501,YJD,YJD,YJD,YJD,YJD,False,/home/ubuntu/sunlong/gcms_consistency_old/new_prepared_data/tensors/20250331/YJD/0680_B09_0272_125032501.npz
B09_0273_125032504,/home/ubuntu/sunlong/gcms_consistency_old/dataset/20250331/0273#YJDACS125032504.D,0273#YJDACS125032504.D,9,20250331,273.0,YJD,红塔山（硬经典）,A,125032504,ACS125032504,YJD,YJD,YJD,YJD,YJD,False,/home/ubuntu/sunlong/gcms_consistency_old/new_prepared_data/tensors/20250331/YJD/0681_B09_0273_125032504.npz
B09_0274_125032508,/home/ubuntu/sunlong/gcms_consistency_old/dataset/20250331/0274#YJDACS125032508.D,0274#YJDACS125032508.D,9,20250331,274.0,YJD,红塔山（硬经典）,A,125032508,ACS125032508,YJD,YJD,YJD,YJD,YJD,False,/home/ubuntu/sunlong/gcms_consistency_old/new_prepared_data/tensors/20250331/YJD/0682_B09_0274_125032508.npz
B09_0275_125032511,/home/ubuntu/sunlong/gcms_consistency_old/dataset/20250331/0275#YJDACS125032511.D,0275#YJDACS125032511.D,9,20250331,275.0,YJD,红塔山（硬经典）,A,125032511,ACS125032511,YJD,YJD,YJD,YJD,YJD,False,/home/ubuntu/sunlong/gcms_consistency_old/new_prepared_data/tensors/20250331/YJD/0683_B09_0275_125032511.npz
B09_0276_425032601,/home/ubuntu/sunlong/gcms_consistency_old/dataset/20250331/0276#H88ACS425032601.D,0276#H88ACS425032601.D,9,20250331,276.0,H88,红河（88）,A,425032601,ACS425032601,H88,H88,H88,H88,H88,False,/home/ubuntu/sunlong/gcms_consistency_old/new_prepared_data/tensors/20250331/H88/0684_B09_0276_425032601.npz
B09_0277_125032607,/home/ubuntu/sunlong/gcms_consistency_old/dataset/20250331/0277#H88CCS125032607.D,0277#H88CCS125032607.D,9,20250331,277.0,H88,红河（88）,C,125032607,CCS125032607,H88,H88,H88,H88,H88,False,/home/ubuntu/sunlong/gcms_consistency_old/new_prepared_data/tensors/20250331/H88/0685_B09_0277_125032607.npz
B09_0278_125032610,/home/ubuntu/sunlong/gcms_consistency_old/dataset/20250331/0278#H88CCS125032610.D,0278#H88CCS125032610.D,9,20250331,278.0,H88,红河（88）,C,125032610,CCS125032610,H88,H88,H88,H88,H88,False,/home/ubuntu/sunlong/gcms_consistency_old/new_prepared_data/tensors/20250331/H88/0686_B09_0278_125032610.npz
B09_0279_125032603,/home/ubuntu/sunlong/gcms_consistency_old/dataset/20250331/0279#H99CCS125032603.D,0279#H99CCS125032603.D,9,20250331,279.0,H99,红河（99）,C,125032603,CCS125032603,H99,H99,H99,H99,H99,False,/home/ubuntu/sunlong/gcms_consistency_old/new_prepared_data/tensors/20250331/H99/0687_B09_0279_125032603.npz
B09_0280_125032606,/home/ubuntu/sunlong/gcms_consistency_old/dataset/20250331/0280#H99CCS125032606.D,0280#H99CCS125032606.D,9,20250331,280.0,H99,红河（99）,C,125032606,CCS125032606,H99,H99,H99,H99,H99,False,/home/ubuntu/sunlong/gcms_consistency_old/new_prepared_data/tensors/20250331/H99/0688_B09_0280_125032606.npz
B09_0281_125032604,/home/ubuntu/sunlong/gcms_consistency_old/dataset/20250331/0281#HRJACS125032604.D,0281#HRJACS125032604.D,9,20250331,281.0,HRJ,红河（软甲）,A,125032604,ACS125032604,HRJ,HRJ,HRJ,HRJ,HRJ,False,/home/ubuntu/sunlong/gcms_consistency_old/new_prepared_data/tensors/20250331/HRJ/0689_B09_0281_125032604.npz
B09_0282_125032609,/home/ubuntu/sunlong/gcms_consistency_old/dataset/20250331/0282#HRJACS125032609.D,0282#HRJACS125032609.D,9,20250331,282.0,HRJ,红河（软甲）,A,125032609,ACS125032609,HRJ,HRJ,HRJ,HRJ,HRJ,False,/home/ubuntu/sunlong/gcms_consistency_old/new_prepared_data/tensors/20250331/HRJ/0690_B09_0282_125032609.npz
B09_0283_125032605,/home/ubuntu/sunlong/gcms_consistency_old/dataset/20250331/0283#HRYBCS125032605.D,0283#HRYBCS125032605.D,9,20250331,283.0,HRY,云烟（软如意）,B,125032605,BCS125032605,HRY,HRY,HRY,HRY,HRY,False,/home/ubuntu/sunlong/gcms_consistency_old/new_prepared_data/tensors/20250331/HRY/0691_B09_0283_125032605.npz
B09_0284_125032608,/home/ubuntu/sunlong/gcms_consistency_old/dataset/20250331/0284#HRYBCS125032608.D,0284#HRYBCS125032608.D,9,20250331,284.0,HRY,云烟（软如意）,B,125032608,BCS125032608,HRY,HRY,HRY,HRY,HRY,False,/home/ubuntu/sunlong/gcms_consistency_old/new_prepared_data/tensors/20250331/HRY/0692_B09_0284_125032608.npz
B09_0285_125032601,/home/ubuntu/sunlong/gcms_consistency_old/dataset/20250331/0285#HYZBCS125032601.D,0285#HYZBCS125032601.D,9,20250331,285.0,HYZ,云烟（紫）,B,125032601,BCS125032601,HYZ,HYZ,HYZ,HYZ,HYZ,False,/home/ubuntu/sunlong/gcms_consistency_old/new_prepared_data/tensors/20250331/HYZ/0693_B09_0285_125032601.npz
B09_0286_125032602,/home/ubuntu/sunlong/gcms_consistency_old/dataset/20250331/0286#HYZBCS125032602.D,0286#HYZBCS125032602.D,9,20250331,286.0,HYZ,云烟（紫）,B,125032602,BCS125032602,HYZ,HYZ,HYZ,HYZ,HYZ,False,/home/ubuntu/sunlong/gcms_consistency_old/new_prepared_data/tensors/20250331/HYZ/0694_B09_0286_125032602.npz
B09_0000_BLANK,/home/ubuntu/sunlong/gcms_consistency_old/dataset/20250331/BLANK.D,BLANK.D,9,20250331,,BLANK,空白样,,,BLANK,BLANK,BLANK,BLANK,BLANK,BLANK,True,/home/ubuntu/sunlong/gcms_consistency_old/new_prepared_data/tensors/20250331/BLANK/0695_B09_0000_BLANK.npz
B10_0287_125040203,/home/ubuntu/sunlong/gcms_consistency_old/dataset/20250411/0287#H88BCS125040203.D,0287#H88BCS125040203.D,10,20250411,287.0,H88,红河（88）,B,125040203,BCS125040203,H88,H88,H88,H88,H88,False,/home/ubuntu/sunlong/gcms_consistency_old/new_prepared_data/tensors/20250411/H88/0696_B10_0287_125040203.npz
B10_0288_125040206,/home/ubuntu/sunlong/gcms_consistency_old/dataset/20250411/0288#H88BCS125040206.D,0288#H88BCS125040206.D,10,20250411,288.0,H88,红河（88）,B,125040206,BCS125040206,H88,H88,H88,H88,H88,False,/home/ubuntu/sunlong/gcms_consistency_old/new_prepared_data/tensors/20250411/H88/0697_B10_0288_125040206.npz
B10_0289_125040210,/home/ubuntu/sunlong/gcms_consistency_old/dataset/20250411/0289#H88BCS125040210.D,0289#H88BCS125040210.D,10,20250411,289.0,H88,红河（88）,B,125040210,BCS125040210,H88,H88,H88,H88,H88,False,/home/ubuntu/sunlong/gcms_consistency_old/new_prepared_data/tensors/20250411/H88/0698_B10_0289_125040210.npz
B10_0290_125040214,/home/ubuntu/sunlong/gcms_consistency_old/dataset/20250411/0290#H88BCS125040214.D,0290#H88BCS125040214.D,10,20250411,290.0,H88,红河（88）,B,125040214,BCS125040214,H88,H88,H88,H88,H88,False,/home/ubuntu/sunlong/gcms_consistency_old/new_prepared_data/tensors/20250411/H88/0699_B10_0290_125040214.npz
B10_0291_125040207,/home/ubuntu/sunlong/gcms_consistency_old/dataset/20250411/0291#H88CCS125040207.D,0291#H88CCS125040207.D,10,20250411,291.0,H88,红河（88）,C,125040207,CCS125040207,H88,H88,H88,H88,H88,False,/home/ubuntu/sunlong/gcms_consistency_old/new_prepared_data/tensors/20250411/H88/0700_B10_0291_125040207.npz
B10_0292_125040209,/home/ubuntu/sunlong/gcms_consistency_old/dataset/20250411/0292#H99CCS125040209.D,0292#H99CCS125040209.D,10,20250411,292.0,H99,红河（99）,C,125040209,CCS125040209,H99,H99,H99,H99,H99,False,/home/ubuntu/sunlong/gcms_consistency_old/new_prepared_data/tensors/20250411/H99/0701_B10_0292_125040209.npz
B10_0293_125040212,/home/ubuntu/sunlong/gcms_consistency_old/dataset/20250411/0293#H99CCS125040212.D,0293#H99CCS125040212.D,10,20250411,293.0,H99,红河（99）,C,125040212,CCS125040212,H99,H99,H99,H99,H99,False,/home/ubuntu/sunlong/gcms_consistency_old/new_prepared_data/tensors/20250411/H99/0702_B10_0293_125040212.npz
B10_0294_125040215,/home/ubuntu/sunlong/gcms_consistency_old/dataset/20250411/0294#H99CCS125040215.D,0294#H99CCS125040215.D,10,20250411,294.0,H99,红河（99）,C,125040215,CCS125040215,H99,H99,H99,H99,H99,False,/home/ubuntu/sunlong/gcms_consistency_old/new_prepared_data/tensors/20250411/H99/0703_B10_0294_125040215.npz
B10_0295_425040201,/home/ubuntu/sunlong/gcms_consistency_old/dataset/20250411/0295#HRJBCS425040201.D,0295#HRJBCS425040201.D,10,20250411,295.0,HRJ,红河（软甲）,B,425040201,BCS425040201,HRJ,HRJ,HRJ,HRJ,HRJ,False,/home/ubuntu/sunlong/gcms_consistency_old/new_prepared_data/tensors/20250411/HRJ/0704_B10_0295_425040201.npz
B10_0296_125040201,/home/ubuntu/sunlong/gcms_consistency_old/dataset/20250411/0296#YJDACS125040201.D,0296#YJDACS125040201.D,10,20250411,296.0,YJD,红塔山（硬经典）,A,125040201,ACS125040201,YJD,YJD,YJD,YJD,YJD,False,/home/ubuntu/sunlong/gcms_consistency_old/new_prepared_data/tensors/20250411/YJD/0705_B10_0296_125040201.npz
B10_0297_125040202,/home/ubuntu/sunlong/gcms_consistency_old/dataset/20250411/0297#YJDACS125040202.D,0297#YJDACS125040202.D,10,20250411,297.0,YJD,红塔山（硬经典）,A,125040202,ACS125040202,YJD,YJD,YJD,YJD,YJD,False,/home/ubuntu/sunlong/gcms_consistency_old/new_prepared_data/tensors/20250411/YJD/0706_B10_0297_125040202.npz
B10_0298_125040205,/home/ubuntu/sunlong/gcms_consistency_old/dataset/20250411/0298#YJDACS125040205.D,0298#YJDACS125040205.D,10,20250411,298.0,YJD,红塔山（硬经典）,A,125040205,ACS125040205,YJD,YJD,YJD,YJD,YJD,False,/home/ubuntu/sunlong/gcms_consistency_old/new_prepared_data/tensors/20250411/YJD/0707_B10_0298_125040205.npz
B10_0299_125040208,/home/ubuntu/sunlong/gcms_consistency_old/dataset/20250411/0299#YJDACS125040208.D,0299#YJDACS125040208.D,10,20250411,299.0,YJD,红塔山（硬经典）,A,125040208,ACS125040208,YJD,YJD,YJD,YJD,YJD,False,/home/ubuntu/sunlong/gcms_consistency_old/new_prepared_data/tensors/20250411/YJD/0708_B10_0299_125040208.npz
B10_0300_125040211,/home/ubuntu/sunlong/gcms_consistency_old/dataset/20250411/0300#YJDACS125040211.D,0300#YJDACS125040211.D,10,20250411,300.0,YJD,红塔山（硬经典）,A,125040211,ACS125040211,YJD,YJD,YJD,YJD,YJD,False,/home/ubuntu/sunlong/gcms_consistency_old/new_prepared_data/tensors/20250411/YJD/0709_B10_0300_125040211.npz
B10_0301_125040302,/home/ubuntu/sunlong/gcms_consistency_old/dataset/20250411/0301#H88BCS125040302.D,0301#H88BCS125040302.D,10,20250411,301.0,H88,红河（88）,B,125040302,BCS125040302,H88,H88,H88,H88,H88,False,/home/ubuntu/sunlong/gcms_consistency_old/new_prepared_data/tensors/20250411/H88/0710_B10_0301_125040302.npz
B10_0302_125040305,/home/ubuntu/sunlong/gcms_consistency_old/dataset/20250411/0302#H88BCS125040305.D,0302#H88BCS125040305.D,10,20250411,302.0,H88,红河（88）,B,125040305,BCS125040305,H88,H88,H88,H88,H88,False,/home/ubuntu/sunlong/gcms_consistency_old/new_prepared_data/tensors/20250411/H88/0711_B10_0302_125040305.npz
B10_0303_125040310,/home/ubuntu/sunlong/gcms_consistency_old/dataset/20250411/0303#H88BCS125040310.D,0303#H88BCS125040310.D,10,20250411,303.0,H88,红河（88）,B,125040310,BCS125040310,H88,H88,H88,H88,H88,False,/home/ubuntu/sunlong/gcms_consistency_old/new_prepared_data/tensors/20250411/H88/0712_B10_0303_125040310.npz
B10_0304_125040313,/home/ubuntu/sunlong/gcms_consistency_old/dataset/20250411/0304#H88BCS125040313.D,0304#H88BCS125040313.D,10,20250411,304.0,H88,红河（88）,B,125040313,BCS125040313,H88,H88,H88,H88,H88,False,/home/ubuntu/sunlong/gcms_consistency_old/new_prepared_data/tensors/20250411/H88/0713_B10_0304_125040313.npz
B10_0305_125040309,/home/ubuntu/sunlong/gcms_consistency_old/dataset/20250411/0305#H88CCS125040309.D,0305#H88CCS125040309.D,10,20250411,305.0,H88,红河（88）,C,125040309,CCS125040309,H88,H88,H88,H88,H88,False,/home/ubuntu/sunlong/gcms_consistency_old/new_prepared_data/tensors/20250411/H88/0714_B10_0305_125040309.npz
B10_0306_125040306,/home/ubuntu/sunlong/gcms_consistency_old/dataset/20250411/0306#H99CCS125040306.D,0306#H99CCS125040306.D,10,20250411,306.0,H99,红河（99）,C,125040306,CCS125040306,H99,H99,H99,H99,H99,False,/home/ubuntu/sunlong/gcms_consistency_old/new_prepared_data/tensors/20250411/H99/0715_B10_0306_125040306.npz
B10_0307_125040312,/home/ubuntu/sunlong/gcms_consistency_old/dataset/20250411/0307#H99CCS125040312.D,0307#H99CCS125040312.D,10,20250411,307.0,H99,红河（99）,C,125040312,CCS125040312,H99,H99,H99,H99,H99,False,/home/ubuntu/sunlong/gcms_consistency_old/new_prepared_data/tensors/20250411/H99/0716_B10_0307_125040312.npz
B10_0308_125040303,/home/ubuntu/sunlong/gcms_consistency_old/dataset/20250411/0308#H99CCS125040303.D,0308#H99CCS125040303.D,10,20250411,308.0,H99,红河（99）,C,125040303,CCS125040303,H99,H99,H99,H99,H99,False,/home/ubuntu/sunlong/gcms_consistency_old/new_prepared_data/tensors/20250411/H99/0717_B10_0308_125040303.npz
B10_0309_425040301,/home/ubuntu/sunlong/gcms_consistency_old/dataset/20250411/0309#H99CCS425040301.D,0309#H99CCS425040301.D,10,20250411,309.0,H99,红河（99）,C,425040301,CCS425040301,H99,H99,H99,H99,H99,False,/home/ubuntu/sunlong/gcms_consistency_old/new_prepared_data/tensors/20250411/H99/0718_B10_0309_425040301.npz
B10_0310_425040302,/home/ubuntu/sunlong/gcms_consistency_old/dataset/20250411/0310#HRYBCS425040302.D,0310#HRYBCS425040302.D,10,20250411,310.0,HRY,云烟（软如意）,B,425040302,BCS425040302,HRY,HRY,HRY,HRY,HRY,False,/home/ubuntu/sunlong/gcms_consistency_old/new_prepared_data/tensors/20250411/HRY/0719_B10_0310_425040302.npz
B10_0311_125040301,/home/ubuntu/sunlong/gcms_consistency_old/dataset/20250411/0311#YJDACS125040301.D,0311#YJDACS125040301.D,10,20250411,311.0,YJD,红塔山（硬经典）,A,125040301,ACS125040301,YJD,YJD,YJD,YJD,YJD,False,/home/ubuntu/sunlong/gcms_consistency_old/new_prepared_data/tensors/20250411/YJD/0720_B10_0311_125040301.npz
B10_0312_125040304,/home/ubuntu/sunlong/gcms_consistency_old/dataset/20250411/0312#YJDACS125040304.D,0312#YJDACS125040304.D,10,20250411,312.0,YJD,红塔山（硬经典）,A,125040304,ACS125040304,YJD,YJD,YJD,YJD,YJD,False,/home/ubuntu/sunlong/gcms_consistency_old/new_prepared_data/tensors/20250411/YJD/0721_B10_0312_125040304.npz
B10_0313_125040307,/home/ubuntu/sunlong/gcms_consistency_old/dataset/20250411/0313#YJDACS125040307.D,0313#YJDACS125040307.D,10,20250411,313.0,YJD,红塔山（硬经典）,A,125040307,ACS125040307,YJD,YJD,YJD,YJD,YJD,False,/home/ubuntu/sunlong/gcms_consistency_old/new_prepared_data/tensors/20250411/YJD/0722_B10_0313_125040307.npz
B10_0314_125040308,/home/ubuntu/sunlong/gcms_consistency_old/dataset/20250411/0314#YJDACS125040308.D,0314#YJDACS125040308.D,10,20250411,314.0,YJD,红塔山（硬经典）,A,125040308,ACS125040308,YJD,YJD,YJD,YJD,YJD,False,/home/ubuntu/sunlong/gcms_consistency_old/new_prepared_data/tensors/20250411/YJD/0723_B10_0314_125040308.npz
B10_0315_125040311,/home/ubuntu/sunlong/gcms_consistency_old/dataset/20250411/0315#YJDACS125040311.D,0315#YJDACS125040311.D,10,20250411,315.0,YJD,红塔山（硬经典）,A,125040311,ACS125040311,YJD,YJD,YJD,YJD,YJD,False,/home/ubuntu/sunlong/gcms_consistency_old/new_prepared_data/tensors/20250411/YJD/0724_B10_0315_125040311.npz
B10_0316_125040314,/home/ubuntu/sunlong/gcms_consistency_old/dataset/20250411/0316#YJDACS125040314.D,0316#YJDACS125040314.D,10,20250411,316.0,YJD,红塔山（硬经典）,A,125040314,ACS125040314,YJD,YJD,YJD,YJD,YJD,False,/home/ubuntu/sunlong/gcms_consistency_old/new_prepared_data/tensors/20250411/YJD/0725_B10_0316_125040314.npz
B10_0317_125040315,/home/ubuntu/sunlong/gcms_consistency_old/dataset/20250411/0317#YJDACS125040315.D,0317#YJDACS125040315.D,10,20250411,317.0,YJD,红塔山（硬经典）,A,125040315,ACS125040315,YJD,YJD,YJD,YJD,YJD,False,/home/ubuntu/sunlong/gcms_consistency_old/new_prepared_data/tensors/20250411/YJD/0726_B10_0317_125040315.npz
B10_0318_125040701,/home/ubuntu/sunlong/gcms_consistency_old/dataset/20250411/0318#H88BCS125040701.D,0318#H88BCS125040701.D,10,20250411,318.0,H88,红河（88）,B,125040701,BCS125040701,H88,H88,H88,H88,H88,False,/home/ubuntu/sunlong/gcms_consistency_old/new_prepared_data/tensors/20250411/H88/0727_B10_0318_125040701.npz
B10_0319_125040703,/home/ubuntu/sunlong/gcms_consistency_old/dataset/20250411/0319#H88BCS125040703.D,0319#H88BCS125040703.D,10,20250411,319.0,H88,红河（88）,B,125040703,BCS125040703,H88,H88,H88,H88,H88,False,/home/ubuntu/sunlong/gcms_consistency_old/new_prepared_data/tensors/20250411/H88/0728_B10_0319_125040703.npz
B10_0320_125040702,/home/ubuntu/sunlong/gcms_consistency_old/dataset/20250411/0320#H99CCS125040702.D,0320#H99CCS125040702.D,10,20250411,320.0,H99,红河（99）,C,125040702,CCS125040702,H99,H99,H99,H99,H99,False,/home/ubuntu/sunlong/gcms_consistency_old/new_prepared_data/tensors/20250411/H99/0729_B10_0320_125040702.npz
B10_0321_125040704,/home/ubuntu/sunlong/gcms_consistency_old/dataset/20250411/0321#H99CCS125040704.D,0321#H99CCS125040704.D,10,20250411,321.0,H99,红河（99）,C,125040704,CCS125040704,H99,H99,H99,H99,H99,False,/home/ubuntu/sunlong/gcms_consistency_old/new_prepared_data/tensors/20250411/H99/0730_B10_0321_125040704.npz
B10_0322_125040807,/home/ubuntu/sunlong/gcms_consistency_old/dataset/20250411/0322#H88BCS125040807.D,0322#H88BCS125040807.D,10,20250411,322.0,H88,红河（88）,B,125040807,BCS125040807,H88,H88,H88,H88,H88,False,/home/ubuntu/sunlong/gcms_consistency_old/new_prepared_data/tensors/20250411/H88/0731_B10_0322_125040807.npz
B10_0323_125040810,/home/ubuntu/sunlong/gcms_consistency_old/dataset/20250411/0323#H88BCS125040810.D,0323#H88BCS125040810.D,10,20250411,323.0,H88,红河（88）,B,125040810,BCS125040810,H88,H88,H88,H88,H88,False,/home/ubuntu/sunlong/gcms_consistency_old/new_prepared_data/tensors/20250411/H88/0732_B10_0323_125040810.npz
B10_0324_125040806,/home/ubuntu/sunlong/gcms_consistency_old/dataset/20250411/0324#H88CCS125040806.D,0324#H88CCS125040806.D,10,20250411,324.0,H88,红河（88）,C,125040806,CCS125040806,H88,H88,H88,H88,H88,False,/home/ubuntu/sunlong/gcms_consistency_old/new_prepared_data/tensors/20250411/H88/0733_B10_0324_125040806.npz
B10_0325_125040809,/home/ubuntu/sunlong/gcms_consistency_old/dataset/20250411/0325#H88CCS125040809.D,0325#H88CCS125040809.D,10,20250411,325.0,H88,红河（88）,C,125040809,CCS125040809,H88,H88,H88,H88,H88,False,/home/ubuntu/sunlong/gcms_consistency_old/new_prepared_data/tensors/20250411/H88/0734_B10_0325_125040809.npz
B10_0326_125040803,/home/ubuntu/sunlong/gcms_consistency_old/dataset/20250411/0326#H99CCS125040803.D,0326#H99CCS125040803.D,10,20250411,326.0,H99,红河（99）,C,125040803,CCS125040803,H99,H99,H99,H99,H99,False,/home/ubuntu/sunlong/gcms_consistency_old/new_prepared_data/tensors/20250411/H99/0735_B10_0326_125040803.npz
B10_0327_125040811,/home/ubuntu/sunlong/gcms_consistency_old/dataset/20250411/0327#H99CCS125040811.D,0327#H99CCS125040811.D,10,20250411,327.0,H99,红河（99）,C,125040811,CCS125040811,H99,H99,H99,H99,H99,False,/home/ubuntu/sunlong/gcms_consistency_old/new_prepared_data/tensors/20250411/H99/0736_B10_0327_125040811.npz
B10_0328_125040804,/home/ubuntu/sunlong/gcms_consistency_old/dataset/20250411/0328#HRYBCS125040804.D,0328#HRYBCS125040804.D,10,20250411,328.0,HRY,云烟（软如意）,B,125040804,BCS125040804,HRY,HRY,HRY,HRY,HRY,False,/home/ubuntu/sunlong/gcms_consistency_old/new_prepared_data/tensors/20250411/HRY/0737_B10_0328_125040804.npz
B10_0329_425040801,/home/ubuntu/sunlong/gcms_consistency_old/dataset/20250411/0329#HYZBCS425040801.D,0329#HYZBCS425040801.D,10,20250411,329.0,HYZ,云烟（紫）,B,425040801,BCS425040801,HYZ,HYZ,HYZ,HYZ,HYZ,False,/home/ubuntu/sunlong/gcms_consistency_old/new_prepared_data/tensors/20250411/HYZ/0738_B10_0329_425040801.npz
B10_0330_425040802,/home/ubuntu/sunlong/gcms_consistency_old/dataset/20250411/0330#HYZBCS425040802.D,0330#HYZBCS425040802.D,10,20250411,330.0,HYZ,云烟（紫）,B,425040802,BCS425040802,HYZ,HYZ,HYZ,HYZ,HYZ,False,/home/ubuntu/sunlong/gcms_consistency_old/new_prepared_data/tensors/20250411/HYZ/0739_B10_0330_425040802.npz
B10_0331_125040801,/home/ubuntu/sunlong/gcms_consistency_old/dataset/20250411/0331#YJDACS125040801.D,0331#YJDACS125040801.D,10,20250411,331.0,YJD,红塔山（硬经典）,A,125040801,ACS125040801,YJD,YJD,YJD,YJD,YJD,False,/home/ubuntu/sunlong/gcms_consistency_old/new_prepared_data/tensors/20250411/YJD/0740_B10_0331_125040801.npz
B10_0332_125040802,/home/ubuntu/sunlong/gcms_consistency_old/dataset/20250411/0332#YJDACS125040802.D,0332#YJDACS125040802.D,10,20250411,332.0,YJD,红塔山（硬经典）,A,125040802,ACS125040802,YJD,YJD,YJD,YJD,YJD,False,/home/ubuntu/sunlong/gcms_consistency_old/new_prepared_data/tensors/20250411/YJD/0741_B10_0332_125040802.npz
B10_0333_125040805,/home/ubuntu/sunlong/gcms_consistency_old/dataset/20250411/0333#YJDACS125040805.D,0333#YJDACS125040805.D,10,20250411,333.0,YJD,红塔山（硬经典）,A,125040805,ACS125040805,YJD,YJD,YJD,YJD,YJD,False,/home/ubuntu/sunlong/gcms_consistency_old/new_prepared_data/tensors/20250411/YJD/0742_B10_0333_125040805.npz
B10_0334_125040808,/home/ubuntu/sunlong/gcms_consistency_old/dataset/20250411/0334#YJDACS125040808.D,0334#YJDACS125040808.D,10,20250411,334.0,YJD,红塔山（硬经典）,A,125040808,ACS125040808,YJD,YJD,YJD,YJD,YJD,False,/home/ubuntu/sunlong/gcms_consistency_old/new_prepared_data/tensors/20250411/YJD/0743_B10_0334_125040808.npz
B10_0335_125040901,/home/ubuntu/sunlong/gcms_consistency_old/dataset/20250411/0335#H88BCS125040901.D,0335#H88BCS125040901.D,10,20250411,335.0,H88,红河（88）,B,125040901,BCS125040901,H88,H88,H88,H88,H88,False,/home/ubuntu/sunlong/gcms_consistency_old/new_prepared_data/tensors/20250411/H88/0744_B10_0335_125040901.npz
B10_0336_125040912,/home/ubuntu/sunlong/gcms_consistency_old/dataset/20250411/0336#H88BCS125040912.D,0336#H88BCS125040912.D,10,20250411,336.0,H88,红河（88）,B,125040912,BCS125040912,H88,H88,H88,H88,H88,False,/home/ubuntu/sunlong/gcms_consistency_old/new_prepared_data/tensors/20250411/H88/0745_B10_0336_125040912.npz
B10_0337_125040905,/home/ubuntu/sunlong/gcms_consistency_old/dataset/20250411/0337#H88CCS125040905.D,0337#H88CCS125040905.D,10,20250411,337.0,H88,红河（88）,C,125040905,CCS125040905,H88,H88,H88,H88,H88,False,/home/ubuntu/sunlong/gcms_consistency_old/new_prepared_data/tensors/20250411/H88/0746_B10_0337_125040905.npz
B10_0338_425040902,/home/ubuntu/sunlong/gcms_consistency_old/dataset/20250411/0338#H88CCS425040902.D,0338#H88CCS425040902.D,10,20250411,338.0,H88,红河（88）,C,425040902,CCS425040902,H88,H88,H88,H88,H88,False,/home/ubuntu/sunlong/gcms_consistency_old/new_prepared_data/tensors/20250411/H88/0747_B10_0338_425040902.npz
B10_0339_425040903,/home/ubuntu/sunlong/gcms_consistency_old/dataset/20250411/0339#H88CCS425040903.D,0339#H88CCS425040903.D,10,20250411,339.0,H88,红河（88）,C,425040903,CCS425040903,H88,H88,H88,H88,H88,False,/home/ubuntu/sunlong/gcms_consistency_old/new_prepared_data/tensors/20250411/H88/0748_B10_0339_425040903.npz
B10_0340_125040909,/home/ubuntu/sunlong/gcms_consistency_old/dataset/20250411/0340#H99CCS125040909.D,0340#H99CCS125040909.D,10,20250411,340.0,H99,红河（99）,C,125040909,CCS125040909,H99,H99,H99,H99,H99,False,/home/ubuntu/sunlong/gcms_consistency_old/new_prepared_data/tensors/20250411/H99/0749_B10_0340_125040909.npz
B10_0341_125040911,/home/ubuntu/sunlong/gcms_consistency_old/dataset/20250411/0341#H99CCS125040911.D,0341#H99CCS125040911.D,10,20250411,341.0,H99,红河（99）,C,125040911,CCS125040911,H99,H99,H99,H99,H99,False,/home/ubuntu/sunlong/gcms_consistency_old/new_prepared_data/tensors/20250411/H99/0750_B10_0341_125040911.npz
B10_0342_125040910,/home/ubuntu/sunlong/gcms_consistency_old/dataset/20250411/0342#HRJBCS125040910.D,0342#HRJBCS125040910.D,10,20250411,342.0,HRJ,红河（软甲）,B,125040910,BCS125040910,HRJ,HRJ,HRJ,HRJ,HRJ,False,/home/ubuntu/sunlong/gcms_consistency_old/new_prepared_data/tensors/20250411/HRJ/0751_B10_0342_125040910.npz
B10_0343_425040901,/home/ubuntu/sunlong/gcms_consistency_old/dataset/20250411/0343#HRYBCS425040901.D,0343#HRYBCS425040901.D,10,20250411,343.0,HRY,云烟（软如意）,B,425040901,BCS425040901,HRY,HRY,HRY,HRY,HRY,False,/home/ubuntu/sunlong/gcms_consistency_old/new_prepared_data/tensors/20250411/HRY/0752_B10_0343_425040901.npz
B10_0344_125040903,/home/ubuntu/sunlong/gcms_consistency_old/dataset/20250411/0344#HYZBCS125040903.D,0344#HYZBCS125040903.D,10,20250411,344.0,HYZ,云烟（紫）,B,125040903,BCS125040903,HYZ,HYZ,HYZ,HYZ,HYZ,False,/home/ubuntu/sunlong/gcms_consistency_old/new_prepared_data/tensors/20250411/HYZ/0753_B10_0344_125040903.npz
B10_0345_125040906,/home/ubuntu/sunlong/gcms_consistency_old/dataset/20250411/0345#HYZBCS125040906.D,0345#HYZBCS125040906.D,10,20250411,345.0,HYZ,云烟（紫）,B,125040906,BCS125040906,HYZ,HYZ,HYZ,HYZ,HYZ,False,/home/ubuntu/sunlong/gcms_consistency_old/new_prepared_data/tensors/20250411/HYZ/0754_B10_0345_125040906.npz
B10_0346_125040902,/home/ubuntu/sunlong/gcms_consistency_old/dataset/20250411/0346#YJDACS125040902.D,0346#YJDACS125040902.D,10,20250411,346.0,YJD,红塔山（硬经典）,A,125040902,ACS125040902,YJD,YJD,YJD,YJD,YJD,False,/home/ubuntu/sunlong/gcms_consistency_old/new_prepared_data/tensors/20250411/YJD/0755_B10_0346_125040902.npz
B10_0347_125040904,/home/ubuntu/sunlong/gcms_consistency_old/dataset/20250411/0347#YJDACS125040904.D,0347#YJDACS125040904.D,10,20250411,347.0,YJD,红塔山（硬经典）,A,125040904,ACS125040904,YJD,YJD,YJD,YJD,YJD,False,/home/ubuntu/sunlong/gcms_consistency_old/new_prepared_data/tensors/20250411/YJD/0756_B10_0347_125040904.npz
B10_0348_125040907,/home/ubuntu/sunlong/gcms_consistency_old/dataset/20250411/0348#YJDACS125040907.D,0348#YJDACS125040907.D,10,20250411,348.0,YJD,红塔山（硬经典）,A,125040907,ACS125040907,YJD,YJD,YJD,YJD,YJD,False,/home/ubuntu/sunlong/gcms_consistency_old/new_prepared_data/tensors/20250411/YJD/0757_B10_0348_125040907.npz
B10_0349_125040908,/home/ubuntu/sunlong/gcms_consistency_old/dataset/20250411/0349#YJDACS125040908.D,0349#YJDACS125040908.D,10,20250411,349.0,YJD,红塔山（硬经典）,A,125040908,ACS125040908,YJD,YJD,YJD,YJD,YJD,False,/home/ubuntu/sunlong/gcms_consistency_old/new_prepared_data/tensors/20250411/YJD/0758_B10_0349_125040908.npz
B10_0350_125041002,/home/ubuntu/sunlong/gcms_consistency_old/dataset/20250411/0350#H88BCS125041002.D,0350#H88BCS125041002.D,10,20250411,350.0,H88,红河（88）,B,125041002,BCS125041002,H88,H88,H88,H88,H88,False,/home/ubuntu/sunlong/gcms_consistency_old/new_prepared_data/tensors/20250411/H88/0759_B10_0350_125041002.npz
B10_0351_125041004,/home/ubuntu/sunlong/gcms_consistency_old/dataset/20250411/0351#H88BCS125041004.D,0351#H88BCS125041004.D,10,20250411,351.0,H88,红河（88）,B,125041004,BCS125041004,H88,H88,H88,H88,H88,False,/home/ubuntu/sunlong/gcms_consistency_old/new_prepared_data/tensors/20250411/H88/0760_B10_0351_125041004.npz
B10_0352_125041010,/home/ubuntu/sunlong/gcms_consistency_old/dataset/20250411/0352#H88CCS125041010.D,0352#H88CCS125041010.D,10,20250411,352.0,H88,红河（88）,C,125041010,CCS125041010,H88,H88,H88,H88,H88,False,/home/ubuntu/sunlong/gcms_consistency_old/new_prepared_data/tensors/20250411/H88/0761_B10_0352_125041010.npz
B10_0353_125041013,/home/ubuntu/sunlong/gcms_consistency_old/dataset/20250411/0353#H88CCS125041013.D,0353#H88CCS125041013.D,10,20250411,353.0,H88,红河（88）,C,125041013,CCS125041013,H88,H88,H88,H88,H88,False,/home/ubuntu/sunlong/gcms_consistency_old/new_prepared_data/tensors/20250411/H88/0762_B10_0353_125041013.npz
B10_0354_125041015,/home/ubuntu/sunlong/gcms_consistency_old/dataset/20250411/0354#H88CCS125041015.D,0354#H88CCS125041015.D,10,20250411,354.0,H88,红河（88）,C,125041015,CCS125041015,H88,H88,H88,H88,H88,False,/home/ubuntu/sunlong/gcms_consistency_old/new_prepared_data/tensors/20250411/H88/0763_B10_0354_125041015.npz
B10_0355_125041005,/home/ubuntu/sunlong/gcms_consistency_old/dataset/20250411/0355#H99CCS125041005.D,0355#H99CCS125041005.D,10,20250411,355.0,H99,红河（99）,C,125041005,CCS125041005,H99,H99,H99,H99,H99,False,/home/ubuntu/sunlong/gcms_consistency_old/new_prepared_data/tensors/20250411/H99/0764_B10_0355_125041005.npz
B10_0356_125041007,/home/ubuntu/sunlong/gcms_consistency_old/dataset/20250411/0356#H99CCS125041007.D,0356#H99CCS125041007.D,10,20250411,356.0,H99,红河（99）,C,125041007,CCS125041007,H99,H99,H99,H99,H99,False,/home/ubuntu/sunlong/gcms_consistency_old/new_prepared_data/tensors/20250411/H99/0765_B10_0356_125041007.npz
B10_0357_125041008,/home/ubuntu/sunlong/gcms_consistency_old/dataset/20250411/0357#HRJBCS125041008.D,0357#HRJBCS125041008.D,10,20250411,357.0,HRJ,红河（软甲）,B,125041008,BCS125041008,HRJ,HRJ,HRJ,HRJ,HRJ,False,/home/ubuntu/sunlong/gcms_consistency_old/new_prepared_data/tensors/20250411/HRJ/0766_B10_0357_125041008.npz
B10_0358_125041011,/home/ubuntu/sunlong/gcms_consistency_old/dataset/20250411/0358#HRJBCS125041011.D,0358#HRJBCS125041011.D,10,20250411,358.0,HRJ,红河（软甲）,B,125041011,BCS125041011,HRJ,HRJ,HRJ,HRJ,HRJ,False,/home/ubuntu/sunlong/gcms_consistency_old/new_prepared_data/tensors/20250411/HRJ/0767_B10_0358_125041011.npz
B10_0359_125041012,/home/ubuntu/sunlong/gcms_consistency_old/dataset/20250411/0359#HYZBCS125041012.D,0359#HYZBCS125041012.D,10,20250411,359.0,HYZ,云烟（紫）,B,125041012,BCS125041012,HYZ,HYZ,HYZ,HYZ,HYZ,False,/home/ubuntu/sunlong/gcms_consistency_old/new_prepared_data/tensors/20250411/HYZ/0768_B10_0359_125041012.npz
B10_0360_125041014,/home/ubuntu/sunlong/gcms_consistency_old/dataset/20250411/0360#HYZBCS125041014.D,0360#HYZBCS125041014.D,10,20250411,360.0,HYZ,云烟（紫）,B,125041014,BCS125041014,HYZ,HYZ,HYZ,HYZ,HYZ,False,/home/ubuntu/sunlong/gcms_consistency_old/new_prepared_data/tensors/20250411/HYZ/0769_B10_0360_125041014.npz
B10_0361_125041001,/home/ubuntu/sunlong/gcms_consistency_old/dataset/20250411/0361#YJDACS125041001.D,0361#YJDACS125041001.D,10,20250411,361.0,YJD,红塔山（硬经典）,A,125041001,ACS125041001,YJD,YJD,YJD,YJD,YJD,False,/home/ubuntu/sunlong/gcms_consistency_old/new_prepared_data/tensors/20250411/YJD/0770_B10_0361_125041001.npz
B10_0362_125041003,/home/ubuntu/sunlong/gcms_consistency_old/dataset/20250411/0362#YJDACS125041003.D,0362#YJDACS125041003.D,10,20250411,362.0,YJD,红塔山（硬经典）,A,125041003,ACS125041003,YJD,YJD,YJD,YJD,YJD,False,/home/ubuntu/sunlong/gcms_consistency_old/new_prepared_data/tensors/20250411/YJD/0771_B10_0362_125041003.npz
B10_0363_125041006,/home/ubuntu/sunlong/gcms_consistency_old/dataset/20250411/0363#YJDACS125041006.D,0363#YJDACS125041006.D,10,20250411,363.0,YJD,红塔山（硬经典）,A,125041006,ACS125041006,YJD,YJD,YJD,YJD,YJD,False,/home/ubuntu/sunlong/gcms_consistency_old/new_prepared_data/tensors/20250411/YJD/0772_B10_0363_125041006.npz
B10_0364_125041009,/home/ubuntu/sunlong/gcms_consistency_old/dataset/20250411/0364#YJDACS125041009.D,0364#YJDACS125041009.D,10,20250411,364.0,YJD,红塔山（硬经典）,A,125041009,ACS125041009,YJD,YJD,YJD,YJD,YJD,False,/home/ubuntu/sunlong/gcms_consistency_old/new_prepared_data/tensors/20250411/YJD/0773_B10_0364_125041009.npz
B10_0000_BLANK,/home/ubuntu/sunlong/gcms_consistency_old/dataset/20250411/BLANK.D,BLANK.D,10,20250411,,BLANK,空白样,,,BLANK,BLANK,BLANK,BLANK,BLANK,BLANK,True,/home/ubuntu/sunlong/gcms_consistency_old/new_prepared_data/tensors/20250411/BLANK/0774_B10_0000_BLANK.npz
B11_0365_1032502,/home/ubuntu/sunlong/gcms_consistency_old/dataset/20250417/0365#HYZBCS1032502(4月3日大生产烟支）.D,0365#HYZBCS1032502(4月3日大生产烟支）.D,11,20250417,365.0,HYZ,云烟（紫）,B,1032502,BCS1032502(4月3日大生产烟支）,HYZ,HYZ,HYZ,HYZ,HYZ,False,/home/ubuntu/sunlong/gcms_consistency_old/new_prepared_data/tensors/20250417/HYZ/0775_B11_0365_1032502.npz
B11_0366_1032502,/home/ubuntu/sunlong/gcms_consistency_old/dataset/20250417/0366#HYZBCS1032502(4月3日大生产烟支）.D,0366#HYZBCS1032502(4月3日大生产烟支）.D,11,20250417,366.0,HYZ,云烟（紫）,B,1032502,BCS1032502(4月3日大生产烟支）,HYZ,HYZ,HYZ,HYZ,HYZ,False,/home/ubuntu/sunlong/gcms_consistency_old/new_prepared_data/tensors/20250417/HYZ/0776_B11_0366_1032502.npz
B11_0367_1032502,/home/ubuntu/sunlong/gcms_consistency_old/dataset/20250417/0367#HYZBCS1032502(4月3日大生产烟支）.D,0367#HYZBCS1032502(4月3日大生产烟支）.D,11,20250417,367.0,HYZ,云烟（紫）,B,1032502,BCS1032502(4月3日大生产烟支）,HYZ,HYZ,HYZ,HYZ,HYZ,False,/home/ubuntu/sunlong/gcms_consistency_old/new_prepared_data/tensors/20250417/HYZ/0777_B11_0367_1032502.npz
B11_0368_1032502,/home/ubuntu/sunlong/gcms_consistency_old/dataset/20250417/0368#HYZBCS1032502(4月3日大生产烟支）.D,0368#HYZBCS1032502(4月3日大生产烟支）.D,11,20250417,368.0,HYZ,云烟（紫）,B,1032502,BCS1032502(4月3日大生产烟支）,HYZ,HYZ,HYZ,HYZ,HYZ,False,/home/ubuntu/sunlong/gcms_consistency_old/new_prepared_data/tensors/20250417/HYZ/0778_B11_0368_1032502.npz
B11_0369_425040802,/home/ubuntu/sunlong/gcms_consistency_old/dataset/20250417/0369#HYZBCS425040802(4月9日试验烟支）.D,0369#HYZBCS425040802(4月9日试验烟支）.D,11,20250417,369.0,HYZ,云烟（紫）,B,425040802,BCS425040802(4月9日试验烟支）,HYZ,HYZ,HYZ,HYZ,HYZ,False,/home/ubuntu/sunlong/gcms_consistency_old/new_prepared_data/tensors/20250417/HYZ/0779_B11_0369_425040802.npz
B11_0370_425040802,/home/ubuntu/sunlong/gcms_consistency_old/dataset/20250417/0370#HYZBCS425040802(4月9日试验烟支）.D,0370#HYZBCS425040802(4月9日试验烟支）.D,11,20250417,370.0,HYZ,云烟（紫）,B,425040802,BCS425040802(4月9日试验烟支）,HYZ,HYZ,HYZ,HYZ,HYZ,False,/home/ubuntu/sunlong/gcms_consistency_old/new_prepared_data/tensors/20250417/HYZ/0780_B11_0370_425040802.npz
B11_0371_425040802,/home/ubuntu/sunlong/gcms_consistency_old/dataset/20250417/0371#HYZBCS425040802(4月9日试验烟支）.D,0371#HYZBCS425040802(4月9日试验烟支）.D,11,20250417,371.0,HYZ,云烟（紫）,B,425040802,BCS425040802(4月9日试验烟支）,HYZ,HYZ,HYZ,HYZ,HYZ,False,/home/ubuntu/sunlong/gcms_consistency_old/new_prepared_data/tensors/20250417/HYZ/0781_B11_0371_425040802.npz
B11_0372_425040802,/home/ubuntu/sunlong/gcms_consistency_old/dataset/20250417/0372#HYZBCS425040802(4月9日试验烟支）.D,0372#HYZBCS425040802(4月9日试验烟支）.D,11,20250417,372.0,HYZ,云烟（紫）,B,425040802,BCS425040802(4月9日试验烟支）,HYZ,HYZ,HYZ,HYZ,HYZ,False,/home/ubuntu/sunlong/gcms_consistency_old/new_prepared_data/tensors/20250417/HYZ/0782_B11_0372_425040802.npz
B11_0373_0373#WYZXCS24111101(乌兰参照样烟支）,/home/ubuntu/sunlong/gcms_consistency_old/dataset/20250417/0373#WYZXCS24111101(乌兰参照样烟支）.D,0373#WYZXCS24111101(乌兰参照样烟支）.D,11,20250417,373.0,WYZX,乌兰参照样,,,0373#WYZXCS24111101(乌兰参照样烟支）,WYZX,WYZX,WYZX,WYZX,WYZX,True,/home/ubuntu/sunlong/gcms_consistency_old/new_prepared_data/tensors/20250417/WYZX/0783_B11_0373_0373_WYZXCS24111101.npz
B11_0374_0374#WYZXCS24111101(乌兰参照样烟支）,/home/ubuntu/sunlong/gcms_consistency_old/dataset/20250417/0374#WYZXCS24111101(乌兰参照样烟支）.D,0374#WYZXCS24111101(乌兰参照样烟支）.D,11,20250417,374.0,WYZX,乌兰参照样,,,0374#WYZXCS24111101(乌兰参照样烟支）,WYZX,WYZX,WYZX,WYZX,WYZX,True,/home/ubuntu/sunlong/gcms_consistency_old/new_prepared_data/tensors/20250417/WYZX/0784_B11_0374_0374_WYZXCS24111101.npz
B11_0375_0375#WYZXCS24111101(乌兰参照样烟支）,/home/ubuntu/sunlong/gcms_consistency_old/dataset/20250417/0375#WYZXCS24111101(乌兰参照样烟支）.D,0375#WYZXCS24111101(乌兰参照样烟支）.D,11,20250417,375.0,WYZX,乌兰参照样,,,0375#WYZXCS24111101(乌兰参照样烟支）,WYZX,WYZX,WYZX,WYZX,WYZX,True,/home/ubuntu/sunlong/gcms_consistency_old/new_prepared_data/tensors/20250417/WYZX/0785_B11_0375_0375_WYZXCS24111101.npz
B11_0376_125041102,/home/ubuntu/sunlong/gcms_consistency_old/dataset/20250417/0376#H88BCS125041102.D,0376#H88BCS125041102.D,11,20250417,376.0,H88,红河（88）,B,125041102,BCS125041102,H88,H88,H88,H88,H88,False,/home/ubuntu/sunlong/gcms_consistency_old/new_prepared_data/tensors/20250417/H88/0786_B11_0376_125041102.npz
B11_0377_125041105,/home/ubuntu/sunlong/gcms_consistency_old/dataset/20250417/0377#H88BCS125041105.D,0377#H88BCS125041105.D,11,20250417,377.0,H88,红河（88）,B,125041105,BCS125041105,H88,H88,H88,H88,H88,False,/home/ubuntu/sunlong/gcms_consistency_old/new_prepared_data/tensors/20250417/H88/0787_B11_0377_125041105.npz
B11_0378_125041109,/home/ubuntu/sunlong/gcms_consistency_old/dataset/20250417/0378#H88CCS125041109.D,0378#H88CCS125041109.D,11,20250417,378.0,H88,红河（88）,C,125041109,CCS125041109,H88,H88,H88,H88,H88,False,/home/ubuntu/sunlong/gcms_consistency_old/new_prepared_data/tensors/20250417/H88/0788_B11_0378_125041109.npz
B11_0379_125041112,/home/ubuntu/sunlong/gcms_consistency_old/dataset/20250417/0379#H88CCS125041112.D,0379#H88CCS125041112.D,11,20250417,379.0,H88,红河（88）,C,125041112,CCS125041112,H88,H88,H88,H88,H88,False,/home/ubuntu/sunlong/gcms_consistency_old/new_prepared_data/tensors/20250417/H88/0789_B11_0379_125041112.npz
B11_0380_125041115,/home/ubuntu/sunlong/gcms_consistency_old/dataset/20250417/0380#H88CCS125041115.D,0380#H88CCS125041115.D,11,20250417,380.0,H88,红河（88）,C,125041115,CCS125041115,H88,H88,H88,H88,H88,False,/home/ubuntu/sunlong/gcms_consistency_old/new_prepared_data/tensors/20250417/H88/0790_B11_0380_125041115.npz
B11_0381_125041103,/home/ubuntu/sunlong/gcms_consistency_old/dataset/20250417/0381#H99CCS125041103.D,0381#H99CCS125041103.D,11,20250417,381.0,H99,红河（99）,C,125041103,CCS125041103,H99,H99,H99,H99,H99,False,/home/ubuntu/sunlong/gcms_consistency_old/new_prepared_data/tensors/20250417/H99/0791_B11_0381_125041103.npz
B11_0382_125041106,/home/ubuntu/sunlong/gcms_consistency_old/dataset/20250417/0382#H99CCS125041106.D,0382#H99CCS125041106.D,11,20250417,382.0,H99,红河（99）,C,125041106,CCS125041106,H99,H99,H99,H99,H99,False,/home/ubuntu/sunlong/gcms_consistency_old/new_prepared_data/tensors/20250417/H99/0792_B11_0382_125041106.npz
B11_0383_125041114,/home/ubuntu/sunlong/gcms_consistency_old/dataset/20250417/0383#HRJBCS125041114.D,0383#HRJBCS125041114.D,11,20250417,383.0,HRJ,红河（软甲）,B,125041114,BCS125041114,HRJ,HRJ,HRJ,HRJ,HRJ,False,/home/ubuntu/sunlong/gcms_consistency_old/new_prepared_data/tensors/20250417/HRJ/0793_B11_0383_125041114.npz
B11_0384_125041116,/home/ubuntu/sunlong/gcms_consistency_old/dataset/20250417/0384#HRJBCS125041116.D,0384#HRJBCS125041116.D,11,20250417,384.0,HRJ,红河（软甲）,B,125041116,BCS125041116,HRJ,HRJ,HRJ,HRJ,HRJ,False,/home/ubuntu/sunlong/gcms_consistency_old/new_prepared_data/tensors/20250417/HRJ/0794_B11_0384_125041116.npz
B11_0385_12041108,/home/ubuntu/sunlong/gcms_consistency_old/dataset/20250417/0385#HYZBCS12041108.D,0385#HYZBCS12041108.D,11,20250417,385.0,HYZ,云烟（紫）,B,12041108,BCS12041108,HYZ,HYZ,HYZ,HYZ,HYZ,False,/home/ubuntu/sunlong/gcms_consistency_old/new_prepared_data/tensors/20250417/HYZ/0795_B11_0385_12041108.npz
B11_0386_125041111,/home/ubuntu/sunlong/gcms_consistency_old/dataset/20250417/0386#HYZBCS125041111.D,0386#HYZBCS125041111.D,11,20250417,386.0,HYZ,云烟（紫）,B,125041111,BCS125041111,HYZ,HYZ,HYZ,HYZ,HYZ,False,/home/ubuntu/sunlong/gcms_consistency_old/new_prepared_data/tensors/20250417/HYZ/0796_B11_0386_125041111.npz
B11_0387_125041101,/home/ubuntu/sunlong/gcms_consistency_old/dataset/20250417/0387#YJDACS125041101.D,0387#YJDACS125041101.D,11,20250417,387.0,YJD,红塔山（硬经典）,A,125041101,ACS125041101,YJD,YJD,YJD,YJD,YJD,False,/home/ubuntu/sunlong/gcms_consistency_old/new_prepared_data/tensors/20250417/YJD/0797_B11_0387_125041101.npz
B11_0388_125041104,/home/ubuntu/sunlong/gcms_consistency_old/dataset/20250417/0388#YJDACS125041104.D,0388#YJDACS125041104.D,11,20250417,388.0,YJD,红塔山（硬经典）,A,125041104,ACS125041104,YJD,YJD,YJD,YJD,YJD,False,/home/ubuntu/sunlong/gcms_consistency_old/new_prepared_data/tensors/20250417/YJD/0798_B11_0388_125041104.npz
B11_0389_125041107,/home/ubuntu/sunlong/gcms_consistency_old/dataset/20250417/0389#YJDACS125041107.D,0389#YJDACS125041107.D,11,20250417,389.0,YJD,红塔山（硬经典）,A,125041107,ACS125041107,YJD,YJD,YJD,YJD,YJD,False,/home/ubuntu/sunlong/gcms_consistency_old/new_prepared_data/tensors/20250417/YJD/0799_B11_0389_125041107.npz
B11_0390_125041110,/home/ubuntu/sunlong/gcms_consistency_old/dataset/20250417/0390#YJDACS125041110.D,0390#YJDACS125041110.D,11,20250417,390.0,YJD,红塔山（硬经典）,A,125041110,ACS125041110,YJD,YJD,YJD,YJD,YJD,False,/home/ubuntu/sunlong/gcms_consistency_old/new_prepared_data/tensors/20250417/YJD/0800_B11_0390_125041110.npz
B11_0391_125041113,/home/ubuntu/sunlong/gcms_consistency_old/dataset/20250417/0391#YJDACS125041113.D,0391#YJDACS125041113.D,11,20250417,391.0,YJD,红塔山（硬经典）,A,125041113,ACS125041113,YJD,YJD,YJD,YJD,YJD,False,/home/ubuntu/sunlong/gcms_consistency_old/new_prepared_data/tensors/20250417/YJD/0801_B11_0391_125041113.npz
B11_0392_125041408,/home/ubuntu/sunlong/gcms_consistency_old/dataset/20250417/0392#H88ACS125041408.D,0392#H88ACS125041408.D,11,20250417,392.0,H88,红河（88）,A,125041408,ACS125041408,H88,H88,H88,H88,H88,False,/home/ubuntu/sunlong/gcms_consistency_old/new_prepared_data/tensors/20250417/H88/0802_B11_0392_125041408.npz
B11_0393_125041411,/home/ubuntu/sunlong/gcms_consistency_old/dataset/20250417/0393#H88ACS125041411.D,0393#H88ACS125041411.D,11,20250417,393.0,H88,红河（88）,A,125041411,ACS125041411,H88,H88,H88,H88,H88,False,/home/ubuntu/sunlong/gcms_consistency_old/new_prepared_data/tensors/20250417/H88/0803_B11_0393_125041411.npz
B11_0394_125041414,/home/ubuntu/sunlong/gcms_consistency_old/dataset/20250417/0394#H88ACS125041414.D,0394#H88ACS125041414.D,11,20250417,394.0,H88,红河（88）,A,125041414,ACS125041414,H88,H88,H88,H88,H88,False,/home/ubuntu/sunlong/gcms_consistency_old/new_prepared_data/tensors/20250417/H88/0804_B11_0394_125041414.npz
B11_0395_125041402,/home/ubuntu/sunlong/gcms_consistency_old/dataset/20250417/0395#H88BCS125041402.D,0395#H88BCS125041402.D,11,20250417,395.0,H88,红河（88）,B,125041402,BCS125041402,H88,H88,H88,H88,H88,False,/home/ubuntu/sunlong/gcms_consistency_old/new_prepared_data/tensors/20250417/H88/0805_B11_0395_125041402.npz
B11_0396_125041405,/home/ubuntu/sunlong/gcms_consistency_old/dataset/20250417/0396#H88BCS125041405.D,0396#H88BCS125041405.D,11,20250417,396.0,H88,红河（88）,B,125041405,BCS125041405,H88,H88,H88,H88,H88,False,/home/ubuntu/sunlong/gcms_consistency_old/new_prepared_data/tensors/20250417/H88/0806_B11_0396_125041405.npz
B11_0397_125041409,/home/ubuntu/sunlong/gcms_consistency_old/dataset/20250417/0397#H88CCS125041409.D,0397#H88CCS125041409.D,11,20250417,397.0,H88,红河（88）,C,125041409,CCS125041409,H88,H88,H88,H88,H88,False,/home/ubuntu/sunlong/gcms_consistency_old/new_prepared_data/tensors/20250417/H88/0807_B11_0397_125041409.npz
B11_0398_125041412,/home/ubuntu/sunlong/gcms_consistency_old/dataset/20250417/0398#H88CCS125041412.D,0398#H88CCS125041412.D,11,20250417,398.0,H88,红河（88）,C,125041412,CCS125041412,H88,H88,H88,H88,H88,False,/home/ubuntu/sunlong/gcms_consistency_old/new_prepared_data/tensors/20250417/H88/0808_B11_0398_125041412.npz
B11_0399_125041403,/home/ubuntu/sunlong/gcms_consistency_old/dataset/20250417/0399#H99CCS125041403.D,0399#H99CCS125041403.D,11,20250417,399.0,H99,红河（99）,C,125041403,CCS125041403,H99,H99,H99,H99,H99,False,/home/ubuntu/sunlong/gcms_consistency_old/new_prepared_data/tensors/20250417/H99/0809_B11_0399_125041403.npz
B11_0400_125041406,/home/ubuntu/sunlong/gcms_consistency_old/dataset/20250417/0400#H99CCS125041406.D,0400#H99CCS125041406.D,11,20250417,400.0,H99,红河（99）,C,125041406,CCS125041406,H99,H99,H99,H99,H99,False,/home/ubuntu/sunlong/gcms_consistency_old/new_prepared_data/tensors/20250417/H99/0810_B11_0400_125041406.npz
B11_0401_125041413,/home/ubuntu/sunlong/gcms_consistency_old/dataset/20250417/0401#HRJBCS125041413.D,0401#HRJBCS125041413.D,11,20250417,401.0,HRJ,红河（软甲）,B,125041413,BCS125041413,HRJ,HRJ,HRJ,HRJ,HRJ,False,/home/ubuntu/sunlong/gcms_consistency_old/new_prepared_data/tensors/20250417/HRJ/0811_B11_0401_125041413.npz
B11_0402_125041407,/home/ubuntu/sunlong/gcms_consistency_old/dataset/20250417/0402#HYZBCS125041407.D,0402#HYZBCS125041407.D,11,20250417,402.0,HYZ,云烟（紫）,B,125041407,BCS125041407,HYZ,HYZ,HYZ,HYZ,HYZ,False,/home/ubuntu/sunlong/gcms_consistency_old/new_prepared_data/tensors/20250417/HYZ/0812_B11_0402_125041407.npz
B11_0403_125041410,/home/ubuntu/sunlong/gcms_consistency_old/dataset/20250417/0403#HYZBCS125041410.D,0403#HYZBCS125041410.D,11,20250417,403.0,HYZ,云烟（紫）,B,125041410,BCS125041410,HYZ,HYZ,HYZ,HYZ,HYZ,False,/home/ubuntu/sunlong/gcms_consistency_old/new_prepared_data/tensors/20250417/HYZ/0813_B11_0403_125041410.npz
B11_0404_225141401,/home/ubuntu/sunlong/gcms_consistency_old/dataset/20250417/0404#XCJACS225141401.D,0404#XCJACS225141401.D,11,20250417,404.0,XCJ,云烟（中支小重九）,A,225141401,ACS225141401,XCJ,XCJ,XCJ,XCJ,XCJ,False,/home/ubuntu/sunlong/gcms_consistency_old/new_prepared_data/tensors/20250417/XCJ/0814_B11_0404_225141401.npz
B11_0405_125041401,/home/ubuntu/sunlong/gcms_consistency_old/dataset/20250417/0405#YJDACS125041401.D,0405#YJDACS125041401.D,11,20250417,405.0,YJD,红塔山（硬经典）,A,125041401,ACS125041401,YJD,YJD,YJD,YJD,YJD,False,/home/ubuntu/sunlong/gcms_consistency_old/new_prepared_data/tensors/20250417/YJD/0815_B11_0405_125041401.npz
B11_0406_125041404,/home/ubuntu/sunlong/gcms_consistency_old/dataset/20250417/0406#YJDACS125041404.D,0406#YJDACS125041404.D,11,20250417,406.0,YJD,红塔山（硬经典）,A,125041404,ACS125041404,YJD,YJD,YJD,YJD,YJD,False,/home/ubuntu/sunlong/gcms_consistency_old/new_prepared_data/tensors/20250417/YJD/0816_B11_0406_125041404.npz
B11_0407_125041501,/home/ubuntu/sunlong/gcms_consistency_old/dataset/20250417/0407#H88BCS125041501.D,0407#H88BCS125041501.D,11,20250417,407.0,H88,红河（88）,B,125041501,BCS125041501,H88,H88,H88,H88,H88,False,/home/ubuntu/sunlong/gcms_consistency_old/new_prepared_data/tensors/20250417/H88/0817_B11_0407_125041501.npz
B11_0408_125041504,/home/ubuntu/sunlong/gcms_consistency_old/dataset/20250417/0408#H88BCS125041504.D,0408#H88BCS125041504.D,11,20250417,408.0,H88,红河（88）,B,125041504,BCS125041504,H88,H88,H88,H88,H88,False,/home/ubuntu/sunlong/gcms_consistency_old/new_prepared_data/tensors/20250417/H88/0818_B11_0408_125041504.npz
B11_0409_125041506,/home/ubuntu/sunlong/gcms_consistency_old/dataset/20250417/0409#H88BCS125041506.D,0409#H88BCS125041506.D,11,20250417,409.0,H88,红河（88）,B,125041506,BCS125041506,H88,H88,H88,H88,H88,False,/home/ubuntu/sunlong/gcms_consistency_old/new_prepared_data/tensors/20250417/H88/0819_B11_0409_125041506.npz
B11_0410_525041501,/home/ubuntu/sunlong/gcms_consistency_old/dataset/20250417/0410#H88CCS525041501.D,0410#H88CCS525041501.D,11,20250417,410.0,H88,红河（88）,C,525041501,CCS525041501,H88,H88,H88,H88,H88,False,/home/ubuntu/sunlong/gcms_consistency_old/new_prepared_data/tensors/20250417/H88/0820_B11_0410_525041501.npz
B11_0411_125041502,/home/ubuntu/sunlong/gcms_consistency_old/dataset/20250417/0411#H99CCS125041502.D,0411#H99CCS125041502.D,11,20250417,411.0,H99,红河（99）,C,125041502,CCS125041502,H99,H99,H99,H99,H99,False,/home/ubuntu/sunlong/gcms_consistency_old/new_prepared_data/tensors/20250417/H99/0821_B11_0411_125041502.npz
B11_0412_125041505,/home/ubuntu/sunlong/gcms_consistency_old/dataset/20250417/0412#H99CCS125041505.D,0412#H99CCS125041505.D,11,20250417,412.0,H99,红河（99）,C,125041505,CCS125041505,H99,H99,H99,H99,H99,False,/home/ubuntu/sunlong/gcms_consistency_old/new_prepared_data/tensors/20250417/H99/0822_B11_0412_125041505.npz
B11_0413_125041508,/home/ubuntu/sunlong/gcms_consistency_old/dataset/20250417/0413#H99CCS125041508.D,0413#H99CCS125041508.D,11,20250417,413.0,H99,红河（99）,C,125041508,CCS125041508,H99,H99,H99,H99,H99,False,/home/ubuntu/sunlong/gcms_consistency_old/new_prepared_data/tensors/20250417/H99/0823_B11_0413_125041508.npz
B11_0414_125041509,/home/ubuntu/sunlong/gcms_consistency_old/dataset/20250417/0414#HRJBCS125041509.D,0414#HRJBCS125041509.D,11,20250417,414.0,HRJ,红河（软甲）,B,125041509,BCS125041509,HRJ,HRJ,HRJ,HRJ,HRJ,False,/home/ubuntu/sunlong/gcms_consistency_old/new_prepared_data/tensors/20250417/HRJ/0824_B11_0414_125041509.npz
B11_0415_125041510,/home/ubuntu/sunlong/gcms_consistency_old/dataset/20250417/0415#HRJBCS125041510.D,0415#HRJBCS125041510.D,11,20250417,415.0,HRJ,红河（软甲）,B,125041510,BCS125041510,HRJ,HRJ,HRJ,HRJ,HRJ,False,/home/ubuntu/sunlong/gcms_consistency_old/new_prepared_data/tensors/20250417/HRJ/0825_B11_0415_125041510.npz
B11_0416_225041501,/home/ubuntu/sunlong/gcms_consistency_old/dataset/20250417/0416#XCJACS225041501.D,0416#XCJACS225041501.D,11,20250417,416.0,XCJ,云烟（中支小重九）,A,225041501,ACS225041501,XCJ,XCJ,XCJ,XCJ,XCJ,False,/home/ubuntu/sunlong/gcms_consistency_old/new_prepared_data/tensors/20250417/XCJ/0826_B11_0416_225041501.npz
B11_0417_125041503,/home/ubuntu/sunlong/gcms_consistency_old/dataset/20250417/0417#YJDACS125041503.D,0417#YJDACS125041503.D,11,20250417,417.0,YJD,红塔山（硬经典）,A,125041503,ACS125041503,YJD,YJD,YJD,YJD,YJD,False,/home/ubuntu/sunlong/gcms_consistency_old/new_prepared_data/tensors/20250417/YJD/0827_B11_0417_125041503.npz
B11_0418_125041507,/home/ubuntu/sunlong/gcms_consistency_old/dataset/20250417/0418#YJDACS125041507.D,0418#YJDACS125041507.D,11,20250417,418.0,YJD,红塔山（硬经典）,A,125041507,ACS125041507,YJD,YJD,YJD,YJD,YJD,False,/home/ubuntu/sunlong/gcms_consistency_old/new_prepared_data/tensors/20250417/YJD/0828_B11_0418_125041507.npz
B11_0419_125041511,/home/ubuntu/sunlong/gcms_consistency_old/dataset/20250417/0419#YJDACS125041511.D,0419#YJDACS125041511.D,11,20250417,419.0,YJD,红塔山（硬经典）,A,125041511,ACS125041511,YJD,YJD,YJD,YJD,YJD,False,/home/ubuntu/sunlong/gcms_consistency_old/new_prepared_data/tensors/20250417/YJD/0829_B11_0419_125041511.npz
B11_0420_125041611,/home/ubuntu/sunlong/gcms_consistency_old/dataset/20250417/0420#H88BCS125041611.D,0420#H88BCS125041611.D,11,20250417,420.0,H88,红河（88）,B,125041611,BCS125041611,H88,H88,H88,H88,H88,False,/home/ubuntu/sunlong/gcms_consistency_old/new_prepared_data/tensors/20250417/H88/0830_B11_0420_125041611.npz
B11_0421_125041606,/home/ubuntu/sunlong/gcms_consistency_old/dataset/20250417/0421#H88CCS125041606.D,0421#H88CCS125041606.D,11,20250417,421.0,H88,红河（88）,C,125041606,CCS125041606,H88,H88,H88,H88,H88,False,/home/ubuntu/sunlong/gcms_consistency_old/new_prepared_data/tensors/20250417/H88/0831_B11_0421_125041606.npz
B11_0422_125041610,/home/ubuntu/sunlong/gcms_consistency_old/dataset/20250417/0422#H88CCS125041610.D,0422#H88CCS125041610.D,11,20250417,422.0,H88,红河（88）,C,125041610,CCS125041610,H88,H88,H88,H88,H88,False,/home/ubuntu/sunlong/gcms_consistency_old/new_prepared_data/tensors/20250417/H88/0832_B11_0422_125041610.npz
B11_0423_125041603,/home/ubuntu/sunlong/gcms_consistency_old/dataset/20250417/0423#H99CCS125041603.D,0423#H99CCS125041603.D,11,20250417,423.0,H99,红河（99）,C,125041603,CCS125041603,H99,H99,H99,H99,H99,False,/home/ubuntu/sunlong/gcms_consistency_old/new_prepared_data/tensors/20250417/H99/0833_B11_0423_125041603.npz
B11_0424_125041608,/home/ubuntu/sunlong/gcms_consistency_old/dataset/20250417/0424#H99CCS125041608.D,0424#H99CCS125041608.D,11,20250417,424.0,H99,红河（99）,C,125041608,CCS125041608,H99,H99,H99,H99,H99,False,/home/ubuntu/sunlong/gcms_consistency_old/new_prepared_data/tensors/20250417/H99/0834_B11_0424_125041608.npz
B11_0425_125041609,/home/ubuntu/sunlong/gcms_consistency_old/dataset/20250417/0425#H99CCS125041609.D,0425#H99CCS125041609.D,11,20250417,425.0,H99,红河（99）,C,125041609,CCS125041609,H99,H99,H99,H99,H99,False,/home/ubuntu/sunlong/gcms_consistency_old/new_prepared_data/tensors/20250417/H99/0835_B11_0425_125041609.npz
B11_0426_525041601,/home/ubuntu/sunlong/gcms_consistency_old/dataset/20250417/0426#HRJBCS525041601.D,0426#HRJBCS525041601.D,11,20250417,426.0,HRJ,红河（软甲）,B,525041601,BCS525041601,HRJ,HRJ,HRJ,HRJ,HRJ,False,/home/ubuntu/sunlong/gcms_consistency_old/new_prepared_data/tensors/20250417/HRJ/0836_B11_0426_525041601.npz
B11_0427_125041602,/home/ubuntu/sunlong/gcms_consistency_old/dataset/20250417/0427#HYZBCS125041602.D,0427#HYZBCS125041602.D,11,20250417,427.0,HYZ,云烟（紫）,B,125041602,BCS125041602,HYZ,HYZ,HYZ,HYZ,HYZ,False,/home/ubuntu/sunlong/gcms_consistency_old/new_prepared_data/tensors/20250417/HYZ/0837_B11_0427_125041602.npz
B11_0428_125041605,/home/ubuntu/sunlong/gcms_consistency_old/dataset/20250417/0428#HYZBCS125041605.D,0428#HYZBCS125041605.D,11,20250417,428.0,HYZ,云烟（紫）,B,125041605,BCS125041605,HYZ,HYZ,HYZ,HYZ,HYZ,False,/home/ubuntu/sunlong/gcms_consistency_old/new_prepared_data/tensors/20250417/HYZ/0838_B11_0428_125041605.npz
B11_0429_125041612,/home/ubuntu/sunlong/gcms_consistency_old/dataset/20250417/0429#XCJACS125041612.D,0429#XCJACS125041612.D,11,20250417,429.0,XCJ,云烟（中支小重九）,A,125041612,ACS125041612,XCJ,XCJ,XCJ,XCJ,XCJ,False,/home/ubuntu/sunlong/gcms_consistency_old/new_prepared_data/tensors/20250417/XCJ/0839_B11_0429_125041612.npz
B11_0430_125041601,/home/ubuntu/sunlong/gcms_consistency_old/dataset/20250417/0430#YJDACS125041601.D,0430#YJDACS125041601.D,11,20250417,430.0,YJD,红塔山（硬经典）,A,125041601,ACS125041601,YJD,YJD,YJD,YJD,YJD,False,/home/ubuntu/sunlong/gcms_consistency_old/new_prepared_data/tensors/20250417/YJD/0840_B11_0430_125041601.npz
B11_0431_125041604,/home/ubuntu/sunlong/gcms_consistency_old/dataset/20250417/0431#YJDACS125041604.D,0431#YJDACS125041604.D,11,20250417,431.0,YJD,红塔山（硬经典）,A,125041604,ACS125041604,YJD,YJD,YJD,YJD,YJD,False,/home/ubuntu/sunlong/gcms_consistency_old/new_prepared_data/tensors/20250417/YJD/0841_B11_0431_125041604.npz
B11_0432_125041607,/home/ubuntu/sunlong/gcms_consistency_old/dataset/20250417/0432#YJDACS125041607.D,0432#YJDACS125041607.D,11,20250417,432.0,YJD,红塔山（硬经典）,A,125041607,ACS125041607,YJD,YJD,YJD,YJD,YJD,False,/home/ubuntu/sunlong/gcms_consistency_old/new_prepared_data/tensors/20250417/YJD/0842_B11_0432_125041607.npz
B11_0433_125041702,/home/ubuntu/sunlong/gcms_consistency_old/dataset/20250417/0433#H88CCS125041702.D,0433#H88CCS125041702.D,11,20250417,433.0,H88,红河（88）,C,125041702,CCS125041702,H88,H88,H88,H88,H88,False,/home/ubuntu/sunlong/gcms_consistency_old/new_prepared_data/tensors/20250417/H88/0843_B11_0433_125041702.npz
B11_0434_125041710,/home/ubuntu/sunlong/gcms_consistency_old/dataset/20250417/0434#H88CCS125041710.D,0434#H88CCS125041710.D,11,20250417,434.0,H88,红河（88）,C,125041710,CCS125041710,H88,H88,H88,H88,H88,False,/home/ubuntu/sunlong/gcms_consistency_old/new_prepared_data/tensors/20250417/H88/0844_B11_0434_125041710.npz
B11_0435_125041705,/home/ubuntu/sunlong/gcms_consistency_old/dataset/20250417/0435#H99CCS125041705.D,0435#H99CCS125041705.D,11,20250417,435.0,H99,红河（99）,C,125041705,CCS125041705,H99,H99,H99,H99,H99,False,/home/ubuntu/sunlong/gcms_consistency_old/new_prepared_data/tensors/20250417/H99/0845_B11_0435_125041705.npz
B11_0436_125041707,/home/ubuntu/sunlong/gcms_consistency_old/dataset/20250417/0436#H99CCS125041707.D,0436#H99CCS125041707.D,11,20250417,436.0,H99,红河（99）,C,125041707,CCS125041707,H99,H99,H99,H99,H99,False,/home/ubuntu/sunlong/gcms_consistency_old/new_prepared_data/tensors/20250417/H99/0846_B11_0436_125041707.npz
B11_0437_425041702,/home/ubuntu/sunlong/gcms_consistency_old/dataset/20250417/0437#H99CCS425041702.D,0437#H99CCS425041702.D,11,20250417,437.0,H99,红河（99）,C,425041702,CCS425041702,H99,H99,H99,H99,H99,False,/home/ubuntu/sunlong/gcms_consistency_old/new_prepared_data/tensors/20250417/H99/0847_B11_0437_425041702.npz
B11_0438_425041705,/home/ubuntu/sunlong/gcms_consistency_old/dataset/20250417/0438#H99CCS425041705.D,0438#H99CCS425041705.D,11,20250417,438.0,H99,红河（99）,C,425041705,CCS425041705,H99,H99,H99,H99,H99,False,/home/ubuntu/sunlong/gcms_consistency_old/new_prepared_data/tensors/20250417/H99/0848_B11_0438_425041705.npz
B11_0439_125041704,/home/ubuntu/sunlong/gcms_consistency_old/dataset/20250417/0439#HRJBCS125041704.D,0439#HRJBCS125041704.D,11,20250417,439.0,HRJ,红河（软甲）,B,125041704,BCS125041704,HRJ,HRJ,HRJ,HRJ,HRJ,False,/home/ubuntu/sunlong/gcms_consistency_old/new_prepared_data/tensors/20250417/HRJ/0849_B11_0439_125041704.npz
B11_0440_125041708,/home/ubuntu/sunlong/gcms_consistency_old/dataset/20250417/0440#HRJBCS125041708.D,0440#HRJBCS125041708.D,11,20250417,440.0,HRJ,红河（软甲）,B,125041708,BCS125041708,HRJ,HRJ,HRJ,HRJ,HRJ,False,/home/ubuntu/sunlong/gcms_consistency_old/new_prepared_data/tensors/20250417/HRJ/0850_B11_0440_125041708.npz
B11_0441_125041711,/home/ubuntu/sunlong/gcms_consistency_old/dataset/20250417/0441#HRJBCS125041711.D,0441#HRJBCS125041711.D,11,20250417,441.0,HRJ,红河（软甲）,B,125041711,BCS125041711,HRJ,HRJ,HRJ,HRJ,HRJ,False,/home/ubuntu/sunlong/gcms_consistency_old/new_prepared_data/tensors/20250417/HRJ/0851_B11_0441_125041711.npz
B11_0442_425041701,/home/ubuntu/sunlong/gcms_consistency_old/dataset/20250417/0442#HYZBCS425041701.D,0442#HYZBCS425041701.D,11,20250417,442.0,HYZ,云烟（紫）,B,425041701,BCS425041701,HYZ,HYZ,HYZ,HYZ,HYZ,False,/home/ubuntu/sunlong/gcms_consistency_old/new_prepared_data/tensors/20250417/HYZ/0852_B11_0442_425041701.npz
B11_0443_425041703,/home/ubuntu/sunlong/gcms_consistency_old/dataset/20250417/0443#HYZBCS425041703.D,0443#HYZBCS425041703.D,11,20250417,443.0,HYZ,云烟（紫）,B,425041703,BCS425041703,HYZ,HYZ,HYZ,HYZ,HYZ,False,/home/ubuntu/sunlong/gcms_consistency_old/new_prepared_data/tensors/20250417/HYZ/0853_B11_0443_425041703.npz
B11_0444_425041704,/home/ubuntu/sunlong/gcms_consistency_old/dataset/20250417/0444#HYZBCS425041704.D,0444#HYZBCS425041704.D,11,20250417,444.0,HYZ,云烟（紫）,B,425041704,BCS425041704,HYZ,HYZ,HYZ,HYZ,HYZ,False,/home/ubuntu/sunlong/gcms_consistency_old/new_prepared_data/tensors/20250417/HYZ/0854_B11_0444_425041704.npz
B11_0445_125041701,/home/ubuntu/sunlong/gcms_consistency_old/dataset/20250417/0445#YJDACS125041701.D,0445#YJDACS125041701.D,11,20250417,445.0,YJD,红塔山（硬经典）,A,125041701,ACS125041701,YJD,YJD,YJD,YJD,YJD,False,/home/ubuntu/sunlong/gcms_consistency_old/new_prepared_data/tensors/20250417/YJD/0855_B11_0445_125041701.npz
B11_0446_125041703,/home/ubuntu/sunlong/gcms_consistency_old/dataset/20250417/0446#YJDACS125041703.D,0446#YJDACS125041703.D,11,20250417,446.0,YJD,红塔山（硬经典）,A,125041703,ACS125041703,YJD,YJD,YJD,YJD,YJD,False,/home/ubuntu/sunlong/gcms_consistency_old/new_prepared_data/tensors/20250417/YJD/0856_B11_0446_125041703.npz
B11_0447_125041706,/home/ubuntu/sunlong/gcms_consistency_old/dataset/20250417/0447#YJDACS125041706.D,0447#YJDACS125041706.D,11,20250417,447.0,YJD,红塔山（硬经典）,A,125041706,ACS125041706,YJD,YJD,YJD,YJD,YJD,False,/home/ubuntu/sunlong/gcms_consistency_old/new_prepared_data/tensors/20250417/YJD/0857_B11_0447_125041706.npz
B11_0448_125041709,/home/ubuntu/sunlong/gcms_consistency_old/dataset/20250417/0448#YJDACS125041709.D,0448#YJDACS125041709.D,11,20250417,448.0,YJD,红塔山（硬经典）,A,125041709,ACS125041709,YJD,YJD,YJD,YJD,YJD,False,/home/ubuntu/sunlong/gcms_consistency_old/new_prepared_data/tensors/20250417/YJD/0858_B11_0448_125041709.npz
B11_0449_425041701,/home/ubuntu/sunlong/gcms_consistency_old/dataset/20250417/0449#HYZCS425041701云烟（紫）烟支.D,0449#HYZCS425041701云烟（紫）烟支.D,11,20250417,449.0,HYZ,云烟（紫）,,425041701,CS425041701云烟（紫）烟支,HYZ,HYZ,HYZ,HYZ,HYZ,False,/home/ubuntu/sunlong/gcms_consistency_old/new_prepared_data/tensors/20250417/HYZ/0859_B11_0449_425041701.npz
B11_0450_425041701,/home/ubuntu/sunlong/gcms_consistency_old/dataset/20250417/0450#HYZCS425041701云烟（紫）烟支.D,0450#HYZCS425041701云烟（紫）烟支.D,11,20250417,450.0,HYZ,云烟（紫）,,425041701,CS425041701云烟（紫）烟支,HYZ,HYZ,HYZ,HYZ,HYZ,False,/home/ubuntu/sunlong/gcms_consistency_old/new_prepared_data/tensors/20250417/HYZ/0860_B11_0450_425041701.npz
B11_0451_425041701,/home/ubuntu/sunlong/gcms_consistency_old/dataset/20250417/0451#HYZCS425041701云烟（紫）烟支.D,0451#HYZCS425041701云烟（紫）烟支.D,11,20250417,451.0,HYZ,云烟（紫）,,425041701,CS425041701云烟（紫）烟支,HYZ,HYZ,HYZ,HYZ,HYZ,False,/home/ubuntu/sunlong/gcms_consistency_old/new_prepared_data/tensors/20250417/HYZ/0861_B11_0451_425041701.npz
B11_0452_425041701,/home/ubuntu/sunlong/gcms_consistency_old/dataset/20250417/0452#HYZCS425041701云烟（紫）烟支.D,0452#HYZCS425041701云烟（紫）烟支.D,11,20250417,452.0,HYZ,云烟（紫）,,425041701,CS425041701云烟（紫）烟支,HYZ,HYZ,HYZ,HYZ,HYZ,False,/home/ubuntu/sunlong/gcms_consistency_old/new_prepared_data/tensors/20250417/HYZ/0862_B11_0452_425041701.npz
B11_0453_425041701,/home/ubuntu/sunlong/gcms_consistency_old/dataset/20250417/0453#HYZCS425041701云烟（紫）烟支.D,0453#HYZCS425041701云烟（紫）烟支.D,11,20250417,453.0,HYZ,云烟（紫）,,425041701,CS425041701云烟（紫）烟支,HYZ,HYZ,HYZ,HYZ,HYZ,False,/home/ubuntu/sunlong/gcms_consistency_old/new_prepared_data/tensors/20250417/HYZ/0863_B11_0453_425041701.npz
B11_0454_425040802,/home/ubuntu/sunlong/gcms_consistency_old/dataset/20250417/0454#HYZCS425040802云烟（紫）烟支.D,0454#HYZCS425040802云烟（紫）烟支.D,11,20250417,454.0,HYZ,云烟（紫）,,425040802,CS425040802云烟（紫）烟支,HYZ,HYZ,HYZ,HYZ,HYZ,False,/home/ubuntu/sunlong/gcms_consistency_old/new_prepared_data/tensors/20250417/HYZ/0864_B11_0454_425040802.npz
B11_0455_425040802,/home/ubuntu/sunlong/gcms_consistency_old/dataset/20250417/0455#HYZCS425040802云烟（紫）烟支.D,0455#HYZCS425040802云烟（紫）烟支.D,11,20250417,455.0,HYZ,云烟（紫）,,425040802,CS425040802云烟（紫）烟支,HYZ,HYZ,HYZ,HYZ,HYZ,False,/home/ubuntu/sunlong/gcms_consistency_old/new_prepared_data/tensors/20250417/HYZ/0865_B11_0455_425040802.npz
B11_0456_425040802,/home/ubuntu/sunlong/gcms_consistency_old/dataset/20250417/0456#HYZCS425040802云烟（紫）烟支.D,0456#HYZCS425040802云烟（紫）烟支.D,11,20250417,456.0,HYZ,云烟（紫）,,425040802,CS425040802云烟（紫）烟支,HYZ,HYZ,HYZ,HYZ,HYZ,False,/home/ubuntu/sunlong/gcms_consistency_old/new_prepared_data/tensors/20250417/HYZ/0866_B11_0456_425040802.npz
B11_0457_425040802,/home/ubuntu/sunlong/gcms_consistency_old/dataset/20250417/0457#HYZCS425040802云烟（紫）烟支.D,0457#HYZCS425040802云烟（紫）烟支.D,11,20250417,457.0,HYZ,云烟（紫）,,425040802,CS425040802云烟（紫）烟支,HYZ,HYZ,HYZ,HYZ,HYZ,False,/home/ubuntu/sunlong/gcms_consistency_old/new_prepared_data/tensors/20250417/HYZ/0867_B11_0457_425040802.npz
B11_0458_425040802,/home/ubuntu/sunlong/gcms_consistency_old/dataset/20250417/0458#HYZCS425040802云烟（紫）烟支.D,0458#HYZCS425040802云烟（紫）烟支.D,11,20250417,458.0,HYZ,云烟（紫）,,425040802,CS425040802云烟（紫）烟支,HYZ,HYZ,HYZ,HYZ,HYZ,False,/home/ubuntu/sunlong/gcms_consistency_old/new_prepared_data/tensors/20250417/HYZ/0868_B11_0458_425040802.npz
B11_0459_425041703,/home/ubuntu/sunlong/gcms_consistency_old/dataset/20250417/0459#HYZCS425041703云烟（紫）烟支.D,0459#HYZCS425041703云烟（紫）烟支.D,11,20250417,459.0,HYZ,云烟（紫）,,425041703,CS425041703云烟（紫）烟支,HYZ,HYZ,HYZ,HYZ,HYZ,False,/home/ubuntu/sunlong/gcms_consistency_old/new_prepared_data/tensors/20250417/HYZ/0869_B11_0459_425041703.npz
B11_0460_425041703,/home/ubuntu/sunlong/gcms_consistency_old/dataset/20250417/0460#HYZCS425041703云烟（紫）烟支.D,0460#HYZCS425041703云烟（紫）烟支.D,11,20250417,460.0,HYZ,云烟（紫）,,425041703,CS425041703云烟（紫）烟支,HYZ,HYZ,HYZ,HYZ,HYZ,False,/home/ubuntu/sunlong/gcms_consistency_old/new_prepared_data/tensors/20250417/HYZ/0870_B11_0460_425041703.npz
B11_0461_425041703,/home/ubuntu/sunlong/gcms_consistency_old/dataset/20250417/0461#HYZCS425041703云烟（紫）烟支.D,0461#HYZCS425041703云烟（紫）烟支.D,11,20250417,461.0,HYZ,云烟（紫）,,425041703,CS425041703云烟（紫）烟支,HYZ,HYZ,HYZ,HYZ,HYZ,False,/home/ubuntu/sunlong/gcms_consistency_old/new_prepared_data/tensors/20250417/HYZ/0871_B11_0461_425041703.npz
B11_0462_425041703,/home/ubuntu/sunlong/gcms_consistency_old/dataset/20250417/0462#HYZCS425041703云烟（紫）烟支.D,0462#HYZCS425041703云烟（紫）烟支.D,11,20250417,462.0,HYZ,云烟（紫）,,425041703,CS425041703云烟（紫）烟支,HYZ,HYZ,HYZ,HYZ,HYZ,False,/home/ubuntu/sunlong/gcms_consistency_old/new_prepared_data/tensors/20250417/HYZ/0872_B11_0462_425041703.npz
B11_0463_425041703,/home/ubuntu/sunlong/gcms_consistency_old/dataset/20250417/0463#HYZCS425041703云烟（紫）烟支.D,0463#HYZCS425041703云烟（紫）烟支.D,11,20250417,463.0,HYZ,云烟（紫）,,425041703,CS425041703云烟（紫）烟支,HYZ,HYZ,HYZ,HYZ,HYZ,False,/home/ubuntu/sunlong/gcms_consistency_old/new_prepared_data/tensors/20250417/HYZ/0873_B11_0463_425041703.npz
B11_0464_425041704,/home/ubuntu/sunlong/gcms_consistency_old/dataset/20250417/0464#HYZCS425041704云烟（紫）烟支.D,0464#HYZCS425041704云烟（紫）烟支.D,11,20250417,464.0,HYZ,云烟（紫）,,425041704,CS425041704云烟（紫）烟支,HYZ,HYZ,HYZ,HYZ,HYZ,False,/home/ubuntu/sunlong/gcms_consistency_old/new_prepared_data/tensors/20250417/HYZ/0874_B11_0464_425041704.npz
B11_0465_425041704,/home/ubuntu/sunlong/gcms_consistency_old/dataset/20250417/0465#HYZCS425041704云烟（紫）烟支.D,0465#HYZCS425041704云烟（紫）烟支.D,11,20250417,465.0,HYZ,云烟（紫）,,425041704,CS425041704云烟（紫）烟支,HYZ,HYZ,HYZ,HYZ,HYZ,False,/home/ubuntu/sunlong/gcms_consistency_old/new_prepared_data/tensors/20250417/HYZ/0875_B11_0465_425041704.npz
B11_0466_425041704,/home/ubuntu/sunlong/gcms_consistency_old/dataset/20250417/0466#HYZCS425041704云烟（紫）烟支.D,0466#HYZCS425041704云烟（紫）烟支.D,11,20250417,466.0,HYZ,云烟（紫）,,425041704,CS425041704云烟（紫）烟支,HYZ,HYZ,HYZ,HYZ,HYZ,False,/home/ubuntu/sunlong/gcms_consistency_old/new_prepared_data/tensors/20250417/HYZ/0876_B11_0466_425041704.npz
B11_0467_425041704,/home/ubuntu/sunlong/gcms_consistency_old/dataset/20250417/0467#HYZCS425041704云烟（紫）烟支.D,0467#HYZCS425041704云烟（紫）烟支.D,11,20250417,467.0,HYZ,云烟（紫）,,425041704,CS425041704云烟（紫）烟支,HYZ,HYZ,HYZ,HYZ,HYZ,False,/home/ubuntu/sunlong/gcms_consistency_old/new_prepared_data/tensors/20250417/HYZ/0877_B11_0467_425041704.npz
B11_0468_425041704,/home/ubuntu/sunlong/gcms_consistency_old/dataset/20250417/0468#HYZCS425041704云烟（紫）烟支.D,0468#HYZCS425041704云烟（紫）烟支.D,11,20250417,468.0,HYZ,云烟（紫）,,425041704,CS425041704云烟（紫）烟支,HYZ,HYZ,HYZ,HYZ,HYZ,False,/home/ubuntu/sunlong/gcms_consistency_old/new_prepared_data/tensors/20250417/HYZ/0878_B11_0468_425041704.npz
B11_0000_BLANK,/home/ubuntu/sunlong/gcms_consistency_old/dataset/20250417/BLANK.D,BLANK.D,11,20250417,,BLANK,空白样,,,BLANK,BLANK,BLANK,BLANK,BLANK,BLANK,True,/home/ubuntu/sunlong/gcms_consistency_old/new_prepared_data/tensors/20250417/BLANK/0879_B11_0000_BLANK.npz
B12_0469_125041808,/home/ubuntu/sunlong/gcms_consistency_old/dataset/20250423/469#H88BCS125041808.D,469#H88BCS125041808.D,12,20250423,469.0,H88,红河（88）,B,125041808,BCS125041808,H88,H88,H88,H88,H88,False,/home/ubuntu/sunlong/gcms_consistency_old/new_prepared_data/tensors/20250423/H88/0880_B12_0469_125041808.npz
B12_0470_125041804,/home/ubuntu/sunlong/gcms_consistency_old/dataset/20250423/470#HRJBCS125041804.D,470#HRJBCS125041804.D,12,20250423,470.0,HRJ,红河（软甲）,B,125041804,BCS125041804,HRJ,HRJ,HRJ,HRJ,HRJ,False,/home/ubuntu/sunlong/gcms_consistency_old/new_prepared_data/tensors/20250423/HRJ/0881_B12_0470_125041804.npz
B12_0471_125041806,/home/ubuntu/sunlong/gcms_consistency_old/dataset/20250423/471#HRJBCS125041806.D,471#HRJBCS125041806.D,12,20250423,471.0,HRJ,红河（软甲）,B,125041806,BCS125041806,HRJ,HRJ,HRJ,HRJ,HRJ,False,/home/ubuntu/sunlong/gcms_consistency_old/new_prepared_data/tensors/20250423/HRJ/0882_B12_0471_125041806.npz
B12_0472_125041807,/home/ubuntu/sunlong/gcms_consistency_old/dataset/20250423/472#HRJBCS125041807.D,472#HRJBCS125041807.D,12,20250423,472.0,HRJ,红河（软甲）,B,125041807,BCS125041807,HRJ,HRJ,HRJ,HRJ,HRJ,False,/home/ubuntu/sunlong/gcms_consistency_old/new_prepared_data/tensors/20250423/HRJ/0883_B12_0472_125041807.npz
B12_0473_125041801,/home/ubuntu/sunlong/gcms_consistency_old/dataset/20250423/473#YJDACS125041801.D,473#YJDACS125041801.D,12,20250423,473.0,YJD,红塔山（硬经典）,A,125041801,ACS125041801,YJD,YJD,YJD,YJD,YJD,False,/home/ubuntu/sunlong/gcms_consistency_old/new_prepared_data/tensors/20250423/YJD/0884_B12_0473_125041801.npz
B12_0474_125041802,/home/ubuntu/sunlong/gcms_consistency_old/dataset/20250423/474#YJDACS125041802.D,474#YJDACS125041802.D,12,20250423,474.0,YJD,红塔山（硬经典）,A,125041802,ACS125041802,YJD,YJD,YJD,YJD,YJD,False,/home/ubuntu/sunlong/gcms_consistency_old/new_prepared_data/tensors/20250423/YJD/0885_B12_0474_125041802.npz
B12_0475_125041803,/home/ubuntu/sunlong/gcms_consistency_old/dataset/20250423/475#YJDACS125041803.D,475#YJDACS125041803.D,12,20250423,475.0,YJD,红塔山（硬经典）,A,125041803,ACS125041803,YJD,YJD,YJD,YJD,YJD,False,/home/ubuntu/sunlong/gcms_consistency_old/new_prepared_data/tensors/20250423/YJD/0886_B12_0475_125041803.npz
B12_0476_125041805,/home/ubuntu/sunlong/gcms_consistency_old/dataset/20250423/476#YJDACS125041805.D,476#YJDACS125041805.D,12,20250423,476.0,YJD,红塔山（硬经典）,A,125041805,ACS125041805,YJD,YJD,YJD,YJD,YJD,False,/home/ubuntu/sunlong/gcms_consistency_old/new_prepared_data/tensors/20250423/YJD/0887_B12_0476_125041805.npz
B12_0477_125042101,/home/ubuntu/sunlong/gcms_consistency_old/dataset/20250423/477#YJDACS125042101.D,477#YJDACS125042101.D,12,20250423,477.0,YJD,红塔山（硬经典）,A,125042101,ACS125042101,YJD,YJD,YJD,YJD,YJD,False,/home/ubuntu/sunlong/gcms_consistency_old/new_prepared_data/tensors/20250423/YJD/0888_B12_0477_125042101.npz
B12_0478_125042102,/home/ubuntu/sunlong/gcms_consistency_old/dataset/20250423/478#YJDACS125042102.D,478#YJDACS125042102.D,12,20250423,478.0,YJD,红塔山（硬经典）,A,125042102,ACS125042102,YJD,YJD,YJD,YJD,YJD,False,/home/ubuntu/sunlong/gcms_consistency_old/new_prepared_data/tensors/20250423/YJD/0889_B12_0478_125042102.npz
B12_0479_125042103,/home/ubuntu/sunlong/gcms_consistency_old/dataset/20250423/479#YJDACS125042103.D,479#YJDACS125042103.D,12,20250423,479.0,YJD,红塔山（硬经典）,A,125042103,ACS125042103,YJD,YJD,YJD,YJD,YJD,False,/home/ubuntu/sunlong/gcms_consistency_old/new_prepared_data/tensors/20250423/YJD/0890_B12_0479_125042103.npz
B12_0480_125042104,/home/ubuntu/sunlong/gcms_consistency_old/dataset/20250423/480#YJDACS125042104.D,480#YJDACS125042104.D,12,20250423,480.0,YJD,红塔山（硬经典）,A,125042104,ACS125042104,YJD,YJD,YJD,YJD,YJD,False,/home/ubuntu/sunlong/gcms_consistency_old/new_prepared_data/tensors/20250423/YJD/0891_B12_0480_125042104.npz
B12_0000_BLANK,/home/ubuntu/sunlong/gcms_consistency_old/dataset/20250423/BLANK.D,BLANK.D,12,20250423,,BLANK,空白样,,,BLANK,BLANK,BLANK,BLANK,BLANK,BLANK,True,/home/ubuntu/sunlong/gcms_consistency_old/new_prepared_data/tensors/20250423/BLANK/0892_B12_0000_BLANK.npz
B13_0481_125050402,/home/ubuntu/sunlong/gcms_consistency_old/dataset/20250516/481#H88CCS125050402.D,481#H88CCS125050402.D,13,20250516,481.0,H88,红河（88）,C,125050402,CCS125050402,H88,H88,H88,H88,H88,False,/home/ubuntu/sunlong/gcms_consistency_old/new_prepared_data/tensors/20250516/H88/0893_B13_0481_125050402.npz
B13_0482_125050401,/home/ubuntu/sunlong/gcms_consistency_old/dataset/20250516/482#HYZBCS125050401.D,482#HYZBCS125050401.D,13,20250516,482.0,HYZ,云烟（紫）,B,125050401,BCS125050401,HYZ,HYZ,HYZ,HYZ,HYZ,False,/home/ubuntu/sunlong/gcms_consistency_old/new_prepared_data/tensors/20250516/HYZ/0894_B13_0482_125050401.npz
B13_0483_125050512,/home/ubuntu/sunlong/gcms_consistency_old/dataset/20250516/483#H88ACS125050512.D,483#H88ACS125050512.D,13,20250516,483.0,H88,红河（88）,A,125050512,ACS125050512,H88,H88,H88,H88,H88,False,/home/ubuntu/sunlong/gcms_consistency_old/new_prepared_data/tensors/20250516/H88/0895_B13_0483_125050512.npz
B13_0484_125050515,/home/ubuntu/sunlong/gcms_consistency_old/dataset/20250516/484#H88ACS125050515.D,484#H88ACS125050515.D,13,20250516,484.0,H88,红河（88）,A,125050515,ACS125050515,H88,H88,H88,H88,H88,False,/home/ubuntu/sunlong/gcms_consistency_old/new_prepared_data/tensors/20250516/H88/0896_B13_0484_125050515.npz
B13_0485_125050520,/home/ubuntu/sunlong/gcms_consistency_old/dataset/20250516/485#H88BCS125050520.D,485#H88BCS125050520.D,13,20250516,485.0,H88,红河（88）,B,125050520,BCS125050520,H88,H88,H88,H88,H88,False,/home/ubuntu/sunlong/gcms_consistency_old/new_prepared_data/tensors/20250516/H88/0897_B13_0485_125050520.npz
B13_0486_125050502,/home/ubuntu/sunlong/gcms_consistency_old/dataset/20250516/486#H88CCS125050502.D,486#H88CCS125050502.D,13,20250516,486.0,H88,红河（88）,C,125050502,CCS125050502,H88,H88,H88,H88,H88,False,/home/ubuntu/sunlong/gcms_consistency_old/new_prepared_data/tensors/20250516/H88/0898_B13_0486_125050502.npz
B13_0487_125050505,/home/ubuntu/sunlong/gcms_consistency_old/dataset/20250516/487#H88CCS125050505.D,487#H88CCS125050505.D,13,20250516,487.0,H88,红河（88）,C,125050505,CCS125050505,H88,H88,H88,H88,H88,False,/home/ubuntu/sunlong/gcms_consistency_old/new_prepared_data/tensors/20250516/H88/0899_B13_0487_125050505.npz
B13_0488_125050513,/home/ubuntu/sunlong/gcms_consistency_old/dataset/20250516/488#H88CCS125050513.D,488#H88CCS125050513.D,13,20250516,488.0,H88,红河（88）,C,125050513,CCS125050513,H88,H88,H88,H88,H88,False,/home/ubuntu/sunlong/gcms_consistency_old/new_prepared_data/tensors/20250516/H88/0900_B13_0488_125050513.npz
B13_0489_125050507,/home/ubuntu/sunlong/gcms_consistency_old/dataset/20250516/489#H99CCS125050507.D,489#H99CCS125050507.D,13,20250516,489.0,H99,红河（99）,C,125050507,CCS125050507,H99,H99,H99,H99,H99,False,/home/ubuntu/sunlong/gcms_consistency_old/new_prepared_data/tensors/20250516/H99/0901_B13_0489_125050507.npz
B13_0490_125050510,/home/ubuntu/sunlong/gcms_consistency_old/dataset/20250516/490#H99CCS125050510.D,490#H99CCS125050510.D,13,20250516,490.0,H99,红河（99）,C,125050510,CCS125050510,H99,H99,H99,H99,H99,False,/home/ubuntu/sunlong/gcms_consistency_old/new_prepared_data/tensors/20250516/H99/0902_B13_0490_125050510.npz
B13_0491_125050517,/home/ubuntu/sunlong/gcms_consistency_old/dataset/20250516/491#H99CCS125050517.D,491#H99CCS125050517.D,13,20250516,491.0,H99,红河（99）,C,125050517,CCS125050517,H99,H99,H99,H99,H99,False,/home/ubuntu/sunlong/gcms_consistency_old/new_prepared_data/tensors/20250516/H99/0903_B13_0491_125050517.npz
B13_0492_125050519,/home/ubuntu/sunlong/gcms_consistency_old/dataset/20250516/492#H99CCS125050519.D,492#H99CCS125050519.D,13,20250516,492.0,H99,红河（99）,C,125050519,CCS125050519,H99,H99,H99,H99,H99,False,/home/ubuntu/sunlong/gcms_consistency_old/new_prepared_data/tensors/20250516/H99/0904_B13_0492_125050519.npz
B13_0493_125050508,/home/ubuntu/sunlong/gcms_consistency_old/dataset/20250516/493#HRJBCS125050508.D,493#HRJBCS125050508.D,13,20250516,493.0,HRJ,红河（软甲）,B,125050508,BCS125050508,HRJ,HRJ,HRJ,HRJ,HRJ,False,/home/ubuntu/sunlong/gcms_consistency_old/new_prepared_data/tensors/20250516/HRJ/0905_B13_0493_125050508.npz
B13_0494_125050511,/home/ubuntu/sunlong/gcms_consistency_old/dataset/20250516/494#HRJBCS125050511.D,494#HRJBCS125050511.D,13,20250516,494.0,HRJ,红河（软甲）,B,125050511,BCS125050511,HRJ,HRJ,HRJ,HRJ,HRJ,False,/home/ubuntu/sunlong/gcms_consistency_old/new_prepared_data/tensors/20250516/HRJ/0906_B13_0494_125050511.npz
B13_0495_125050514,/home/ubuntu/sunlong/gcms_consistency_old/dataset/20250516/495#HRJBCS125050514.D,495#HRJBCS125050514.D,13,20250516,495.0,HRJ,红河（软甲）,B,125050514,BCS125050514,HRJ,HRJ,HRJ,HRJ,HRJ,False,/home/ubuntu/sunlong/gcms_consistency_old/new_prepared_data/tensors/20250516/HRJ/0907_B13_0495_125050514.npz
B13_0496_125050501,/home/ubuntu/sunlong/gcms_consistency_old/dataset/20250516/496#HYZBCS125050501.D,496#HYZBCS125050501.D,13,20250516,496.0,HYZ,云烟（紫）,B,125050501,BCS125050501,HYZ,HYZ,HYZ,HYZ,HYZ,False,/home/ubuntu/sunlong/gcms_consistency_old/new_prepared_data/tensors/20250516/HYZ/0908_B13_0496_125050501.npz
B13_0497_125050504,/home/ubuntu/sunlong/gcms_consistency_old/dataset/20250516/497#HYZBCS125050504.D,497#HYZBCS125050504.D,13,20250516,497.0,HYZ,云烟（紫）,B,125050504,BCS125050504,HYZ,HYZ,HYZ,HYZ,HYZ,False,/home/ubuntu/sunlong/gcms_consistency_old/new_prepared_data/tensors/20250516/HYZ/0909_B13_0497_125050504.npz
B13_0498_125050516,/home/ubuntu/sunlong/gcms_consistency_old/dataset/20250516/498#HYZBCS125050516.D,498#HYZBCS125050516.D,13,20250516,498.0,HYZ,云烟（紫）,B,125050516,BCS125050516,HYZ,HYZ,HYZ,HYZ,HYZ,False,/home/ubuntu/sunlong/gcms_consistency_old/new_prepared_data/tensors/20250516/HYZ/0910_B13_0498_125050516.npz
B13_0499_125050503,/home/ubuntu/sunlong/gcms_consistency_old/dataset/20250516/499#YJDACS125050503.D,499#YJDACS125050503.D,13,20250516,499.0,YJD,红塔山（硬经典）,A,125050503,ACS125050503,YJD,YJD,YJD,YJD,YJD,False,/home/ubuntu/sunlong/gcms_consistency_old/new_prepared_data/tensors/20250516/YJD/0911_B13_0499_125050503.npz
B13_0500_125050506,/home/ubuntu/sunlong/gcms_consistency_old/dataset/20250516/500#YJDACS125050506.D,500#YJDACS125050506.D,13,20250516,500.0,YJD,红塔山（硬经典）,A,125050506,ACS125050506,YJD,YJD,YJD,YJD,YJD,False,/home/ubuntu/sunlong/gcms_consistency_old/new_prepared_data/tensors/20250516/YJD/0912_B13_0500_125050506.npz
B13_0501_125050509,/home/ubuntu/sunlong/gcms_consistency_old/dataset/20250516/501#YJDACS125050509.D,501#YJDACS125050509.D,13,20250516,501.0,YJD,红塔山（硬经典）,A,125050509,ACS125050509,YJD,YJD,YJD,YJD,YJD,False,/home/ubuntu/sunlong/gcms_consistency_old/new_prepared_data/tensors/20250516/YJD/0913_B13_0501_125050509.npz
B13_0502_125050518,/home/ubuntu/sunlong/gcms_consistency_old/dataset/20250516/502#YJDACS125050518.D,502#YJDACS125050518.D,13,20250516,502.0,YJD,红塔山（硬经典）,A,125050518,ACS125050518,YJD,YJD,YJD,YJD,YJD,False,/home/ubuntu/sunlong/gcms_consistency_old/new_prepared_data/tensors/20250516/YJD/0914_B13_0502_125050518.npz
B13_0503_125050521,/home/ubuntu/sunlong/gcms_consistency_old/dataset/20250516/503#YJDACS125050521.D,503#YJDACS125050521.D,13,20250516,503.0,YJD,红塔山（硬经典）,A,125050521,ACS125050521,YJD,YJD,YJD,YJD,YJD,False,/home/ubuntu/sunlong/gcms_consistency_old/new_prepared_data/tensors/20250516/YJD/0915_B13_0503_125050521.npz
B13_0504_125050603,/home/ubuntu/sunlong/gcms_consistency_old/dataset/20250516/504#H88CCS125050603.D,504#H88CCS125050603.D,13,20250516,504.0,H88,红河（88）,C,125050603,CCS125050603,H88,H88,H88,H88,H88,False,/home/ubuntu/sunlong/gcms_consistency_old/new_prepared_data/tensors/20250516/H88/0916_B13_0504_125050603.npz
B13_0505_125050606,/home/ubuntu/sunlong/gcms_consistency_old/dataset/20250516/505#H88CCS125050606.D,505#H88CCS125050606.D,13,20250516,505.0,H88,红河（88）,C,125050606,CCS125050606,H88,H88,H88,H88,H88,False,/home/ubuntu/sunlong/gcms_consistency_old/new_prepared_data/tensors/20250516/H88/0917_B13_0505_125050606.npz
B13_0506_125050608,/home/ubuntu/sunlong/gcms_consistency_old/dataset/20250516/506#H88CCS125050608.D,506#H88CCS125050608.D,13,20250516,506.0,H88,红河（88）,C,125050608,CCS125050608,H88,H88,H88,H88,H88,False,/home/ubuntu/sunlong/gcms_consistency_old/new_prepared_data/tensors/20250516/H88/0918_B13_0506_125050608.npz
B13_0507_125050611,/home/ubuntu/sunlong/gcms_consistency_old/dataset/20250516/507#H99CCS125050611.D,507#H99CCS125050611.D,13,20250516,507.0,H99,红河（99）,C,125050611,CCS125050611,H99,H99,H99,H99,H99,False,/home/ubuntu/sunlong/gcms_consistency_old/new_prepared_data/tensors/20250516/H99/0919_B13_0507_125050611.npz
B13_0508_125050616,/home/ubuntu/sunlong/gcms_consistency_old/dataset/20250516/508#H99CCS125050616.D,508#H99CCS125050616.D,13,20250516,508.0,H99,红河（99）,C,125050616,CCS125050616,H99,H99,H99,H99,H99,False,/home/ubuntu/sunlong/gcms_consistency_old/new_prepared_data/tensors/20250516/H99/0920_B13_0508_125050616.npz
B13_0509_125050619,/home/ubuntu/sunlong/gcms_consistency_old/dataset/20250516/509#H99CCS125050619.D,509#H99CCS125050619.D,13,20250516,509.0,H99,红河（99）,C,125050619,CCS125050619,H99,H99,H99,H99,H99,False,/home/ubuntu/sunlong/gcms_consistency_old/new_prepared_data/tensors/20250516/H99/0921_B13_0509_125050619.npz
B13_0510_125050613,/home/ubuntu/sunlong/gcms_consistency_old/dataset/20250516/510#HRJBCS125050613.D,510#HRJBCS125050613.D,13,20250516,510.0,HRJ,红河（软甲）,B,125050613,BCS125050613,HRJ,HRJ,HRJ,HRJ,HRJ,False,/home/ubuntu/sunlong/gcms_consistency_old/new_prepared_data/tensors/20250516/HRJ/0922_B13_0510_125050613.npz
B13_0511_125050615,/home/ubuntu/sunlong/gcms_consistency_old/dataset/20250516/511#HRJBCS125050615.D,511#HRJBCS125050615.D,13,20250516,511.0,HRJ,红河（软甲）,B,125050615,BCS125050615,HRJ,HRJ,HRJ,HRJ,HRJ,False,/home/ubuntu/sunlong/gcms_consistency_old/new_prepared_data/tensors/20250516/HRJ/0923_B13_0511_125050615.npz
B13_0512_125050602,/home/ubuntu/sunlong/gcms_consistency_old/dataset/20250516/512#HYZBCS125050602.D,512#HYZBCS125050602.D,13,20250516,512.0,HYZ,云烟（紫）,B,125050602,BCS125050602,HYZ,HYZ,HYZ,HYZ,HYZ,False,/home/ubuntu/sunlong/gcms_consistency_old/new_prepared_data/tensors/20250516/HYZ/0924_B13_0512_125050602.npz
B13_0513_125050605,/home/ubuntu/sunlong/gcms_consistency_old/dataset/20250516/513#HYZBCS125050605.D,513#HYZBCS125050605.D,13,20250516,513.0,HYZ,云烟（紫）,B,125050605,BCS125050605,HYZ,HYZ,HYZ,HYZ,HYZ,False,/home/ubuntu/sunlong/gcms_consistency_old/new_prepared_data/tensors/20250516/HYZ/0925_B13_0513_125050605.npz
B13_0514_125050607,/home/ubuntu/sunlong/gcms_consistency_old/dataset/20250516/514#HYZBCS125050607.D,514#HYZBCS125050607.D,13,20250516,514.0,HYZ,云烟（紫）,B,125050607,BCS125050607,HYZ,HYZ,HYZ,HYZ,HYZ,False,/home/ubuntu/sunlong/gcms_consistency_old/new_prepared_data/tensors/20250516/HYZ/0926_B13_0514_125050607.npz
B13_0515_125050609,/home/ubuntu/sunlong/gcms_consistency_old/dataset/20250516/515#HYZBCS125050609.D,515#HYZBCS125050609.D,13,20250516,515.0,HYZ,云烟（紫）,B,125050609,BCS125050609,HYZ,HYZ,HYZ,HYZ,HYZ,False,/home/ubuntu/sunlong/gcms_consistency_old/new_prepared_data/tensors/20250516/HYZ/0927_B13_0515_125050609.npz
B13_0516_125050618,/home/ubuntu/sunlong/gcms_consistency_old/dataset/20250516/516#HYZBCS125050618.D,516#HYZBCS125050618.D,13,20250516,516.0,HYZ,云烟（紫）,B,125050618,BCS125050618,HYZ,HYZ,HYZ,HYZ,HYZ,False,/home/ubuntu/sunlong/gcms_consistency_old/new_prepared_data/tensors/20250516/HYZ/0928_B13_0516_125050618.npz
B13_0517_125050601,/home/ubuntu/sunlong/gcms_consistency_old/dataset/20250516/517#YJDACS125050601.D,517#YJDACS125050601.D,13,20250516,517.0,YJD,红塔山（硬经典）,A,125050601,ACS125050601,YJD,YJD,YJD,YJD,YJD,False,/home/ubuntu/sunlong/gcms_consistency_old/new_prepared_data/tensors/20250516/YJD/0929_B13_0517_125050601.npz
B13_0518_125050604,/home/ubuntu/sunlong/gcms_consistency_old/dataset/20250516/518#YJDACS125050604.D,518#YJDACS125050604.D,13,20250516,518.0,YJD,红塔山（硬经典）,A,125050604,ACS125050604,YJD,YJD,YJD,YJD,YJD,False,/home/ubuntu/sunlong/gcms_consistency_old/new_prepared_data/tensors/20250516/YJD/0930_B13_0518_125050604.npz
B13_0519_125050610,/home/ubuntu/sunlong/gcms_consistency_old/dataset/20250516/519#YJDACS125050610.D,519#YJDACS125050610.D,13,20250516,519.0,YJD,红塔山（硬经典）,A,125050610,ACS125050610,YJD,YJD,YJD,YJD,YJD,False,/home/ubuntu/sunlong/gcms_consistency_old/new_prepared_data/tensors/20250516/YJD/0931_B13_0519_125050610.npz
B13_0520_125050612,/home/ubuntu/sunlong/gcms_consistency_old/dataset/20250516/520#YJDACS125050612.D,520#YJDACS125050612.D,13,20250516,520.0,YJD,红塔山（硬经典）,A,125050612,ACS125050612,YJD,YJD,YJD,YJD,YJD,False,/home/ubuntu/sunlong/gcms_consistency_old/new_prepared_data/tensors/20250516/YJD/0932_B13_0520_125050612.npz
B13_0521_125050614,/home/ubuntu/sunlong/gcms_consistency_old/dataset/20250516/521#YJDACS125050614.D,521#YJDACS125050614.D,13,20250516,521.0,YJD,红塔山（硬经典）,A,125050614,ACS125050614,YJD,YJD,YJD,YJD,YJD,False,/home/ubuntu/sunlong/gcms_consistency_old/new_prepared_data/tensors/20250516/YJD/0933_B13_0521_125050614.npz
B13_0522_125050617,/home/ubuntu/sunlong/gcms_consistency_old/dataset/20250516/522#YJDACS125050617.D,522#YJDACS125050617.D,13,20250516,522.0,YJD,红塔山（硬经典）,A,125050617,ACS125050617,YJD,YJD,YJD,YJD,YJD,False,/home/ubuntu/sunlong/gcms_consistency_old/new_prepared_data/tensors/20250516/YJD/0934_B13_0522_125050617.npz
B13_0523_125050702,/home/ubuntu/sunlong/gcms_consistency_old/dataset/20250516/523#H88CCS125050702.D,523#H88CCS125050702.D,13,20250516,523.0,H88,红河（88）,C,125050702,CCS125050702,H88,H88,H88,H88,H88,False,/home/ubuntu/sunlong/gcms_consistency_old/new_prepared_data/tensors/20250516/H88/0935_B13_0523_125050702.npz
B13_0524_125050705,/home/ubuntu/sunlong/gcms_consistency_old/dataset/20250516/524#H88CCS125050705.D,524#H88CCS125050705.D,13,20250516,524.0,H88,红河（88）,C,125050705,CCS125050705,H88,H88,H88,H88,H88,False,/home/ubuntu/sunlong/gcms_consistency_old/new_prepared_data/tensors/20250516/H88/0936_B13_0524_125050705.npz
B13_0525_125050710,/home/ubuntu/sunlong/gcms_consistency_old/dataset/20250516/525#H88CCS125050710.D,525#H88CCS125050710.D,13,20250516,525.0,H88,红河（88）,C,125050710,CCS125050710,H88,H88,H88,H88,H88,False,/home/ubuntu/sunlong/gcms_consistency_old/new_prepared_data/tensors/20250516/H88/0937_B13_0525_125050710.npz
B13_0526_125050713,/home/ubuntu/sunlong/gcms_consistency_old/dataset/20250516/526#H88CCS125050713.D,526#H88CCS125050713.D,13,20250516,526.0,H88,红河（88）,C,125050713,CCS125050713,H88,H88,H88,H88,H88,False,/home/ubuntu/sunlong/gcms_consistency_old/new_prepared_data/tensors/20250516/H88/0938_B13_0526_125050713.npz
B13_0527_125050707,/home/ubuntu/sunlong/gcms_consistency_old/dataset/20250516/527#H99CCS125050707.D,527#H99CCS125050707.D,13,20250516,527.0,H99,红河（99）,C,125050707,CCS125050707,H99,H99,H99,H99,H99,False,/home/ubuntu/sunlong/gcms_consistency_old/new_prepared_data/tensors/20250516/H99/0939_B13_0527_125050707.npz
B13_0528_42505070101,/home/ubuntu/sunlong/gcms_consistency_old/dataset/20250516/528#HMDACS42505070101.D,528#HMDACS42505070101.D,13,20250516,528.0,HMD,牡丹（软）,A,42505070101,ACS42505070101,HMD,HMD,HMD,HMD,HMD,False,/home/ubuntu/sunlong/gcms_consistency_old/new_prepared_data/tensors/20250516/HMD/0940_B13_0528_42505070101.npz
B13_0529_42505070102,/home/ubuntu/sunlong/gcms_consistency_old/dataset/20250516/529#HMDACS42505070102.D,529#HMDACS42505070102.D,13,20250516,529.0,HMD,牡丹（软）,A,42505070102,ACS42505070102,HMD,HMD,HMD,HMD,HMD,False,/home/ubuntu/sunlong/gcms_consistency_old/new_prepared_data/tensors/20250516/HMD/0941_B13_0529_42505070102.npz
B13_0530_125050712,/home/ubuntu/sunlong/gcms_consistency_old/dataset/20250516/530#HRJBCS125050712.D,530#HRJBCS125050712.D,13,20250516,530.0,HRJ,红河（软甲）,B,125050712,BCS125050712,HRJ,HRJ,HRJ,HRJ,HRJ,False,/home/ubuntu/sunlong/gcms_consistency_old/new_prepared_data/tensors/20250516/HRJ/0942_B13_0530_125050712.npz
B13_0531_125050714,/home/ubuntu/sunlong/gcms_consistency_old/dataset/20250516/531#HRJBCS125050714.D,531#HRJBCS125050714.D,13,20250516,531.0,HRJ,红河（软甲）,B,125050714,BCS125050714,HRJ,HRJ,HRJ,HRJ,HRJ,False,/home/ubuntu/sunlong/gcms_consistency_old/new_prepared_data/tensors/20250516/HRJ/0943_B13_0531_125050714.npz
B13_0532_125050701,/home/ubuntu/sunlong/gcms_consistency_old/dataset/20250516/532#HYZBCS125050701.D,532#HYZBCS125050701.D,13,20250516,532.0,HYZ,云烟（紫）,B,125050701,BCS125050701,HYZ,HYZ,HYZ,HYZ,HYZ,False,/home/ubuntu/sunlong/gcms_consistency_old/new_prepared_data/tensors/20250516/HYZ/0944_B13_0532_125050701.npz
B13_0533_125050704,/home/ubuntu/sunlong/gcms_consistency_old/dataset/20250516/533#HYZBCS125050704.D,533#HYZBCS125050704.D,13,20250516,533.0,HYZ,云烟（紫）,B,125050704,BCS125050704,HYZ,HYZ,HYZ,HYZ,HYZ,False,/home/ubuntu/sunlong/gcms_consistency_old/new_prepared_data/tensors/20250516/HYZ/0945_B13_0533_125050704.npz
B13_0534_125050706,/home/ubuntu/sunlong/gcms_consistency_old/dataset/20250516/534#HYZBCS125050706.D,534#HYZBCS125050706.D,13,20250516,534.0,HYZ,云烟（紫）,B,125050706,BCS125050706,HYZ,HYZ,HYZ,HYZ,HYZ,False,/home/ubuntu/sunlong/gcms_consistency_old/new_prepared_data/tensors/20250516/HYZ/0946_B13_0534_125050706.npz
B13_0535_125050709,/home/ubuntu/sunlong/gcms_consistency_old/dataset/20250516/535#HYZBCS125050709.D,535#HYZBCS125050709.D,13,20250516,535.0,HYZ,云烟（紫）,B,125050709,BCS125050709,HYZ,HYZ,HYZ,HYZ,HYZ,False,/home/ubuntu/sunlong/gcms_consistency_old/new_prepared_data/tensors/20250516/HYZ/0947_B13_0535_125050709.npz
B13_0536_125050715,/home/ubuntu/sunlong/gcms_consistency_old/dataset/20250516/536#HYZBCS125050715.D,536#HYZBCS125050715.D,13,20250516,536.0,HYZ,云烟（紫）,B,125050715,BCS125050715,HYZ,HYZ,HYZ,HYZ,HYZ,False,/home/ubuntu/sunlong/gcms_consistency_old/new_prepared_data/tensors/20250516/HYZ/0948_B13_0536_125050715.npz
B13_0537_125050703,/home/ubuntu/sunlong/gcms_consistency_old/dataset/20250516/537#YJDACS125050703.D,537#YJDACS125050703.D,13,20250516,537.0,YJD,红塔山（硬经典）,A,125050703,ACS125050703,YJD,YJD,YJD,YJD,YJD,False,/home/ubuntu/sunlong/gcms_consistency_old/new_prepared_data/tensors/20250516/YJD/0949_B13_0537_125050703.npz
B13_0538_125050708,/home/ubuntu/sunlong/gcms_consistency_old/dataset/20250516/538#YJDACS125050708.D,538#YJDACS125050708.D,13,20250516,538.0,YJD,红塔山（硬经典）,A,125050708,ACS125050708,YJD,YJD,YJD,YJD,YJD,False,/home/ubuntu/sunlong/gcms_consistency_old/new_prepared_data/tensors/20250516/YJD/0950_B13_0538_125050708.npz
B13_0539_125050808,/home/ubuntu/sunlong/gcms_consistency_old/dataset/20250516/539#H88CCS125050808.D,539#H88CCS125050808.D,13,20250516,539.0,H88,红河（88）,C,125050808,CCS125050808,H88,H88,H88,H88,H88,False,/home/ubuntu/sunlong/gcms_consistency_old/new_prepared_data/tensors/20250516/H88/0951_B13_0539_125050808.npz
B13_0540_125050811,/home/ubuntu/sunlong/gcms_consistency_old/dataset/20250516/540#H88CCS125050811.D,540#H88CCS125050811.D,13,20250516,540.0,H88,红河（88）,C,125050811,CCS125050811,H88,H88,H88,H88,H88,False,/home/ubuntu/sunlong/gcms_consistency_old/new_prepared_data/tensors/20250516/H88/0952_B13_0540_125050811.npz
B13_0541_125050814,/home/ubuntu/sunlong/gcms_consistency_old/dataset/20250516/541#H88CCS125050814.D,541#H88CCS125050814.D,13,20250516,541.0,H88,红河（88）,C,125050814,CCS125050814,H88,H88,H88,H88,H88,False,/home/ubuntu/sunlong/gcms_consistency_old/new_prepared_data/tensors/20250516/H88/0953_B13_0541_125050814.npz
B13_0542_125050802,/home/ubuntu/sunlong/gcms_consistency_old/dataset/20250516/542#H99CCS125050802.D,542#H99CCS125050802.D,13,20250516,542.0,H99,红河（99）,C,125050802,CCS125050802,H99,H99,H99,H99,H99,False,/home/ubuntu/sunlong/gcms_consistency_old/new_prepared_data/tensors/20250516/H99/0954_B13_0542_125050802.npz
B13_0543_125050805,/home/ubuntu/sunlong/gcms_consistency_old/dataset/20250516/543#H99CCS125050805.D,543#H99CCS125050805.D,13,20250516,543.0,H99,红河（99）,C,125050805,CCS125050805,H99,H99,H99,H99,H99,False,/home/ubuntu/sunlong/gcms_consistency_old/new_prepared_data/tensors/20250516/H99/0955_B13_0543_125050805.npz
B13_0544_125050806,/home/ubuntu/sunlong/gcms_consistency_old/dataset/20250516/544#H99CCS125050806.D,544#H99CCS125050806.D,13,20250516,544.0,H99,红河（99）,C,125050806,CCS125050806,H99,H99,H99,H99,H99,False,/home/ubuntu/sunlong/gcms_consistency_old/new_prepared_data/tensors/20250516/H99/0956_B13_0544_125050806.npz
B13_0545_125050812,/home/ubuntu/sunlong/gcms_consistency_old/dataset/20250516/545#HRJBCS125050812.D,545#HRJBCS125050812.D,13,20250516,545.0,HRJ,红河（软甲）,B,125050812,BCS125050812,HRJ,HRJ,HRJ,HRJ,HRJ,False,/home/ubuntu/sunlong/gcms_consistency_old/new_prepared_data/tensors/20250516/HRJ/0957_B13_0545_125050812.npz
B13_0546_125050815,/home/ubuntu/sunlong/gcms_consistency_old/dataset/20250516/546#HRJBCS125050815.D,546#HRJBCS125050815.D,13,20250516,546.0,HRJ,红河（软甲）,B,125050815,BCS125050815,HRJ,HRJ,HRJ,HRJ,HRJ,False,/home/ubuntu/sunlong/gcms_consistency_old/new_prepared_data/tensors/20250516/HRJ/0958_B13_0546_125050815.npz
B13_0547_125050807,/home/ubuntu/sunlong/gcms_consistency_old/dataset/20250516/547#HRYBCS125050807.D,547#HRYBCS125050807.D,13,20250516,547.0,HRY,云烟（软如意）,B,125050807,BCS125050807,HRY,HRY,HRY,HRY,HRY,False,/home/ubuntu/sunlong/gcms_consistency_old/new_prepared_data/tensors/20250516/HRY/0959_B13_0547_125050807.npz
B13_0548_125050809,/home/ubuntu/sunlong/gcms_consistency_old/dataset/20250516/548#HRYBCS125050809.D,548#HRYBCS125050809.D,13,20250516,548.0,HRY,云烟（软如意）,B,125050809,BCS125050809,HRY,HRY,HRY,HRY,HRY,False,/home/ubuntu/sunlong/gcms_consistency_old/new_prepared_data/tensors/20250516/HRY/0960_B13_0548_125050809.npz
B13_0549_125050801,/home/ubuntu/sunlong/gcms_consistency_old/dataset/20250516/549#HYZBCS125050801.D,549#HYZBCS125050801.D,13,20250516,549.0,HYZ,云烟（紫）,B,125050801,BCS125050801,HYZ,HYZ,HYZ,HYZ,HYZ,False,/home/ubuntu/sunlong/gcms_consistency_old/new_prepared_data/tensors/20250516/HYZ/0961_B13_0549_125050801.npz
B13_0550_125050804,/home/ubuntu/sunlong/gcms_consistency_old/dataset/20250516/550#HYZBCS125050804.D,550#HYZBCS125050804.D,13,20250516,550.0,HYZ,云烟（紫）,B,125050804,BCS125050804,HYZ,HYZ,HYZ,HYZ,HYZ,False,/home/ubuntu/sunlong/gcms_consistency_old/new_prepared_data/tensors/20250516/HYZ/0962_B13_0550_125050804.npz
B13_0551_125050816,/home/ubuntu/sunlong/gcms_consistency_old/dataset/20250516/551#HYZBCS125050816.D,551#HYZBCS125050816.D,13,20250516,551.0,HYZ,云烟（紫）,B,125050816,BCS125050816,HYZ,HYZ,HYZ,HYZ,HYZ,False,/home/ubuntu/sunlong/gcms_consistency_old/new_prepared_data/tensors/20250516/HYZ/0963_B13_0551_125050816.npz
B13_0552_125050803,/home/ubuntu/sunlong/gcms_consistency_old/dataset/20250516/552#YJDACS125050803.D,552#YJDACS125050803.D,13,20250516,552.0,YJD,红塔山（硬经典）,A,125050803,ACS125050803,YJD,YJD,YJD,YJD,YJD,False,/home/ubuntu/sunlong/gcms_consistency_old/new_prepared_data/tensors/20250516/YJD/0964_B13_0552_125050803.npz
B13_0553_125050810,/home/ubuntu/sunlong/gcms_consistency_old/dataset/20250516/553#YJDACS125050810.D,553#YJDACS125050810.D,13,20250516,553.0,YJD,红塔山（硬经典）,A,125050810,ACS125050810,YJD,YJD,YJD,YJD,YJD,False,/home/ubuntu/sunlong/gcms_consistency_old/new_prepared_data/tensors/20250516/YJD/0965_B13_0553_125050810.npz
B13_0554_125050813,/home/ubuntu/sunlong/gcms_consistency_old/dataset/20250516/554#YJDACS125050813.D,554#YJDACS125050813.D,13,20250516,554.0,YJD,红塔山（硬经典）,A,125050813,ACS125050813,YJD,YJD,YJD,YJD,YJD,False,/home/ubuntu/sunlong/gcms_consistency_old/new_prepared_data/tensors/20250516/YJD/0966_B13_0554_125050813.npz
B13_0555_125050817,/home/ubuntu/sunlong/gcms_consistency_old/dataset/20250516/555#YJDACS125050817.D,555#YJDACS125050817.D,13,20250516,555.0,YJD,红塔山（硬经典）,A,125050817,ACS125050817,YJD,YJD,YJD,YJD,YJD,False,/home/ubuntu/sunlong/gcms_consistency_old/new_prepared_data/tensors/20250516/YJD/0967_B13_0555_125050817.npz
B13_0556_125050905,/home/ubuntu/sunlong/gcms_consistency_old/dataset/20250516/556#H88CCS125050905.D,556#H88CCS125050905.D,13,20250516,556.0,H88,红河（88）,C,125050905,CCS125050905,H88,H88,H88,H88,H88,False,/home/ubuntu/sunlong/gcms_consistency_old/new_prepared_data/tensors/20250516/H88/0968_B13_0556_125050905.npz
B13_0557_125050907,/home/ubuntu/sunlong/gcms_consistency_old/dataset/20250516/557#H88CCS125050907.D,557#H88CCS125050907.D,13,20250516,557.0,H88,红河（88）,C,125050907,CCS125050907,H88,H88,H88,H88,H88,False,/home/ubuntu/sunlong/gcms_consistency_old/new_prepared_data/tensors/20250516/H88/0969_B13_0557_125050907.npz
B13_0558_125050910,/home/ubuntu/sunlong/gcms_consistency_old/dataset/20250516/558#H88CCS125050910.D,558#H88CCS125050910.D,13,20250516,558.0,H88,红河（88）,C,125050910,CCS125050910,H88,H88,H88,H88,H88,False,/home/ubuntu/sunlong/gcms_consistency_old/new_prepared_data/tensors/20250516/H88/0970_B13_0558_125050910.npz
B13_0559_125050902,/home/ubuntu/sunlong/gcms_consistency_old/dataset/20250516/559#H99CCS125050902.D,559#H99CCS125050902.D,13,20250516,559.0,H99,红河（99）,C,125050902,CCS125050902,H99,H99,H99,H99,H99,False,/home/ubuntu/sunlong/gcms_consistency_old/new_prepared_data/tensors/20250516/H99/0971_B13_0559_125050902.npz
B13_0560_125050913,/home/ubuntu/sunlong/gcms_consistency_old/dataset/20250516/560#H99CCS125050913.D,560#H99CCS125050913.D,13,20250516,560.0,H99,红河（99）,C,125050913,CCS125050913,H99,H99,H99,H99,H99,False,/home/ubuntu/sunlong/gcms_consistency_old/new_prepared_data/tensors/20250516/H99/0972_B13_0560_125050913.npz
B13_0561_125050918,/home/ubuntu/sunlong/gcms_consistency_old/dataset/20250516/561#H99CCS125050918.D,561#H99CCS125050918.D,13,20250516,561.0,H99,红河（99）,C,125050918,CCS125050918,H99,H99,H99,H99,H99,False,/home/ubuntu/sunlong/gcms_consistency_old/new_prepared_data/tensors/20250516/H99/0973_B13_0561_125050918.npz
B13_0562_125050908,/home/ubuntu/sunlong/gcms_consistency_old/dataset/20250516/562#HRJBCS125050908.D,562#HRJBCS125050908.D,13,20250516,562.0,HRJ,红河（软甲）,B,125050908,BCS125050908,HRJ,HRJ,HRJ,HRJ,HRJ,False,/home/ubuntu/sunlong/gcms_consistency_old/new_prepared_data/tensors/20250516/HRJ/0974_B13_0562_125050908.npz
B13_0563_125050911,/home/ubuntu/sunlong/gcms_consistency_old/dataset/20250516/563#HRJBCS125050911.D,563#HRJBCS125050911.D,13,20250516,563.0,HRJ,红河（软甲）,B,125050911,BCS125050911,HRJ,HRJ,HRJ,HRJ,HRJ,False,/home/ubuntu/sunlong/gcms_consistency_old/new_prepared_data/tensors/20250516/HRJ/0975_B13_0563_125050911.npz
B13_0564_125050914,/home/ubuntu/sunlong/gcms_consistency_old/dataset/20250516/564#HRYBCS125050914.D,564#HRYBCS125050914.D,13,20250516,564.0,HRY,云烟（软如意）,B,125050914,BCS125050914,HRY,HRY,HRY,HRY,HRY,False,/home/ubuntu/sunlong/gcms_consistency_old/new_prepared_data/tensors/20250516/HRY/0976_B13_0564_125050914.npz
B13_0565_125050901,/home/ubuntu/sunlong/gcms_consistency_old/dataset/20250516/565#HYZBCS125050901.D,565#HYZBCS125050901.D,13,20250516,565.0,HYZ,云烟（紫）,B,125050901,BCS125050901,HYZ,HYZ,HYZ,HYZ,HYZ,False,/home/ubuntu/sunlong/gcms_consistency_old/new_prepared_data/tensors/20250516/HYZ/0977_B13_0565_125050901.npz
B13_0566_125050904,/home/ubuntu/sunlong/gcms_consistency_old/dataset/20250516/566#HYZBCS125050904.D,566#HYZBCS125050904.D,13,20250516,566.0,HYZ,云烟（紫）,B,125050904,BCS125050904,HYZ,HYZ,HYZ,HYZ,HYZ,False,/home/ubuntu/sunlong/gcms_consistency_old/new_prepared_data/tensors/20250516/HYZ/0978_B13_0566_125050904.npz
B13_0567_125050916,/home/ubuntu/sunlong/gcms_consistency_old/dataset/20250516/567#HYZBCS125050916.D,567#HYZBCS125050916.D,13,20250516,567.0,HYZ,云烟（紫）,B,125050916,BCS125050916,HYZ,HYZ,HYZ,HYZ,HYZ,False,/home/ubuntu/sunlong/gcms_consistency_old/new_prepared_data/tensors/20250516/HYZ/0979_B13_0567_125050916.npz
B13_0568_125050917,/home/ubuntu/sunlong/gcms_consistency_old/dataset/20250516/568#HYZBCS125050917.D,568#HYZBCS125050917.D,13,20250516,568.0,HYZ,云烟（紫）,B,125050917,BCS125050917,HYZ,HYZ,HYZ,HYZ,HYZ,False,/home/ubuntu/sunlong/gcms_consistency_old/new_prepared_data/tensors/20250516/HYZ/0980_B13_0568_125050917.npz
B13_0569_125050903,/home/ubuntu/sunlong/gcms_consistency_old/dataset/20250516/569#YJDACS125050903.D,569#YJDACS125050903.D,13,20250516,569.0,YJD,红塔山（硬经典）,A,125050903,ACS125050903,YJD,YJD,YJD,YJD,YJD,False,/home/ubuntu/sunlong/gcms_consistency_old/new_prepared_data/tensors/20250516/YJD/0981_B13_0569_125050903.npz
B13_0570_125050906,/home/ubuntu/sunlong/gcms_consistency_old/dataset/20250516/570#YJDACS125050906.D,570#YJDACS125050906.D,13,20250516,570.0,YJD,红塔山（硬经典）,A,125050906,ACS125050906,YJD,YJD,YJD,YJD,YJD,False,/home/ubuntu/sunlong/gcms_consistency_old/new_prepared_data/tensors/20250516/YJD/0982_B13_0570_125050906.npz
B13_0571_125050909,/home/ubuntu/sunlong/gcms_consistency_old/dataset/20250516/571#YJDACS125050909.D,571#YJDACS125050909.D,13,20250516,571.0,YJD,红塔山（硬经典）,A,125050909,ACS125050909,YJD,YJD,YJD,YJD,YJD,False,/home/ubuntu/sunlong/gcms_consistency_old/new_prepared_data/tensors/20250516/YJD/0983_B13_0571_125050909.npz
B13_0572_125050912,/home/ubuntu/sunlong/gcms_consistency_old/dataset/20250516/572#YJDACS125050912.D,572#YJDACS125050912.D,13,20250516,572.0,YJD,红塔山（硬经典）,A,125050912,ACS125050912,YJD,YJD,YJD,YJD,YJD,False,/home/ubuntu/sunlong/gcms_consistency_old/new_prepared_data/tensors/20250516/YJD/0984_B13_0572_125050912.npz
B13_0000_BLANK,/home/ubuntu/sunlong/gcms_consistency_old/dataset/20250516/BLANK.D,BLANK.D,13,20250516,,BLANK,空白样,,,BLANK,BLANK,BLANK,BLANK,BLANK,BLANK,True,/home/ubuntu/sunlong/gcms_consistency_old/new_prepared_data/tensors/20250516/BLANK/0985_B13_0000_BLANK.npz
B14_0573_125050915,/home/ubuntu/sunlong/gcms_consistency_old/dataset/20250519/573#YJDACS125050915.D,573#YJDACS125050915.D,14,20250519,573.0,YJD,红塔山（硬经典）,A,125050915,ACS125050915,YJD,YJD,YJD,YJD,YJD,False,/home/ubuntu/sunlong/gcms_consistency_old/new_prepared_data/tensors/20250519/YJD/0986_B14_0573_125050915.npz
B14_0574_125051203,/home/ubuntu/sunlong/gcms_consistency_old/dataset/20250519/574#H88CCS125051203.D,574#H88CCS125051203.D,14,20250519,574.0,H88,红河（88）,C,125051203,CCS125051203,H88,H88,H88,H88,H88,False,/home/ubuntu/sunlong/gcms_consistency_old/new_prepared_data/tensors/20250519/H88/0987_B14_0574_125051203.npz
B14_0575_125051206,/home/ubuntu/sunlong/gcms_consistency_old/dataset/20250519/575#H88CCS125051206.D,575#H88CCS125051206.D,14,20250519,575.0,H88,红河（88）,C,125051206,CCS125051206,H88,H88,H88,H88,H88,False,/home/ubuntu/sunlong/gcms_consistency_old/new_prepared_data/tensors/20250519/H88/0988_B14_0575_125051206.npz
B14_0576_125051207,/home/ubuntu/sunlong/gcms_consistency_old/dataset/20250519/576#H88CCS125051207.D,576#H88CCS125051207.D,14,20250519,576.0,H88,红河（88）,C,125051207,CCS125051207,H88,H88,H88,H88,H88,False,/home/ubuntu/sunlong/gcms_consistency_old/new_prepared_data/tensors/20250519/H88/0989_B14_0576_125051207.npz
B14_0577_125051211,/home/ubuntu/sunlong/gcms_consistency_old/dataset/20250519/577#H88CCS125051211.D,577#H88CCS125051211.D,14,20250519,577.0,H88,红河（88）,C,125051211,CCS125051211,H88,H88,H88,H88,H88,False,/home/ubuntu/sunlong/gcms_consistency_old/new_prepared_data/tensors/20250519/H88/0990_B14_0577_125051211.npz
B14_0578_125051213,/home/ubuntu/sunlong/gcms_consistency_old/dataset/20250519/578#H99CCS125051213.D,578#H99CCS125051213.D,14,20250519,578.0,H99,红河（99）,C,125051213,CCS125051213,H99,H99,H99,H99,H99,False,/home/ubuntu/sunlong/gcms_consistency_old/new_prepared_data/tensors/20250519/H99/0991_B14_0578_125051213.npz
B14_0579_125051210,/home/ubuntu/sunlong/gcms_consistency_old/dataset/20250519/579#HRJACS125051210.D,579#HRJACS125051210.D,14,20250519,579.0,HRJ,红河（软甲）,A,125051210,ACS125051210,HRJ,HRJ,HRJ,HRJ,HRJ,False,/home/ubuntu/sunlong/gcms_consistency_old/new_prepared_data/tensors/20250519/HRJ/0992_B14_0579_125051210.npz
B14_0580_125051214,/home/ubuntu/sunlong/gcms_consistency_old/dataset/20250519/580#HRJACS125051214.D,580#HRJACS125051214.D,14,20250519,580.0,HRJ,红河（软甲）,A,125051214,ACS125051214,HRJ,HRJ,HRJ,HRJ,HRJ,False,/home/ubuntu/sunlong/gcms_consistency_old/new_prepared_data/tensors/20250519/HRJ/0993_B14_0580_125051214.npz
B14_0581_125051208,/home/ubuntu/sunlong/gcms_consistency_old/dataset/20250519/581#HRYBCS125051208.D,581#HRYBCS125051208.D,14,20250519,581.0,HRY,云烟（软如意）,B,125051208,BCS125051208,HRY,HRY,HRY,HRY,HRY,False,/home/ubuntu/sunlong/gcms_consistency_old/new_prepared_data/tensors/20250519/HRY/0994_B14_0581_125051208.npz
B14_0582_125051202,/home/ubuntu/sunlong/gcms_consistency_old/dataset/20250519/582#HYZBCS125051202.D,582#HYZBCS125051202.D,14,20250519,582.0,HYZ,云烟（紫）,B,125051202,BCS125051202,HYZ,HYZ,HYZ,HYZ,HYZ,False,/home/ubuntu/sunlong/gcms_consistency_old/new_prepared_data/tensors/20250519/HYZ/0995_B14_0582_125051202.npz
B14_0583_125051205,/home/ubuntu/sunlong/gcms_consistency_old/dataset/20250519/583#HYZBCS125051205.D,583#HYZBCS125051205.D,14,20250519,583.0,HYZ,云烟（紫）,B,125051205,BCS125051205,HYZ,HYZ,HYZ,HYZ,HYZ,False,/home/ubuntu/sunlong/gcms_consistency_old/new_prepared_data/tensors/20250519/HYZ/0996_B14_0583_125051205.npz
B14_0584_125051209,/home/ubuntu/sunlong/gcms_consistency_old/dataset/20250519/584#HYZBCS125051209.D,584#HYZBCS125051209.D,14,20250519,584.0,HYZ,云烟（紫）,B,125051209,BCS125051209,HYZ,HYZ,HYZ,HYZ,HYZ,False,/home/ubuntu/sunlong/gcms_consistency_old/new_prepared_data/tensors/20250519/HYZ/0997_B14_0584_125051209.npz
B14_0585_125051212,/home/ubuntu/sunlong/gcms_consistency_old/dataset/20250519/585#HYZBCS125051212.D,585#HYZBCS125051212.D,14,20250519,585.0,HYZ,云烟（紫）,B,125051212,BCS125051212,HYZ,HYZ,HYZ,HYZ,HYZ,False,/home/ubuntu/sunlong/gcms_consistency_old/new_prepared_data/tensors/20250519/HYZ/0998_B14_0585_125051212.npz
B14_0586_125051215,/home/ubuntu/sunlong/gcms_consistency_old/dataset/20250519/586#HYZBCS125051215.D,586#HYZBCS125051215.D,14,20250519,586.0,HYZ,云烟（紫）,B,125051215,BCS125051215,HYZ,HYZ,HYZ,HYZ,HYZ,False,/home/ubuntu/sunlong/gcms_consistency_old/new_prepared_data/tensors/20250519/HYZ/0999_B14_0586_125051215.npz
B14_0587_125051201,/home/ubuntu/sunlong/gcms_consistency_old/dataset/20250519/587#YJDACS125051201.D,587#YJDACS125051201.D,14,20250519,587.0,YJD,红塔山（硬经典）,A,125051201,ACS125051201,YJD,YJD,YJD,YJD,YJD,False,/home/ubuntu/sunlong/gcms_consistency_old/new_prepared_data/tensors/20250519/YJD/1000_B14_0587_125051201.npz
B14_0588_125051204,/home/ubuntu/sunlong/gcms_consistency_old/dataset/20250519/588#YJDACS125051204.D,588#YJDACS125051204.D,14,20250519,588.0,YJD,红塔山（硬经典）,A,125051204,ACS125051204,YJD,YJD,YJD,YJD,YJD,False,/home/ubuntu/sunlong/gcms_consistency_old/new_prepared_data/tensors/20250519/YJD/1001_B14_0588_125051204.npz
B14_0589_125051305,/home/ubuntu/sunlong/gcms_consistency_old/dataset/20250519/589#H88CCS125051305.D,589#H88CCS125051305.D,14,20250519,589.0,H88,红河（88）,C,125051305,CCS125051305,H88,H88,H88,H88,H88,False,/home/ubuntu/sunlong/gcms_consistency_old/new_prepared_data/tensors/20250519/H88/1002_B14_0589_125051305.npz
B14_0590_125051308,/home/ubuntu/sunlong/gcms_consistency_old/dataset/20250519/590#H88CCS125051308.D,590#H88CCS125051308.D,14,20250519,590.0,H88,红河（88）,C,125051308,CCS125051308,H88,H88,H88,H88,H88,False,/home/ubuntu/sunlong/gcms_consistency_old/new_prepared_data/tensors/20250519/H88/1003_B14_0590_125051308.npz
B14_0591_125051310,/home/ubuntu/sunlong/gcms_consistency_old/dataset/20250519/591#H88CCS125051310.D,591#H88CCS125051310.D,14,20250519,591.0,H88,红河（88）,C,125051310,CCS125051310,H88,H88,H88,H88,H88,False,/home/ubuntu/sunlong/gcms_consistency_old/new_prepared_data/tensors/20250519/H88/1004_B14_0591_125051310.npz
B14_0592_125051302,/home/ubuntu/sunlong/gcms_consistency_old/dataset/20250519/592#H99CCS125051302.D,592#H99CCS125051302.D,14,20250519,592.0,H99,红河（99）,C,125051302,CCS125051302,H99,H99,H99,H99,H99,False,/home/ubuntu/sunlong/gcms_consistency_old/new_prepared_data/tensors/20250519/H99/1005_B14_0592_125051302.npz
B14_0593_125051313,/home/ubuntu/sunlong/gcms_consistency_old/dataset/20250519/593#H99CCS125051313.D,593#H99CCS125051313.D,14,20250519,593.0,H99,红河（99）,C,125051313,CCS125051313,H99,H99,H99,H99,H99,False,/home/ubuntu/sunlong/gcms_consistency_old/new_prepared_data/tensors/20250519/H99/1006_B14_0593_125051313.npz
B14_0594_125051314,/home/ubuntu/sunlong/gcms_consistency_old/dataset/20250519/594#HRJBCS125051314.D,594#HRJBCS125051314.D,14,20250519,594.0,HRJ,红河（软甲）,B,125051314,BCS125051314,HRJ,HRJ,HRJ,HRJ,HRJ,False,/home/ubuntu/sunlong/gcms_consistency_old/new_prepared_data/tensors/20250519/HRJ/1007_B14_0594_125051314.npz
B14_0595_125051301,/home/ubuntu/sunlong/gcms_consistency_old/dataset/20250519/595#HYZBCS125051301.D,595#HYZBCS125051301.D,14,20250519,595.0,HYZ,云烟（紫）,B,125051301,BCS125051301,HYZ,HYZ,HYZ,HYZ,HYZ,False,/home/ubuntu/sunlong/gcms_consistency_old/new_prepared_data/tensors/20250519/HYZ/1008_B14_0595_125051301.npz
B14_0596_125051304,/home/ubuntu/sunlong/gcms_consistency_old/dataset/20250519/596#HYZBCS125051304.D,596#HYZBCS125051304.D,14,20250519,596.0,HYZ,云烟（紫）,B,125051304,BCS125051304,HYZ,HYZ,HYZ,HYZ,HYZ,False,/home/ubuntu/sunlong/gcms_consistency_old/new_prepared_data/tensors/20250519/HYZ/1009_B14_0596_125051304.npz
B14_0597_125051306,/home/ubuntu/sunlong/gcms_consistency_old/dataset/20250519/597#HYZBCS125051306.D,597#HYZBCS125051306.D,14,20250519,597.0,HYZ,云烟（紫）,B,125051306,BCS125051306,HYZ,HYZ,HYZ,HYZ,HYZ,False,/home/ubuntu/sunlong/gcms_consistency_old/new_prepared_data/tensors/20250519/HYZ/1010_B14_0597_125051306.npz
B14_0598_125051309,/home/ubuntu/sunlong/gcms_consistency_old/dataset/20250519/598#HYZBCS125051309.D,598#HYZBCS125051309.D,14,20250519,598.0,HYZ,云烟（紫）,B,125051309,BCS125051309,HYZ,HYZ,HYZ,HYZ,HYZ,False,/home/ubuntu/sunlong/gcms_consistency_old/new_prepared_data/tensors/20250519/HYZ/1011_B14_0598_125051309.npz
B14_0599_125051311,/home/ubuntu/sunlong/gcms_consistency_old/dataset/20250519/599#HYZBCS125051311.D,599#HYZBCS125051311.D,14,20250519,599.0,HYZ,云烟（紫）,B,125051311,BCS125051311,HYZ,HYZ,HYZ,HYZ,HYZ,False,/home/ubuntu/sunlong/gcms_consistency_old/new_prepared_data/tensors/20250519/HYZ/1012_B14_0599_125051311.npz
B14_0600_125051303,/home/ubuntu/sunlong/gcms_consistency_old/dataset/20250519/600#YJDACS125051303.D,600#YJDACS125051303.D,14,20250519,600.0,YJD,红塔山（硬经典）,A,125051303,ACS125051303,YJD,YJD,YJD,YJD,YJD,False,/home/ubuntu/sunlong/gcms_consistency_old/new_prepared_data/tensors/20250519/YJD/1013_B14_0600_125051303.npz
B14_0601_125051307,/home/ubuntu/sunlong/gcms_consistency_old/dataset/20250519/601#YJDACS125051307.D,601#YJDACS125051307.D,14,20250519,601.0,YJD,红塔山（硬经典）,A,125051307,ACS125051307,YJD,YJD,YJD,YJD,YJD,False,/home/ubuntu/sunlong/gcms_consistency_old/new_prepared_data/tensors/20250519/YJD/1014_B14_0601_125051307.npz
B14_0602_A25051312,/home/ubuntu/sunlong/gcms_consistency_old/dataset/20250519/602#YJDACSA25051312.D,602#YJDACSA25051312.D,14,20250519,602.0,YJD,红塔山（硬经典）,A,A25051312,ACSA25051312,YJD,YJD,YJD,YJD,YJD,False,/home/ubuntu/sunlong/gcms_consistency_old/new_prepared_data/tensors/20250519/YJD/1015_B14_0602_A25051312.npz
B14_0603_125051403,/home/ubuntu/sunlong/gcms_consistency_old/dataset/20250519/603#H88CCS125051403.D,603#H88CCS125051403.D,14,20250519,603.0,H88,红河（88）,C,125051403,CCS125051403,H88,H88,H88,H88,H88,False,/home/ubuntu/sunlong/gcms_consistency_old/new_prepared_data/tensors/20250519/H88/1016_B14_0603_125051403.npz
B14_0604_125051406,/home/ubuntu/sunlong/gcms_consistency_old/dataset/20250519/604#H88CCS125051406.D,604#H88CCS125051406.D,14,20250519,604.0,H88,红河（88）,C,125051406,CCS125051406,H88,H88,H88,H88,H88,False,/home/ubuntu/sunlong/gcms_consistency_old/new_prepared_data/tensors/20250519/H88/1017_B14_0604_125051406.npz
B14_0605_125051409,/home/ubuntu/sunlong/gcms_consistency_old/dataset/20250519/605#H88CCS125051409.D,605#H88CCS125051409.D,14,20250519,605.0,H88,红河（88）,C,125051409,CCS125051409,H88,H88,H88,H88,H88,False,/home/ubuntu/sunlong/gcms_consistency_old/new_prepared_data/tensors/20250519/H88/1018_B14_0605_125051409.npz
B14_0606_125051412,/home/ubuntu/sunlong/gcms_consistency_old/dataset/20250519/606#H88CCS125051412.D,606#H88CCS125051412.D,14,20250519,606.0,H88,红河（88）,C,125051412,CCS125051412,H88,H88,H88,H88,H88,False,/home/ubuntu/sunlong/gcms_consistency_old/new_prepared_data/tensors/20250519/H88/1019_B14_0606_125051412.npz
B14_0607_125051415,/home/ubuntu/sunlong/gcms_consistency_old/dataset/20250519/607#H88CCS125051415.D,607#H88CCS125051415.D,14,20250519,607.0,H88,红河（88）,C,125051415,CCS125051415,H88,H88,H88,H88,H88,False,/home/ubuntu/sunlong/gcms_consistency_old/new_prepared_data/tensors/20250519/H88/1020_B14_0607_125051415.npz
B14_0608_125051416,/home/ubuntu/sunlong/gcms_consistency_old/dataset/20250519/608#HRJBCS125051416.D,608#HRJBCS125051416.D,14,20250519,608.0,HRJ,红河（软甲）,B,125051416,BCS125051416,HRJ,HRJ,HRJ,HRJ,HRJ,False,/home/ubuntu/sunlong/gcms_consistency_old/new_prepared_data/tensors/20250519/HRJ/1021_B14_0608_125051416.npz
B14_0609_125051414,/home/ubuntu/sunlong/gcms_consistency_old/dataset/20250519/609#HRYBCS125051414.D,609#HRYBCS125051414.D,14,20250519,609.0,HRY,云烟（软如意）,B,125051414,BCS125051414,HRY,HRY,HRY,HRY,HRY,False,/home/ubuntu/sunlong/gcms_consistency_old/new_prepared_data/tensors/20250519/HRY/1022_B14_0609_125051414.npz
B14_0610_125051402,/home/ubuntu/sunlong/gcms_consistency_old/dataset/20250519/610#HYZBCS125051402.D,610#HYZBCS125051402.D,14,20250519,610.0,HYZ,云烟（紫）,B,125051402,BCS125051402,HYZ,HYZ,HYZ,HYZ,HYZ,False,/home/ubuntu/sunlong/gcms_consistency_old/new_prepared_data/tensors/20250519/HYZ/1023_B14_0610_125051402.npz
B14_0611_125051405,/home/ubuntu/sunlong/gcms_consistency_old/dataset/20250519/611#HYZBCS125051405.D,611#HYZBCS125051405.D,14,20250519,611.0,HYZ,云烟（紫）,B,125051405,BCS125051405,HYZ,HYZ,HYZ,HYZ,HYZ,False,/home/ubuntu/sunlong/gcms_consistency_old/new_prepared_data/tensors/20250519/HYZ/1024_B14_0611_125051405.npz
B14_0612_125051408,/home/ubuntu/sunlong/gcms_consistency_old/dataset/20250519/612#HYZBCS125051408.D,612#HYZBCS125051408.D,14,20250519,612.0,HYZ,云烟（紫）,B,125051408,BCS125051408,HYZ,HYZ,HYZ,HYZ,HYZ,False,/home/ubuntu/sunlong/gcms_consistency_old/new_prepared_data/tensors/20250519/HYZ/1025_B14_0612_125051408.npz
B14_0613_125051411,/home/ubuntu/sunlong/gcms_consistency_old/dataset/20250519/613#HYZBCS125051411.D,613#HYZBCS125051411.D,14,20250519,613.0,HYZ,云烟（紫）,B,125051411,BCS125051411,HYZ,HYZ,HYZ,HYZ,HYZ,False,/home/ubuntu/sunlong/gcms_consistency_old/new_prepared_data/tensors/20250519/HYZ/1026_B14_0613_125051411.npz
B14_0614_125051401,/home/ubuntu/sunlong/gcms_consistency_old/dataset/20250519/614#YJDACS125051401.D,614#YJDACS125051401.D,14,20250519,614.0,YJD,红塔山（硬经典）,A,125051401,ACS125051401,YJD,YJD,YJD,YJD,YJD,False,/home/ubuntu/sunlong/gcms_consistency_old/new_prepared_data/tensors/20250519/YJD/1027_B14_0614_125051401.npz
B14_0615_125051404,/home/ubuntu/sunlong/gcms_consistency_old/dataset/20250519/615#YJDACS125051404.D,615#YJDACS125051404.D,14,20250519,615.0,YJD,红塔山（硬经典）,A,125051404,ACS125051404,YJD,YJD,YJD,YJD,YJD,False,/home/ubuntu/sunlong/gcms_consistency_old/new_prepared_data/tensors/20250519/YJD/1028_B14_0615_125051404.npz
B14_0616_125051407,/home/ubuntu/sunlong/gcms_consistency_old/dataset/20250519/616#YJDACS125051407.D,616#YJDACS125051407.D,14,20250519,616.0,YJD,红塔山（硬经典）,A,125051407,ACS125051407,YJD,YJD,YJD,YJD,YJD,False,/home/ubuntu/sunlong/gcms_consistency_old/new_prepared_data/tensors/20250519/YJD/1029_B14_0616_125051407.npz
B14_0617_125051410,/home/ubuntu/sunlong/gcms_consistency_old/dataset/20250519/617#YJDACS125051410.D,617#YJDACS125051410.D,14,20250519,617.0,YJD,红塔山（硬经典）,A,125051410,ACS125051410,YJD,YJD,YJD,YJD,YJD,False,/home/ubuntu/sunlong/gcms_consistency_old/new_prepared_data/tensors/20250519/YJD/1030_B14_0617_125051410.npz
B14_0618_125051413,/home/ubuntu/sunlong/gcms_consistency_old/dataset/20250519/618#YJDACS125051413.D,618#YJDACS125051413.D,14,20250519,618.0,YJD,红塔山（硬经典）,A,125051413,ACS125051413,YJD,YJD,YJD,YJD,YJD,False,/home/ubuntu/sunlong/gcms_consistency_old/new_prepared_data/tensors/20250519/YJD/1031_B14_0618_125051413.npz
B14_0619_125051503,/home/ubuntu/sunlong/gcms_consistency_old/dataset/20250519/619#H88CCS125051503.D,619#H88CCS125051503.D,14,20250519,619.0,H88,红河（88）,C,125051503,CCS125051503,H88,H88,H88,H88,H88,False,/home/ubuntu/sunlong/gcms_consistency_old/new_prepared_data/tensors/20250519/H88/1032_B14_0619_125051503.npz
B14_0620_125051508,/home/ubuntu/sunlong/gcms_consistency_old/dataset/20250519/620#H88CCS125051508.D,620#H88CCS125051508.D,14,20250519,620.0,H88,红河（88）,C,125051508,CCS125051508,H88,H88,H88,H88,H88,False,/home/ubuntu/sunlong/gcms_consistency_old/new_prepared_data/tensors/20250519/H88/1033_B14_0620_125051508.npz
B14_0621_125051511,/home/ubuntu/sunlong/gcms_consistency_old/dataset/20250519/621#H88CCS125051511.D,621#H88CCS125051511.D,14,20250519,621.0,H88,红河（88）,C,125051511,CCS125051511,H88,H88,H88,H88,H88,False,/home/ubuntu/sunlong/gcms_consistency_old/new_prepared_data/tensors/20250519/H88/1034_B14_0621_125051511.npz
B14_0622_125051514,/home/ubuntu/sunlong/gcms_consistency_old/dataset/20250519/622#H88CCS125051514.D,622#H88CCS125051514.D,14,20250519,622.0,H88,红河（88）,C,125051514,CCS125051514,H88,H88,H88,H88,H88,False,/home/ubuntu/sunlong/gcms_consistency_old/new_prepared_data/tensors/20250519/H88/1035_B14_0622_125051514.npz
B14_0623_125051506,/home/ubuntu/sunlong/gcms_consistency_old/dataset/20250519/623#H99CCS125051506.D,623#H99CCS125051506.D,14,20250519,623.0,H99,红河（99）,C,125051506,CCS125051506,H99,H99,H99,H99,H99,False,/home/ubuntu/sunlong/gcms_consistency_old/new_prepared_data/tensors/20250519/H99/1036_B14_0623_125051506.npz
B14_0624_125051502,/home/ubuntu/sunlong/gcms_consistency_old/dataset/20250519/624#HYZBCS125051502.D,624#HYZBCS125051502.D,14,20250519,624.0,HYZ,云烟（紫）,B,125051502,BCS125051502,HYZ,HYZ,HYZ,HYZ,HYZ,False,/home/ubuntu/sunlong/gcms_consistency_old/new_prepared_data/tensors/20250519/HYZ/1037_B14_0624_125051502.npz
B14_0625_125051505,/home/ubuntu/sunlong/gcms_consistency_old/dataset/20250519/625#HYZBCS125051505.D,625#HYZBCS125051505.D,14,20250519,625.0,HYZ,云烟（紫）,B,125051505,BCS125051505,HYZ,HYZ,HYZ,HYZ,HYZ,False,/home/ubuntu/sunlong/gcms_consistency_old/new_prepared_data/tensors/20250519/HYZ/1038_B14_0625_125051505.npz
B14_0626_125051507,/home/ubuntu/sunlong/gcms_consistency_old/dataset/20250519/626#HYZBCS125051507.D,626#HYZBCS125051507.D,14,20250519,626.0,HYZ,云烟（紫）,B,125051507,BCS125051507,HYZ,HYZ,HYZ,HYZ,HYZ,False,/home/ubuntu/sunlong/gcms_consistency_old/new_prepared_data/tensors/20250519/HYZ/1039_B14_0626_125051507.npz
B14_0627_125051509,/home/ubuntu/sunlong/gcms_consistency_old/dataset/20250519/627#HYZBCS125051509.D,627#HYZBCS125051509.D,14,20250519,627.0,HYZ,云烟（紫）,B,125051509,BCS125051509,HYZ,HYZ,HYZ,HYZ,HYZ,False,/home/ubuntu/sunlong/gcms_consistency_old/new_prepared_data/tensors/20250519/HYZ/1040_B14_0627_125051509.npz
B14_0628_125051512,/home/ubuntu/sunlong/gcms_consistency_old/dataset/20250519/628#HYZBCS125051512.D,628#HYZBCS125051512.D,14,20250519,628.0,HYZ,云烟（紫）,B,125051512,BCS125051512,HYZ,HYZ,HYZ,HYZ,HYZ,False,/home/ubuntu/sunlong/gcms_consistency_old/new_prepared_data/tensors/20250519/HYZ/1041_B14_0628_125051512.npz
B14_0629_125051501,/home/ubuntu/sunlong/gcms_consistency_old/dataset/20250519/629#YJDACS125051501.D,629#YJDACS125051501.D,14,20250519,629.0,YJD,红塔山（硬经典）,A,125051501,ACS125051501,YJD,YJD,YJD,YJD,YJD,False,/home/ubuntu/sunlong/gcms_consistency_old/new_prepared_data/tensors/20250519/YJD/1042_B14_0629_125051501.npz
B14_0630_125051504,/home/ubuntu/sunlong/gcms_consistency_old/dataset/20250519/630#YJDACS125051504.D,630#YJDACS125051504.D,14,20250519,630.0,YJD,红塔山（硬经典）,A,125051504,ACS125051504,YJD,YJD,YJD,YJD,YJD,False,/home/ubuntu/sunlong/gcms_consistency_old/new_prepared_data/tensors/20250519/YJD/1043_B14_0630_125051504.npz
B14_0631_125051510,/home/ubuntu/sunlong/gcms_consistency_old/dataset/20250519/631#YJDACS125051510.D,631#YJDACS125051510.D,14,20250519,631.0,YJD,红塔山（硬经典）,A,125051510,ACS125051510,YJD,YJD,YJD,YJD,YJD,False,/home/ubuntu/sunlong/gcms_consistency_old/new_prepared_data/tensors/20250519/YJD/1044_B14_0631_125051510.npz
B14_0632_125051513,/home/ubuntu/sunlong/gcms_consistency_old/dataset/20250519/632#YJDACS125051513.D,632#YJDACS125051513.D,14,20250519,632.0,YJD,红塔山（硬经典）,A,125051513,ACS125051513,YJD,YJD,YJD,YJD,YJD,False,/home/ubuntu/sunlong/gcms_consistency_old/new_prepared_data/tensors/20250519/YJD/1045_B14_0632_125051513.npz
B14_0633_125051605,/home/ubuntu/sunlong/gcms_consistency_old/dataset/20250519/633#H88CCS125051605.D,633#H88CCS125051605.D,14,20250519,633.0,H88,红河（88）,C,125051605,CCS125051605,H88,H88,H88,H88,H88,False,/home/ubuntu/sunlong/gcms_consistency_old/new_prepared_data/tensors/20250519/H88/1046_B14_0633_125051605.npz
B14_0634_125051608,/home/ubuntu/sunlong/gcms_consistency_old/dataset/20250519/634#H88CCS125051608.D,634#H88CCS125051608.D,14,20250519,634.0,H88,红河（88）,C,125051608,CCS125051608,H88,H88,H88,H88,H88,False,/home/ubuntu/sunlong/gcms_consistency_old/new_prepared_data/tensors/20250519/H88/1047_B14_0634_125051608.npz
B14_0635_125051602,/home/ubuntu/sunlong/gcms_consistency_old/dataset/20250519/635#H99CCS125051602.D,635#H99CCS125051602.D,14,20250519,635.0,H99,红河（99）,C,125051602,CCS125051602,H99,H99,H99,H99,H99,False,/home/ubuntu/sunlong/gcms_consistency_old/new_prepared_data/tensors/20250519/H99/1048_B14_0635_125051602.npz
B14_0636_125051601,/home/ubuntu/sunlong/gcms_consistency_old/dataset/20250519/636#HRJBCS125051601.D,636#HRJBCS125051601.D,14,20250519,636.0,HRJ,红河（软甲）,B,125051601,BCS125051601,HRJ,HRJ,HRJ,HRJ,HRJ,False,/home/ubuntu/sunlong/gcms_consistency_old/new_prepared_data/tensors/20250519/HRJ/1049_B14_0636_125051601.npz
B14_0637_125051610,/home/ubuntu/sunlong/gcms_consistency_old/dataset/20250519/637#HRJBCS125051610.D,637#HRJBCS125051610.D,14,20250519,637.0,HRJ,红河（软甲）,B,125051610,BCS125051610,HRJ,HRJ,HRJ,HRJ,HRJ,False,/home/ubuntu/sunlong/gcms_consistency_old/new_prepared_data/tensors/20250519/HRJ/1050_B14_0637_125051610.npz
B14_0638_125051604,/home/ubuntu/sunlong/gcms_consistency_old/dataset/20250519/638#HYZBCS125051604.D,638#HYZBCS125051604.D,14,20250519,638.0,HYZ,云烟（紫）,B,125051604,BCS125051604,HYZ,HYZ,HYZ,HYZ,HYZ,False,/home/ubuntu/sunlong/gcms_consistency_old/new_prepared_data/tensors/20250519/HYZ/1051_B14_0638_125051604.npz
B14_0639_125051607,/home/ubuntu/sunlong/gcms_consistency_old/dataset/20250519/639#HYZBCS125051607.D,639#HYZBCS125051607.D,14,20250519,639.0,HYZ,云烟（紫）,B,125051607,BCS125051607,HYZ,HYZ,HYZ,HYZ,HYZ,False,/home/ubuntu/sunlong/gcms_consistency_old/new_prepared_data/tensors/20250519/HYZ/1052_B14_0639_125051607.npz
B14_0640_125051606,/home/ubuntu/sunlong/gcms_consistency_old/dataset/20250519/640#YJDACS125051606.D,640#YJDACS125051606.D,14,20250519,640.0,YJD,红塔山（硬经典）,A,125051606,ACS125051606,YJD,YJD,YJD,YJD,YJD,False,/home/ubuntu/sunlong/gcms_consistency_old/new_prepared_data/tensors/20250519/YJD/1053_B14_0640_125051606.npz
B14_0641_125051609,/home/ubuntu/sunlong/gcms_consistency_old/dataset/20250519/641#YJDACS125051609.D,641#YJDACS125051609.D,14,20250519,641.0,YJD,红塔山（硬经典）,A,125051609,ACS125051609,YJD,YJD,YJD,YJD,YJD,False,/home/ubuntu/sunlong/gcms_consistency_old/new_prepared_data/tensors/20250519/YJD/1054_B14_0641_125051609.npz
B14_0642_125051603,/home/ubuntu/sunlong/gcms_consistency_old/dataset/20250519/642#YJDACS125051603.D,642#YJDACS125051603.D,14,20250519,642.0,YJD,红塔山（硬经典）,A,125051603,ACS125051603,YJD,YJD,YJD,YJD,YJD,False,/home/ubuntu/sunlong/gcms_consistency_old/new_prepared_data/tensors/20250519/YJD/1055_B14_0642_125051603.npz
B14_0643_125051902,/home/ubuntu/sunlong/gcms_consistency_old/dataset/20250519/643#H88CCS125051902.D,643#H88CCS125051902.D,14,20250519,643.0,H88,红河（88）,C,125051902,CCS125051902,H88,H88,H88,H88,H88,False,/home/ubuntu/sunlong/gcms_consistency_old/new_prepared_data/tensors/20250519/H88/1056_B14_0643_125051902.npz
B14_0644_125051905,/home/ubuntu/sunlong/gcms_consistency_old/dataset/20250519/644#H88CCS125051905.D,644#H88CCS125051905.D,14,20250519,644.0,H88,红河（88）,C,125051905,CCS125051905,H88,H88,H88,H88,H88,False,/home/ubuntu/sunlong/gcms_consistency_old/new_prepared_data/tensors/20250519/H88/1057_B14_0644_125051905.npz
B14_0645_125051908,/home/ubuntu/sunlong/gcms_consistency_old/dataset/20250519/645#H99CCS125051908.D,645#H99CCS125051908.D,14,20250519,645.0,H99,红河（99）,C,125051908,CCS125051908,H99,H99,H99,H99,H99,False,/home/ubuntu/sunlong/gcms_consistency_old/new_prepared_data/tensors/20250519/H99/1058_B14_0645_125051908.npz
B14_0646_125051901,/home/ubuntu/sunlong/gcms_consistency_old/dataset/20250519/646#HRYBCS125051901.D,646#HRYBCS125051901.D,14,20250519,646.0,HRY,云烟（软如意）,B,125051901,BCS125051901,HRY,HRY,HRY,HRY,HRY,False,/home/ubuntu/sunlong/gcms_consistency_old/new_prepared_data/tensors/20250519/HRY/1059_B14_0646_125051901.npz
B14_0647_125051911,/home/ubuntu/sunlong/gcms_consistency_old/dataset/20250519/647#HRYBCS125051911.D,647#HRYBCS125051911.D,14,20250519,647.0,HRY,云烟（软如意）,B,125051911,BCS125051911,HRY,HRY,HRY,HRY,HRY,False,/home/ubuntu/sunlong/gcms_consistency_old/new_prepared_data/tensors/20250519/HRY/1060_B14_0647_125051911.npz
B14_0648_125051904,/home/ubuntu/sunlong/gcms_consistency_old/dataset/20250519/648#HYZBCS125051904.D,648#HYZBCS125051904.D,14,20250519,648.0,HYZ,云烟（紫）,B,125051904,BCS125051904,HYZ,HYZ,HYZ,HYZ,HYZ,False,/home/ubuntu/sunlong/gcms_consistency_old/new_prepared_data/tensors/20250519/HYZ/1061_B14_0648_125051904.npz
B14_0649_125051907,/home/ubuntu/sunlong/gcms_consistency_old/dataset/20250519/649#HYZBCS125051907.D,649#HYZBCS125051907.D,14,20250519,649.0,HYZ,云烟（紫）,B,125051907,BCS125051907,HYZ,HYZ,HYZ,HYZ,HYZ,False,/home/ubuntu/sunlong/gcms_consistency_old/new_prepared_data/tensors/20250519/HYZ/1062_B14_0649_125051907.npz
B14_0650_125051909,/home/ubuntu/sunlong/gcms_consistency_old/dataset/20250519/650#HYZBCS125051909.D,650#HYZBCS125051909.D,14,20250519,650.0,HYZ,云烟（紫）,B,125051909,BCS125051909,HYZ,HYZ,HYZ,HYZ,HYZ,False,/home/ubuntu/sunlong/gcms_consistency_old/new_prepared_data/tensors/20250519/HYZ/1063_B14_0650_125051909.npz
B14_0651_125051910,/home/ubuntu/sunlong/gcms_consistency_old/dataset/20250519/651#HYZBCS125051910.D,651#HYZBCS125051910.D,14,20250519,651.0,HYZ,云烟（紫）,B,125051910,BCS125051910,HYZ,HYZ,HYZ,HYZ,HYZ,False,/home/ubuntu/sunlong/gcms_consistency_old/new_prepared_data/tensors/20250519/HYZ/1064_B14_0651_125051910.npz
B14_0652_125051903,/home/ubuntu/sunlong/gcms_consistency_old/dataset/20250519/652#YJDACS125051903.D,652#YJDACS125051903.D,14,20250519,652.0,YJD,红塔山（硬经典）,A,125051903,ACS125051903,YJD,YJD,YJD,YJD,YJD,False,/home/ubuntu/sunlong/gcms_consistency_old/new_prepared_data/tensors/20250519/YJD/1065_B14_0652_125051903.npz
B14_0653_125051906,/home/ubuntu/sunlong/gcms_consistency_old/dataset/20250519/653#YJDACS125051906.D,653#YJDACS125051906.D,14,20250519,653.0,YJD,红塔山（硬经典）,A,125051906,ACS125051906,YJD,YJD,YJD,YJD,YJD,False,/home/ubuntu/sunlong/gcms_consistency_old/new_prepared_data/tensors/20250519/YJD/1066_B14_0653_125051906.npz
B15_0654_125052008,/home/ubuntu/sunlong/gcms_consistency_old/dataset/20250527/654#H88CCS125052008.D,654#H88CCS125052008.D,15,20250527,654.0,H88,红河（88）,C,125052008,CCS125052008,H88,H88,H88,H88,H88,False,/home/ubuntu/sunlong/gcms_consistency_old/new_prepared_data/tensors/20250527/H88/1067_B15_0654_125052008.npz
B15_0655_125052004,/home/ubuntu/sunlong/gcms_consistency_old/dataset/20250527/655#H99CCS125052004.D,655#H99CCS125052004.D,15,20250527,655.0,H99,红河（99）,C,125052004,CCS125052004,H99,H99,H99,H99,H99,False,/home/ubuntu/sunlong/gcms_consistency_old/new_prepared_data/tensors/20250527/H99/1068_B15_0655_125052004.npz
B15_0656_125052005,/home/ubuntu/sunlong/gcms_consistency_old/dataset/20250527/656#HRJBCS125052005.D,656#HRJBCS125052005.D,15,20250527,656.0,HRJ,红河（软甲）,B,125052005,BCS125052005,HRJ,HRJ,HRJ,HRJ,HRJ,False,/home/ubuntu/sunlong/gcms_consistency_old/new_prepared_data/tensors/20250527/HRJ/1069_B15_0656_125052005.npz
B15_0657_125052003,/home/ubuntu/sunlong/gcms_consistency_old/dataset/20250527/657#HRYBCS125052003.D,657#HRYBCS125052003.D,15,20250527,657.0,HRY,云烟（软如意）,B,125052003,BCS125052003,HRY,HRY,HRY,HRY,HRY,False,/home/ubuntu/sunlong/gcms_consistency_old/new_prepared_data/tensors/20250527/HRY/1070_B15_0657_125052003.npz
B15_0658_125052007,/home/ubuntu/sunlong/gcms_consistency_old/dataset/20250527/658#HYZBCS125052007.D,658#HYZBCS125052007.D,15,20250527,658.0,HYZ,云烟（紫）,B,125052007,BCS125052007,HYZ,HYZ,HYZ,HYZ,HYZ,False,/home/ubuntu/sunlong/gcms_consistency_old/new_prepared_data/tensors/20250527/HYZ/1071_B15_0658_125052007.npz
B15_0659_125052010,/home/ubuntu/sunlong/gcms_consistency_old/dataset/20250527/659#HYZBCS125052010.D,659#HYZBCS125052010.D,15,20250527,659.0,HYZ,云烟（紫）,B,125052010,BCS125052010,HYZ,HYZ,HYZ,HYZ,HYZ,False,/home/ubuntu/sunlong/gcms_consistency_old/new_prepared_data/tensors/20250527/HYZ/1072_B15_0659_125052010.npz
B15_0660_125052011,/home/ubuntu/sunlong/gcms_consistency_old/dataset/20250527/660#HYZBCS125052011.D,660#HYZBCS125052011.D,15,20250527,660.0,HYZ,云烟（紫）,B,125052011,BCS125052011,HYZ,HYZ,HYZ,HYZ,HYZ,False,/home/ubuntu/sunlong/gcms_consistency_old/new_prepared_data/tensors/20250527/HYZ/1073_B15_0660_125052011.npz
B15_0661_525052001,/home/ubuntu/sunlong/gcms_consistency_old/dataset/20250527/661#HYZBCS525052001.D,661#HYZBCS525052001.D,15,20250527,661.0,HYZ,云烟（紫）,B,525052001,BCS525052001,HYZ,HYZ,HYZ,HYZ,HYZ,False,/home/ubuntu/sunlong/gcms_consistency_old/new_prepared_data/tensors/20250527/HYZ/1074_B15_0661_525052001.npz
B15_0662_425052001,/home/ubuntu/sunlong/gcms_consistency_old/dataset/20250527/662#XCJACS425052001.D,662#XCJACS425052001.D,15,20250527,662.0,XCJ,云烟（中支小重九）,A,425052001,ACS425052001,XCJ,XCJ,XCJ,XCJ,XCJ,False,/home/ubuntu/sunlong/gcms_consistency_old/new_prepared_data/tensors/20250527/XCJ/1075_B15_0662_425052001.npz
B15_0663_125052001,/home/ubuntu/sunlong/gcms_consistency_old/dataset/20250527/663#YJDACS125052001.D,663#YJDACS125052001.D,15,20250527,663.0,YJD,红塔山（硬经典）,A,125052001,ACS125052001,YJD,YJD,YJD,YJD,YJD,False,/home/ubuntu/sunlong/gcms_consistency_old/new_prepared_data/tensors/20250527/YJD/1076_B15_0663_125052001.npz
B15_0664_125052002,/home/ubuntu/sunlong/gcms_consistency_old/dataset/20250527/664#YJDACS125052002.D,664#YJDACS125052002.D,15,20250527,664.0,YJD,红塔山（硬经典）,A,125052002,ACS125052002,YJD,YJD,YJD,YJD,YJD,False,/home/ubuntu/sunlong/gcms_consistency_old/new_prepared_data/tensors/20250527/YJD/1077_B15_0664_125052002.npz
B15_0665_125052006,/home/ubuntu/sunlong/gcms_consistency_old/dataset/20250527/665#YJDACS125052006.D,665#YJDACS125052006.D,15,20250527,665.0,YJD,红塔山（硬经典）,A,125052006,ACS125052006,YJD,YJD,YJD,YJD,YJD,False,/home/ubuntu/sunlong/gcms_consistency_old/new_prepared_data/tensors/20250527/YJD/1078_B15_0665_125052006.npz
B15_0666_125052009,/home/ubuntu/sunlong/gcms_consistency_old/dataset/20250527/666#YJDACS125052009.D,666#YJDACS125052009.D,15,20250527,666.0,YJD,红塔山（硬经典）,A,125052009,ACS125052009,YJD,YJD,YJD,YJD,YJD,False,/home/ubuntu/sunlong/gcms_consistency_old/new_prepared_data/tensors/20250527/YJD/1079_B15_0666_125052009.npz
B15_0667_125052107,/home/ubuntu/sunlong/gcms_consistency_old/dataset/20250527/667#H99CCS125052107.D,667#H99CCS125052107.D,15,20250527,667.0,H99,红河（99）,C,125052107,CCS125052107,H99,H99,H99,H99,H99,False,/home/ubuntu/sunlong/gcms_consistency_old/new_prepared_data/tensors/20250527/H99/1080_B15_0667_125052107.npz
B15_0668_425052101,/home/ubuntu/sunlong/gcms_consistency_old/dataset/20250527/668#H99CCS425052101.D,668#H99CCS425052101.D,15,20250527,668.0,H99,红河（99）,C,425052101,CCS425052101,H99,H99,H99,H99,H99,False,/home/ubuntu/sunlong/gcms_consistency_old/new_prepared_data/tensors/20250527/H99/1081_B15_0668_425052101.npz
B15_0669_125052109,/home/ubuntu/sunlong/gcms_consistency_old/dataset/20250527/669#HRYBCS125052109.D,669#HRYBCS125052109.D,15,20250527,669.0,HRY,云烟（软如意）,B,125052109,BCS125052109,HRY,HRY,HRY,HRY,HRY,False,/home/ubuntu/sunlong/gcms_consistency_old/new_prepared_data/tensors/20250527/HRY/1082_B15_0669_125052109.npz
B15_0670_125052101,/home/ubuntu/sunlong/gcms_consistency_old/dataset/20250527/670#HYZBCS125052101.D,670#HYZBCS125052101.D,15,20250527,670.0,HYZ,云烟（紫）,B,125052101,BCS125052101,HYZ,HYZ,HYZ,HYZ,HYZ,False,/home/ubuntu/sunlong/gcms_consistency_old/new_prepared_data/tensors/20250527/HYZ/1083_B15_0670_125052101.npz
B15_0671_125052102,/home/ubuntu/sunlong/gcms_consistency_old/dataset/20250527/671#HYZBCS125052102.D,671#HYZBCS125052102.D,15,20250527,671.0,HYZ,云烟（紫）,B,125052102,BCS125052102,HYZ,HYZ,HYZ,HYZ,HYZ,False,/home/ubuntu/sunlong/gcms_consistency_old/new_prepared_data/tensors/20250527/HYZ/1084_B15_0671_125052102.npz
B15_0672_125052103,/home/ubuntu/sunlong/gcms_consistency_old/dataset/20250527/672#HYZBCS125052103.D,672#HYZBCS125052103.D,15,20250527,672.0,HYZ,云烟（紫）,B,125052103,BCS125052103,HYZ,HYZ,HYZ,HYZ,HYZ,False,/home/ubuntu/sunlong/gcms_consistency_old/new_prepared_data/tensors/20250527/HYZ/1085_B15_0672_125052103.npz
B15_0673_125052105,/home/ubuntu/sunlong/gcms_consistency_old/dataset/20250527/673#HYZBCS125052105.D,673#HYZBCS125052105.D,15,20250527,673.0,HYZ,云烟（紫）,B,125052105,BCS125052105,HYZ,HYZ,HYZ,HYZ,HYZ,False,/home/ubuntu/sunlong/gcms_consistency_old/new_prepared_data/tensors/20250527/HYZ/1086_B15_0673_125052105.npz
B15_0674_125052106,/home/ubuntu/sunlong/gcms_consistency_old/dataset/20250527/674#HYZBCS125052106.D,674#HYZBCS125052106.D,15,20250527,674.0,HYZ,云烟（紫）,B,125052106,BCS125052106,HYZ,HYZ,HYZ,HYZ,HYZ,False,/home/ubuntu/sunlong/gcms_consistency_old/new_prepared_data/tensors/20250527/HYZ/1087_B15_0674_125052106.npz
B15_0675_125052108,/home/ubuntu/sunlong/gcms_consistency_old/dataset/20250527/675#HYZBCS125052108.D,675#HYZBCS125052108.D,15,20250527,675.0,HYZ,云烟（紫）,B,125052108,BCS125052108,HYZ,HYZ,HYZ,HYZ,HYZ,False,/home/ubuntu/sunlong/gcms_consistency_old/new_prepared_data/tensors/20250527/HYZ/1088_B15_0675_125052108.npz
B15_0676_125052104,/home/ubuntu/sunlong/gcms_consistency_old/dataset/20250527/676#YJDACS125052104.D,676#YJDACS125052104.D,15,20250527,676.0,YJD,红塔山（硬经典）,A,125052104,ACS125052104,YJD,YJD,YJD,YJD,YJD,False,/home/ubuntu/sunlong/gcms_consistency_old/new_prepared_data/tensors/20250527/YJD/1089_B15_0676_125052104.npz
B15_0677_525052101,/home/ubuntu/sunlong/gcms_consistency_old/dataset/20250527/677#YJDACS525052101.D,677#YJDACS525052101.D,15,20250527,677.0,YJD,红塔山（硬经典）,A,525052101,ACS525052101,YJD,YJD,YJD,YJD,YJD,False,/home/ubuntu/sunlong/gcms_consistency_old/new_prepared_data/tensors/20250527/YJD/1090_B15_0677_525052101.npz
B15_0678_125052208,/home/ubuntu/sunlong/gcms_consistency_old/dataset/20250527/678#H88CCS125052208.D,678#H88CCS125052208.D,15,20250527,678.0,H88,红河（88）,C,125052208,CCS125052208,H88,H88,H88,H88,H88,False,/home/ubuntu/sunlong/gcms_consistency_old/new_prepared_data/tensors/20250527/H88/1091_B15_0678_125052208.npz
B15_0679_125052210,/home/ubuntu/sunlong/gcms_consistency_old/dataset/20250527/679#H88CCS125052210.D,679#H88CCS125052210.D,15,20250527,679.0,H88,红河（88）,C,125052210,CCS125052210,H88,H88,H88,H88,H88,False,/home/ubuntu/sunlong/gcms_consistency_old/new_prepared_data/tensors/20250527/H88/1092_B15_0679_125052210.npz
B15_0680_125052204,/home/ubuntu/sunlong/gcms_consistency_old/dataset/20250527/680#H99CCS125052204.D,680#H99CCS125052204.D,15,20250527,680.0,H99,红河（99）,C,125052204,CCS125052204,H99,H99,H99,H99,H99,False,/home/ubuntu/sunlong/gcms_consistency_old/new_prepared_data/tensors/20250527/H99/1093_B15_0680_125052204.npz
B15_0681_125052205,/home/ubuntu/sunlong/gcms_consistency_old/dataset/20250527/681#H99CCS125052205.D,681#H99CCS125052205.D,15,20250527,681.0,H99,红河（99）,C,125052205,CCS125052205,H99,H99,H99,H99,H99,False,/home/ubuntu/sunlong/gcms_consistency_old/new_prepared_data/tensors/20250527/H99/1094_B15_0681_125052205.npz
B15_0682_125052211,/home/ubuntu/sunlong/gcms_consistency_old/dataset/20250527/682#HRJBCS125052211.D,682#HRJBCS125052211.D,15,20250527,682.0,HRJ,红河（软甲）,B,125052211,BCS125052211,HRJ,HRJ,HRJ,HRJ,HRJ,False,/home/ubuntu/sunlong/gcms_consistency_old/new_prepared_data/tensors/20250527/HRJ/1095_B15_0682_125052211.npz
B15_0683_125052201,/home/ubuntu/sunlong/gcms_consistency_old/dataset/20250527/683#HYZBCS125052201.D,683#HYZBCS125052201.D,15,20250527,683.0,HYZ,云烟（紫）,B,125052201,BCS125052201,HYZ,HYZ,HYZ,HYZ,HYZ,False,/home/ubuntu/sunlong/gcms_consistency_old/new_prepared_data/tensors/20250527/HYZ/1096_B15_0683_125052201.npz
B15_0684_125052202,/home/ubuntu/sunlong/gcms_consistency_old/dataset/20250527/684#HYZBCS125052202.D,684#HYZBCS125052202.D,15,20250527,684.0,HYZ,云烟（紫）,B,125052202,BCS125052202,HYZ,HYZ,HYZ,HYZ,HYZ,False,/home/ubuntu/sunlong/gcms_consistency_old/new_prepared_data/tensors/20250527/HYZ/1097_B15_0684_125052202.npz
B15_0685_125052203,/home/ubuntu/sunlong/gcms_consistency_old/dataset/20250527/685#HYZBCS125052203.D,685#HYZBCS125052203.D,15,20250527,685.0,HYZ,云烟（紫）,B,125052203,BCS125052203,HYZ,HYZ,HYZ,HYZ,HYZ,False,/home/ubuntu/sunlong/gcms_consistency_old/new_prepared_data/tensors/20250527/HYZ/1098_B15_0685_125052203.npz
B15_0686_125052206,/home/ubuntu/sunlong/gcms_consistency_old/dataset/20250527/686#HYZBCS125052206.D,686#HYZBCS125052206.D,15,20250527,686.0,HYZ,云烟（紫）,B,125052206,BCS125052206,HYZ,HYZ,HYZ,HYZ,HYZ,False,/home/ubuntu/sunlong/gcms_consistency_old/new_prepared_data/tensors/20250527/HYZ/1099_B15_0686_125052206.npz
B15_0687_125052207,/home/ubuntu/sunlong/gcms_consistency_old/dataset/20250527/687#HYZBCS125052207.D,687#HYZBCS125052207.D,15,20250527,687.0,HYZ,云烟（紫）,B,125052207,BCS125052207,HYZ,HYZ,HYZ,HYZ,HYZ,False,/home/ubuntu/sunlong/gcms_consistency_old/new_prepared_data/tensors/20250527/HYZ/1100_B15_0687_125052207.npz
B15_0688_225052201,/home/ubuntu/sunlong/gcms_consistency_old/dataset/20250527/688#XCJACS225052201.D,688#XCJACS225052201.D,15,20250527,688.0,XCJ,云烟（中支小重九）,A,225052201,ACS225052201,XCJ,XCJ,XCJ,XCJ,XCJ,False,/home/ubuntu/sunlong/gcms_consistency_old/new_prepared_data/tensors/20250527/XCJ/1101_B15_0688_225052201.npz
B15_0689_225052202,/home/ubuntu/sunlong/gcms_consistency_old/dataset/20250527/689#XCJACS225052202.D,689#XCJACS225052202.D,15,20250527,689.0,XCJ,云烟（中支小重九）,A,225052202,ACS225052202,XCJ,XCJ,XCJ,XCJ,XCJ,False,/home/ubuntu/sunlong/gcms_consistency_old/new_prepared_data/tensors/20250527/XCJ/1102_B15_0689_225052202.npz
B15_0690_125052209,/home/ubuntu/sunlong/gcms_consistency_old/dataset/20250527/690#YJDACS125052209.D,690#YJDACS125052209.D,15,20250527,690.0,YJD,红塔山（硬经典）,A,125052209,ACS125052209,YJD,YJD,YJD,YJD,YJD,False,/home/ubuntu/sunlong/gcms_consistency_old/new_prepared_data/tensors/20250527/YJD/1103_B15_0690_125052209.npz
B15_0691_125052212,/home/ubuntu/sunlong/gcms_consistency_old/dataset/20250527/691#YJDACS125052212.D,691#YJDACS125052212.D,15,20250527,691.0,YJD,红塔山（硬经典）,A,125052212,ACS125052212,YJD,YJD,YJD,YJD,YJD,False,/home/ubuntu/sunlong/gcms_consistency_old/new_prepared_data/tensors/20250527/YJD/1104_B15_0691_125052212.npz
B15_0692_125052213,/home/ubuntu/sunlong/gcms_consistency_old/dataset/20250527/692#YJDACS125052213.D,692#YJDACS125052213.D,15,20250527,692.0,YJD,红塔山（硬经典）,A,125052213,ACS125052213,YJD,YJD,YJD,YJD,YJD,False,/home/ubuntu/sunlong/gcms_consistency_old/new_prepared_data/tensors/20250527/YJD/1105_B15_0692_125052213.npz
B15_0000_BLANK,/home/ubuntu/sunlong/gcms_consistency_old/dataset/20250527/BLANK.D,BLANK.D,15,20250527,,BLANK,空白样,,,BLANK,BLANK,BLANK,BLANK,BLANK,BLANK,True,/home/ubuntu/sunlong/gcms_consistency_old/new_prepared_data/tensors/20250527/BLANK/1106_B15_0000_BLANK.npz
B16_0000_0#blank,/home/ubuntu/sunlong/gcms_consistency_old/dataset/20250606/0#blank.D,0#blank.D,16,20250606,0.0,BLANK,空白样,,,0#blank,BLANK,BLANK,BLANK,BLANK,BLANK,True,/home/ubuntu/sunlong/gcms_consistency_old/new_prepared_data/tensors/20250606/BLANK/1107_B16_0000_0_blank.npz
B16_0693_125052301,/home/ubuntu/sunlong/gcms_consistency_old/dataset/20250606/693#HYZBCS125052301.D,693#HYZBCS125052301.D,16,20250606,693.0,HYZ,云烟（紫）,B,125052301,BCS125052301,HYZ,HYZ,HYZ,HYZ,HYZ,False,/home/ubuntu/sunlong/gcms_consistency_old/new_prepared_data/tensors/20250606/HYZ/1108_B16_0693_125052301.npz
B16_0694_125052303,/home/ubuntu/sunlong/gcms_consistency_old/dataset/20250606/694#HYZBCS125052303.D,694#HYZBCS125052303.D,16,20250606,694.0,HYZ,云烟（紫）,B,125052303,BCS125052303,HYZ,HYZ,HYZ,HYZ,HYZ,False,/home/ubuntu/sunlong/gcms_consistency_old/new_prepared_data/tensors/20250606/HYZ/1109_B16_0694_125052303.npz
B16_0695_125052305,/home/ubuntu/sunlong/gcms_consistency_old/dataset/20250606/695#HYZBCS125052305.D,695#HYZBCS125052305.D,16,20250606,695.0,HYZ,云烟（紫）,B,125052305,BCS125052305,HYZ,HYZ,HYZ,HYZ,HYZ,False,/home/ubuntu/sunlong/gcms_consistency_old/new_prepared_data/tensors/20250606/HYZ/1110_B16_0695_125052305.npz
B16_0696_125052307,/home/ubuntu/sunlong/gcms_consistency_old/dataset/20250606/696#HYZBCS125052307.D,696#HYZBCS125052307.D,16,20250606,696.0,HYZ,云烟（紫）,B,125052307,BCS125052307,HYZ,HYZ,HYZ,HYZ,HYZ,False,/home/ubuntu/sunlong/gcms_consistency_old/new_prepared_data/tensors/20250606/HYZ/1111_B16_0696_125052307.npz
B16_0697_125052302,/home/ubuntu/sunlong/gcms_consistency_old/dataset/20250606/697#YJDACS125052302.D,697#YJDACS125052302.D,16,20250606,697.0,YJD,红塔山（硬经典）,A,125052302,ACS125052302,YJD,YJD,YJD,YJD,YJD,False,/home/ubuntu/sunlong/gcms_consistency_old/new_prepared_data/tensors/20250606/YJD/1112_B16_0697_125052302.npz
B16_0698_125052304,/home/ubuntu/sunlong/gcms_consistency_old/dataset/20250606/698#YJDACS125052304.D,698#YJDACS125052304.D,16,20250606,698.0,YJD,红塔山（硬经典）,A,125052304,ACS125052304,YJD,YJD,YJD,YJD,YJD,False,/home/ubuntu/sunlong/gcms_consistency_old/new_prepared_data/tensors/20250606/YJD/1113_B16_0698_125052304.npz
B16_0699_125052306,/home/ubuntu/sunlong/gcms_consistency_old/dataset/20250606/699#YJDACS125052306.D,699#YJDACS125052306.D,16,20250606,699.0,YJD,红塔山（硬经典）,A,125052306,ACS125052306,YJD,YJD,YJD,YJD,YJD,False,/home/ubuntu/sunlong/gcms_consistency_old/new_prepared_data/tensors/20250606/YJD/1114_B16_0699_125052306.npz
B16_0700_125052308,/home/ubuntu/sunlong/gcms_consistency_old/dataset/20250606/700#YJDACS125052308.D,700#YJDACS125052308.D,16,20250606,700.0,YJD,红塔山（硬经典）,A,125052308,ACS125052308,YJD,YJD,YJD,YJD,YJD,False,/home/ubuntu/sunlong/gcms_consistency_old/new_prepared_data/tensors/20250606/YJD/1115_B16_0700_125052308.npz
B16_0701_125060102,/home/ubuntu/sunlong/gcms_consistency_old/dataset/20250606/701#H88CCS125060102.D,701#H88CCS125060102.D,16,20250606,701.0,H88,红河（88）,C,125060102,CCS125060102,H88,H88,H88,H88,H88,False,/home/ubuntu/sunlong/gcms_consistency_old/new_prepared_data/tensors/20250606/H88/1116_B16_0701_125060102.npz
B16_0702_125060103,/home/ubuntu/sunlong/gcms_consistency_old/dataset/20250606/702#HRYBCS125060103.D,702#HRYBCS125060103.D,16,20250606,702.0,HRY,云烟（软如意）,B,125060103,BCS125060103,HRY,HRY,HRY,HRY,HRY,False,/home/ubuntu/sunlong/gcms_consistency_old/new_prepared_data/tensors/20250606/HRY/1117_B16_0702_125060103.npz
B16_0703_125060101,/home/ubuntu/sunlong/gcms_consistency_old/dataset/20250606/703#HYZBCS125060101.D,703#HYZBCS125060101.D,16,20250606,703.0,HYZ,云烟（紫）,B,125060101,BCS125060101,HYZ,HYZ,HYZ,HYZ,HYZ,False,/home/ubuntu/sunlong/gcms_consistency_old/new_prepared_data/tensors/20250606/HYZ/1118_B16_0703_125060101.npz
B16_0704_125060209,/home/ubuntu/sunlong/gcms_consistency_old/dataset/20250606/704#H88CCS125060209.D,704#H88CCS125060209.D,16,20250606,704.0,H88,红河（88）,C,125060209,CCS125060209,H88,H88,H88,H88,H88,False,/home/ubuntu/sunlong/gcms_consistency_old/new_prepared_data/tensors/20250606/H88/1119_B16_0704_125060209.npz
B16_0705_125060212,/home/ubuntu/sunlong/gcms_consistency_old/dataset/20250606/705#H88CCS125060212.D,705#H88CCS125060212.D,16,20250606,705.0,H88,红河（88）,C,125060212,CCS125060212,H88,H88,H88,H88,H88,False,/home/ubuntu/sunlong/gcms_consistency_old/new_prepared_data/tensors/20250606/H88/1120_B16_0705_125060212.npz
B16_0706_125060203,/home/ubuntu/sunlong/gcms_consistency_old/dataset/20250606/706#H99CCS125060203.D,706#H99CCS125060203.D,16,20250606,706.0,H99,红河（99）,C,125060203,CCS125060203,H99,H99,H99,H99,H99,False,/home/ubuntu/sunlong/gcms_consistency_old/new_prepared_data/tensors/20250606/H99/1121_B16_0706_125060203.npz
B16_0707_125060206,/home/ubuntu/sunlong/gcms_consistency_old/dataset/20250606/707#H99CCS125060206.D,707#H99CCS125060206.D,16,20250606,707.0,H99,红河（99）,C,125060206,CCS125060206,H99,H99,H99,H99,H99,False,/home/ubuntu/sunlong/gcms_consistency_old/new_prepared_data/tensors/20250606/H99/1122_B16_0707_125060206.npz
B16_0708_125060215,/home/ubuntu/sunlong/gcms_consistency_old/dataset/20250606/708#H99CCS125060215.D,708#H99CCS125060215.D,16,20250606,708.0,H99,红河（99）,C,125060215,CCS125060215,H99,H99,H99,H99,H99,False,/home/ubuntu/sunlong/gcms_consistency_old/new_prepared_data/tensors/20250606/H99/1123_B16_0708_125060215.npz
B16_0709_125060217,/home/ubuntu/sunlong/gcms_consistency_old/dataset/20250606/709#H99CCS125060217.D,709#H99CCS125060217.D,16,20250606,709.0,H99,红河（99）,C,125060217,CCS125060217,H99,H99,H99,H99,H99,False,/home/ubuntu/sunlong/gcms_consistency_old/new_prepared_data/tensors/20250606/H99/1124_B16_0709_125060217.npz
B16_0710_125060219,/home/ubuntu/sunlong/gcms_consistency_old/dataset/20250606/710#HRJBCS125060219.D,710#HRJBCS125060219.D,16,20250606,710.0,HRJ,红河（软甲）,B,125060219,BCS125060219,HRJ,HRJ,HRJ,HRJ,HRJ,False,/home/ubuntu/sunlong/gcms_consistency_old/new_prepared_data/tensors/20250606/HRJ/1125_B16_0710_125060219.npz
B16_0711_125060218,/home/ubuntu/sunlong/gcms_consistency_old/dataset/20250606/711#HRYBCS125060218.D,711#HRYBCS125060218.D,16,20250606,711.0,HRY,云烟（软如意）,B,125060218,BCS125060218,HRY,HRY,HRY,HRY,HRY,False,/home/ubuntu/sunlong/gcms_consistency_old/new_prepared_data/tensors/20250606/HRY/1126_B16_0711_125060218.npz
B16_0712_125060205,/home/ubuntu/sunlong/gcms_consistency_old/dataset/20250606/712#HYZBCS125060205.D,712#HYZBCS125060205.D,16,20250606,712.0,HYZ,云烟（紫）,B,125060205,BCS125060205,HYZ,HYZ,HYZ,HYZ,HYZ,False,/home/ubuntu/sunlong/gcms_consistency_old/new_prepared_data/tensors/20250606/HYZ/1127_B16_0712_125060205.npz
B16_0713_125060208,/home/ubuntu/sunlong/gcms_consistency_old/dataset/20250606/713#HYZBCS125060208.D,713#HYZBCS125060208.D,16,20250606,713.0,HYZ,云烟（紫）,B,125060208,BCS125060208,HYZ,HYZ,HYZ,HYZ,HYZ,False,/home/ubuntu/sunlong/gcms_consistency_old/new_prepared_data/tensors/20250606/HYZ/1128_B16_0713_125060208.npz
B16_0714_125060211,/home/ubuntu/sunlong/gcms_consistency_old/dataset/20250606/714#HYZBCS125060211.D,714#HYZBCS125060211.D,16,20250606,714.0,HYZ,云烟（紫）,B,125060211,BCS125060211,HYZ,HYZ,HYZ,HYZ,HYZ,False,/home/ubuntu/sunlong/gcms_consistency_old/new_prepared_data/tensors/20250606/HYZ/1129_B16_0714_125060211.npz
B16_0715_125060214,/home/ubuntu/sunlong/gcms_consistency_old/dataset/20250606/715#HYZBCS125060214.D,715#HYZBCS125060214.D,16,20250606,715.0,HYZ,云烟（紫）,B,125060214,BCS125060214,HYZ,HYZ,HYZ,HYZ,HYZ,False,/home/ubuntu/sunlong/gcms_consistency_old/new_prepared_data/tensors/20250606/HYZ/1130_B16_0715_125060214.npz
B16_0716_125060216,/home/ubuntu/sunlong/gcms_consistency_old/dataset/20250606/716#HYZBCS125060216.D,716#HYZBCS125060216.D,16,20250606,716.0,HYZ,云烟（紫）,B,125060216,BCS125060216,HYZ,HYZ,HYZ,HYZ,HYZ,False,/home/ubuntu/sunlong/gcms_consistency_old/new_prepared_data/tensors/20250606/HYZ/1131_B16_0716_125060216.npz
B16_0717_125060201,/home/ubuntu/sunlong/gcms_consistency_old/dataset/20250606/717#YJDACS125060201.D,717#YJDACS125060201.D,16,20250606,717.0,YJD,红塔山（硬经典）,A,125060201,ACS125060201,YJD,YJD,YJD,YJD,YJD,False,/home/ubuntu/sunlong/gcms_consistency_old/new_prepared_data/tensors/20250606/YJD/1132_B16_0717_125060201.npz
B16_0718_125060204,/home/ubuntu/sunlong/gcms_consistency_old/dataset/20250606/718#YJDACS125060204.D,718#YJDACS125060204.D,16,20250606,718.0,YJD,红塔山（硬经典）,A,125060204,ACS125060204,YJD,YJD,YJD,YJD,YJD,False,/home/ubuntu/sunlong/gcms_consistency_old/new_prepared_data/tensors/20250606/YJD/1133_B16_0718_125060204.npz
B16_0719_125060207,/home/ubuntu/sunlong/gcms_consistency_old/dataset/20250606/719#YJDACS125060207.D,719#YJDACS125060207.D,16,20250606,719.0,YJD,红塔山（硬经典）,A,125060207,ACS125060207,YJD,YJD,YJD,YJD,YJD,False,/home/ubuntu/sunlong/gcms_consistency_old/new_prepared_data/tensors/20250606/YJD/1134_B16_0719_125060207.npz
B16_0720_125060210,/home/ubuntu/sunlong/gcms_consistency_old/dataset/20250606/720#YJDACS125060210.D,720#YJDACS125060210.D,16,20250606,720.0,YJD,红塔山（硬经典）,A,125060210,ACS125060210,YJD,YJD,YJD,YJD,YJD,False,/home/ubuntu/sunlong/gcms_consistency_old/new_prepared_data/tensors/20250606/YJD/1135_B16_0720_125060210.npz
B16_0721_125060213,/home/ubuntu/sunlong/gcms_consistency_old/dataset/20250606/721#YJDACS125060213.D,721#YJDACS125060213.D,16,20250606,721.0,YJD,红塔山（硬经典）,A,125060213,ACS125060213,YJD,YJD,YJD,YJD,YJD,False,/home/ubuntu/sunlong/gcms_consistency_old/new_prepared_data/tensors/20250606/YJD/1136_B16_0721_125060213.npz
B16_0722_125060305,/home/ubuntu/sunlong/gcms_consistency_old/dataset/20250606/722#H88CCS125060305.D,722#H88CCS125060305.D,16,20250606,722.0,H88,红河（88）,C,125060305,CCS125060305,H88,H88,H88,H88,H88,False,/home/ubuntu/sunlong/gcms_consistency_old/new_prepared_data/tensors/20250606/H88/1137_B16_0722_125060305.npz
B16_0723_125060310,/home/ubuntu/sunlong/gcms_consistency_old/dataset/20250606/723#H88CCS125060310.D,723#H88CCS125060310.D,16,20250606,723.0,H88,红河（88）,C,125060310,CCS125060310,H88,H88,H88,H88,H88,False,/home/ubuntu/sunlong/gcms_consistency_old/new_prepared_data/tensors/20250606/H88/1138_B16_0723_125060310.npz
B16_0724_425060301,/home/ubuntu/sunlong/gcms_consistency_old/dataset/20250606/724#H88CCS425060301.D,724#H88CCS425060301.D,16,20250606,724.0,H88,红河（88）,C,425060301,CCS425060301,H88,H88,H88,H88,H88,False,/home/ubuntu/sunlong/gcms_consistency_old/new_prepared_data/tensors/20250606/H88/1139_B16_0724_425060301.npz
B16_0725_125060308,/home/ubuntu/sunlong/gcms_consistency_old/dataset/20250606/725#H99CCS125060308.D,725#H99CCS125060308.D,16,20250606,725.0,H99,红河（99）,C,125060308,CCS125060308,H99,H99,H99,H99,H99,False,/home/ubuntu/sunlong/gcms_consistency_old/new_prepared_data/tensors/20250606/H99/1140_B16_0725_125060308.npz
B16_0726_125060312,/home/ubuntu/sunlong/gcms_consistency_old/dataset/20250606/726#H99CCS125060312.D,726#H99CCS125060312.D,16,20250606,726.0,H99,红河（99）,C,125060312,CCS125060312,H99,H99,H99,H99,H99,False,/home/ubuntu/sunlong/gcms_consistency_old/new_prepared_data/tensors/20250606/H99/1141_B16_0726_125060312.npz
B16_0727_425060303,/home/ubuntu/sunlong/gcms_consistency_old/dataset/20250606/727#H99CCS425060303.D,727#H99CCS425060303.D,16,20250606,727.0,H99,红河（99）,C,425060303,CCS425060303,H99,H99,H99,H99,H99,False,/home/ubuntu/sunlong/gcms_consistency_old/new_prepared_data/tensors/20250606/H99/1142_B16_0727_425060303.npz
B16_0728_125060304,/home/ubuntu/sunlong/gcms_consistency_old/dataset/20250606/728#HRJBCS125060304.D,728#HRJBCS125060304.D,16,20250606,728.0,HRJ,红河（软甲）,B,125060304,BCS125060304,HRJ,HRJ,HRJ,HRJ,HRJ,False,/home/ubuntu/sunlong/gcms_consistency_old/new_prepared_data/tensors/20250606/HRJ/1143_B16_0728_125060304.npz
B16_0729_125060306,/home/ubuntu/sunlong/gcms_consistency_old/dataset/20250606/729#HYZBCS125060306.D,729#HYZBCS125060306.D,16,20250606,729.0,HYZ,云烟（紫）,B,125060306,BCS125060306,HYZ,HYZ,HYZ,HYZ,HYZ,False,/home/ubuntu/sunlong/gcms_consistency_old/new_prepared_data/tensors/20250606/HYZ/1144_B16_0729_125060306.npz
B16_0730_125060309,/home/ubuntu/sunlong/gcms_consistency_old/dataset/20250606/730#HYZBCS125060309.D,730#HYZBCS125060309.D,16,20250606,730.0,HYZ,云烟（紫）,B,125060309,BCS125060309,HYZ,HYZ,HYZ,HYZ,HYZ,False,/home/ubuntu/sunlong/gcms_consistency_old/new_prepared_data/tensors/20250606/HYZ/1145_B16_0730_125060309.npz
B16_0731_125060311,/home/ubuntu/sunlong/gcms_consistency_old/dataset/20250606/731#HYZBCS125060311.D,731#HYZBCS125060311.D,16,20250606,731.0,HYZ,云烟（紫）,B,125060311,BCS125060311,HYZ,HYZ,HYZ,HYZ,HYZ,False,/home/ubuntu/sunlong/gcms_consistency_old/new_prepared_data/tensors/20250606/HYZ/1146_B16_0731_125060311.npz
B16_0732_125060313,/home/ubuntu/sunlong/gcms_consistency_old/dataset/20250606/732#HYZBCS125060313.D,732#HYZBCS125060313.D,16,20250606,732.0,HYZ,云烟（紫）,B,125060313,BCS125060313,HYZ,HYZ,HYZ,HYZ,HYZ,False,/home/ubuntu/sunlong/gcms_consistency_old/new_prepared_data/tensors/20250606/HYZ/1147_B16_0732_125060313.npz
B16_0733_425060302,/home/ubuntu/sunlong/gcms_consistency_old/dataset/20250606/733#HYZBCS425060302.D,733#HYZBCS425060302.D,16,20250606,733.0,HYZ,云烟（紫）,B,425060302,BCS425060302,HYZ,HYZ,HYZ,HYZ,HYZ,False,/home/ubuntu/sunlong/gcms_consistency_old/new_prepared_data/tensors/20250606/HYZ/1148_B16_0733_425060302.npz
B16_0734_125060301,/home/ubuntu/sunlong/gcms_consistency_old/dataset/20250606/734#YJDACS125060301.D,734#YJDACS125060301.D,16,20250606,734.0,YJD,红塔山（硬经典）,A,125060301,ACS125060301,YJD,YJD,YJD,YJD,YJD,False,/home/ubuntu/sunlong/gcms_consistency_old/new_prepared_data/tensors/20250606/YJD/1149_B16_0734_125060301.npz
B16_0735_125060302,/home/ubuntu/sunlong/gcms_consistency_old/dataset/20250606/735#YJDACS125060302.D,735#YJDACS125060302.D,16,20250606,735.0,YJD,红塔山（硬经典）,A,125060302,ACS125060302,YJD,YJD,YJD,YJD,YJD,False,/home/ubuntu/sunlong/gcms_consistency_old/new_prepared_data/tensors/20250606/YJD/1150_B16_0735_125060302.npz
B16_0736_125060303,/home/ubuntu/sunlong/gcms_consistency_old/dataset/20250606/736#YJDACS125060303.D,736#YJDACS125060303.D,16,20250606,736.0,YJD,红塔山（硬经典）,A,125060303,ACS125060303,YJD,YJD,YJD,YJD,YJD,False,/home/ubuntu/sunlong/gcms_consistency_old/new_prepared_data/tensors/20250606/YJD/1151_B16_0736_125060303.npz
B16_0737_125060307,/home/ubuntu/sunlong/gcms_consistency_old/dataset/20250606/737#YJDACS125060307.D,737#YJDACS125060307.D,16,20250606,737.0,YJD,红塔山（硬经典）,A,125060307,ACS125060307,YJD,YJD,YJD,YJD,YJD,False,/home/ubuntu/sunlong/gcms_consistency_old/new_prepared_data/tensors/20250606/YJD/1152_B16_0737_125060307.npz
B16_0738_125060402,/home/ubuntu/sunlong/gcms_consistency_old/dataset/20250606/738#H88CCS125060402.D,738#H88CCS125060402.D,16,20250606,738.0,H88,红河（88）,C,125060402,CCS125060402,H88,H88,H88,H88,H88,False,/home/ubuntu/sunlong/gcms_consistency_old/new_prepared_data/tensors/20250606/H88/1153_B16_0738_125060402.npz
B16_0739_125060405,/home/ubuntu/sunlong/gcms_consistency_old/dataset/20250606/739#H88CCS125060405.D,739#H88CCS125060405.D,16,20250606,739.0,H88,红河（88）,C,125060405,CCS125060405,H88,H88,H88,H88,H88,False,/home/ubuntu/sunlong/gcms_consistency_old/new_prepared_data/tensors/20250606/H88/1154_B16_0739_125060405.npz
B16_0740_125060411,/home/ubuntu/sunlong/gcms_consistency_old/dataset/20250606/740#H88CCS125060411.D,740#H88CCS125060411.D,16,20250606,740.0,H88,红河（88）,C,125060411,CCS125060411,H88,H88,H88,H88,H88,False,/home/ubuntu/sunlong/gcms_consistency_old/new_prepared_data/tensors/20250606/H88/1155_B16_0740_125060411.npz
B16_0741_125060414,/home/ubuntu/sunlong/gcms_consistency_old/dataset/20250606/741#H88CCS125060414.D,741#H88CCS125060414.D,16,20250606,741.0,H88,红河（88）,C,125060414,CCS125060414,H88,H88,H88,H88,H88,False,/home/ubuntu/sunlong/gcms_consistency_old/new_prepared_data/tensors/20250606/H88/1156_B16_0741_125060414.npz
B16_0742_125060407,/home/ubuntu/sunlong/gcms_consistency_old/dataset/20250606/742#H99CCS125060407.D,742#H99CCS125060407.D,16,20250606,742.0,H99,红河（99）,C,125060407,CCS125060407,H99,H99,H99,H99,H99,False,/home/ubuntu/sunlong/gcms_consistency_old/new_prepared_data/tensors/20250606/H99/1157_B16_0742_125060407.npz
B16_0743_42506040101,/home/ubuntu/sunlong/gcms_consistency_old/dataset/20250606/743#HMDACS42506040101.D,743#HMDACS42506040101.D,16,20250606,743.0,HMD,牡丹（软）,A,42506040101,ACS42506040101,HMD,HMD,HMD,HMD,HMD,False,/home/ubuntu/sunlong/gcms_consistency_old/new_prepared_data/tensors/20250606/HMD/1158_B16_0743_42506040101.npz
B16_0744_42506040102,/home/ubuntu/sunlong/gcms_consistency_old/dataset/20250606/744#HMDACS42506040102.D,744#HMDACS42506040102.D,16,20250606,744.0,HMD,牡丹（软）,A,42506040102,ACS42506040102,HMD,HMD,HMD,HMD,HMD,False,/home/ubuntu/sunlong/gcms_consistency_old/new_prepared_data/tensors/20250606/HMD/1159_B16_0744_42506040102.npz
B16_0745_125060408,/home/ubuntu/sunlong/gcms_consistency_old/dataset/20250606/745#HRJBCS125060408.D,745#HRJBCS125060408.D,16,20250606,745.0,HRJ,红河（软甲）,B,125060408,BCS125060408,HRJ,HRJ,HRJ,HRJ,HRJ,False,/home/ubuntu/sunlong/gcms_consistency_old/new_prepared_data/tensors/20250606/HRJ/1160_B16_0745_125060408.npz
B16_0746_125060406,/home/ubuntu/sunlong/gcms_consistency_old/dataset/20250606/746#HRYBCS125060406.D,746#HRYBCS125060406.D,16,20250606,746.0,HRY,云烟（软如意）,B,125060406,BCS125060406,HRY,HRY,HRY,HRY,HRY,False,/home/ubuntu/sunlong/gcms_consistency_old/new_prepared_data/tensors/20250606/HRY/1161_B16_0746_125060406.npz
B16_0747_125060404,/home/ubuntu/sunlong/gcms_consistency_old/dataset/20250606/747#HYZBCS125060404.D,747#HYZBCS125060404.D,16,20250606,747.0,HYZ,云烟（紫）,B,125060404,BCS125060404,HYZ,HYZ,HYZ,HYZ,HYZ,False,/home/ubuntu/sunlong/gcms_consistency_old/new_prepared_data/tensors/20250606/HYZ/1162_B16_0747_125060404.npz
B16_0748_125060410,/home/ubuntu/sunlong/gcms_consistency_old/dataset/20250606/748#HYZBCS125060410.D,748#HYZBCS125060410.D,16,20250606,748.0,HYZ,云烟（紫）,B,125060410,BCS125060410,HYZ,HYZ,HYZ,HYZ,HYZ,False,/home/ubuntu/sunlong/gcms_consistency_old/new_prepared_data/tensors/20250606/HYZ/1163_B16_0748_125060410.npz
B16_0749_125060413,/home/ubuntu/sunlong/gcms_consistency_old/dataset/20250606/749#HYZBCS125060413.D,749#HYZBCS125060413.D,16,20250606,749.0,HYZ,云烟（紫）,B,125060413,BCS125060413,HYZ,HYZ,HYZ,HYZ,HYZ,False,/home/ubuntu/sunlong/gcms_consistency_old/new_prepared_data/tensors/20250606/HYZ/1164_B16_0749_125060413.npz
B16_0750_125060415,/home/ubuntu/sunlong/gcms_consistency_old/dataset/20250606/750#HYZBCS125060415.D,750#HYZBCS125060415.D,16,20250606,750.0,HYZ,云烟（紫）,B,125060415,BCS125060415,HYZ,HYZ,HYZ,HYZ,HYZ,False,/home/ubuntu/sunlong/gcms_consistency_old/new_prepared_data/tensors/20250606/HYZ/1165_B16_0750_125060415.npz
B16_0751_125060416,/home/ubuntu/sunlong/gcms_consistency_old/dataset/20250606/751#HYZBCS125060416.D,751#HYZBCS125060416.D,16,20250606,751.0,HYZ,云烟（紫）,B,125060416,BCS125060416,HYZ,HYZ,HYZ,HYZ,HYZ,False,/home/ubuntu/sunlong/gcms_consistency_old/new_prepared_data/tensors/20250606/HYZ/1166_B16_0751_125060416.npz
B16_0752_125060401,/home/ubuntu/sunlong/gcms_consistency_old/dataset/20250606/752#YJDACS125060401.D,752#YJDACS125060401.D,16,20250606,752.0,YJD,红塔山（硬经典）,A,125060401,ACS125060401,YJD,YJD,YJD,YJD,YJD,False,/home/ubuntu/sunlong/gcms_consistency_old/new_prepared_data/tensors/20250606/YJD/1167_B16_0752_125060401.npz
B16_0753_125060403,/home/ubuntu/sunlong/gcms_consistency_old/dataset/20250606/753#YJDACS125060403.D,753#YJDACS125060403.D,16,20250606,753.0,YJD,红塔山（硬经典）,A,125060403,ACS125060403,YJD,YJD,YJD,YJD,YJD,False,/home/ubuntu/sunlong/gcms_consistency_old/new_prepared_data/tensors/20250606/YJD/1168_B16_0753_125060403.npz
B16_0754_125060409,/home/ubuntu/sunlong/gcms_consistency_old/dataset/20250606/754#YJDACS125060409.D,754#YJDACS125060409.D,16,20250606,754.0,YJD,红塔山（硬经典）,A,125060409,ACS125060409,YJD,YJD,YJD,YJD,YJD,False,/home/ubuntu/sunlong/gcms_consistency_old/new_prepared_data/tensors/20250606/YJD/1169_B16_0754_125060409.npz
B16_0755_125060412,/home/ubuntu/sunlong/gcms_consistency_old/dataset/20250606/755#YJDACS125060412.D,755#YJDACS125060412.D,16,20250606,755.0,YJD,红塔山（硬经典）,A,125060412,ACS125060412,YJD,YJD,YJD,YJD,YJD,False,/home/ubuntu/sunlong/gcms_consistency_old/new_prepared_data/tensors/20250606/YJD/1170_B16_0755_125060412.npz
B16_0756_125060505,/home/ubuntu/sunlong/gcms_consistency_old/dataset/20250606/756#H88CCS125060505.D,756#H88CCS125060505.D,16,20250606,756.0,H88,红河（88）,C,125060505,CCS125060505,H88,H88,H88,H88,H88,False,/home/ubuntu/sunlong/gcms_consistency_old/new_prepared_data/tensors/20250606/H88/1171_B16_0756_125060505.npz
B16_0757_125060508,/home/ubuntu/sunlong/gcms_consistency_old/dataset/20250606/757#H88CCS125060508.D,757#H88CCS125060508.D,16,20250606,757.0,H88,红河（88）,C,125060508,CCS125060508,H88,H88,H88,H88,H88,False,/home/ubuntu/sunlong/gcms_consistency_old/new_prepared_data/tensors/20250606/H88/1172_B16_0757_125060508.npz
B16_0758_125060514,/home/ubuntu/sunlong/gcms_consistency_old/dataset/20250606/758#H88CCS125060514.D,758#H88CCS125060514.D,16,20250606,758.0,H88,红河（88）,C,125060514,CCS125060514,H88,H88,H88,H88,H88,False,/home/ubuntu/sunlong/gcms_consistency_old/new_prepared_data/tensors/20250606/H88/1173_B16_0758_125060514.npz
B16_0759_125060502,/home/ubuntu/sunlong/gcms_consistency_old/dataset/20250606/759#H99CCS125060502.D,759#H99CCS125060502.D,16,20250606,759.0,H99,红河（99）,C,125060502,CCS125060502,H99,H99,H99,H99,H99,False,/home/ubuntu/sunlong/gcms_consistency_old/new_prepared_data/tensors/20250606/H99/1174_B16_0759_125060502.npz
B16_0760_125060511,/home/ubuntu/sunlong/gcms_consistency_old/dataset/20250606/760#H99CCS125060511.D,760#H99CCS125060511.D,16,20250606,760.0,H99,红河（99）,C,125060511,CCS125060511,H99,H99,H99,H99,H99,False,/home/ubuntu/sunlong/gcms_consistency_old/new_prepared_data/tensors/20250606/H99/1175_B16_0760_125060511.npz
B16_0761_125060517,/home/ubuntu/sunlong/gcms_consistency_old/dataset/20250606/761#HV8ACS125060517.D,761#HV8ACS125060517.D,16,20250606,761.0,HV8,红河（V8）,A,125060517,ACS125060517,HV8,HV8,HV8,HV8,HV8,False,/home/ubuntu/sunlong/gcms_consistency_old/new_prepared_data/tensors/20250606/HV8/1176_B16_0761_125060517.npz
B16_0762_125060501,/home/ubuntu/sunlong/gcms_consistency_old/dataset/20250606/762#HYZBCS125060501.D,762#HYZBCS125060501.D,16,20250606,762.0,HYZ,云烟（紫）,B,125060501,BCS125060501,HYZ,HYZ,HYZ,HYZ,HYZ,False,/home/ubuntu/sunlong/gcms_consistency_old/new_prepared_data/tensors/20250606/HYZ/1177_B16_0762_125060501.npz
B16_0763_125060504,/home/ubuntu/sunlong/gcms_consistency_old/dataset/20250606/763#HYZBCS125060504.D,763#HYZBCS125060504.D,16,20250606,763.0,HYZ,云烟（紫）,B,125060504,BCS125060504,HYZ,HYZ,HYZ,HYZ,HYZ,False,/home/ubuntu/sunlong/gcms_consistency_old/new_prepared_data/tensors/20250606/HYZ/1178_B16_0763_125060504.npz
B16_0764_125060507,/home/ubuntu/sunlong/gcms_consistency_old/dataset/20250606/764#HYZBCS125060507.D,764#HYZBCS125060507.D,16,20250606,764.0,HYZ,云烟（紫）,B,125060507,BCS125060507,HYZ,HYZ,HYZ,HYZ,HYZ,False,/home/ubuntu/sunlong/gcms_consistency_old/new_prepared_data/tensors/20250606/HYZ/1179_B16_0764_125060507.npz
B16_0765_125060510,/home/ubuntu/sunlong/gcms_consistency_old/dataset/20250606/765#HYZBCS125060510.D,765#HYZBCS125060510.D,16,20250606,765.0,HYZ,云烟（紫）,B,125060510,BCS125060510,HYZ,HYZ,HYZ,HYZ,HYZ,False,/home/ubuntu/sunlong/gcms_consistency_old/new_prepared_data/tensors/20250606/HYZ/1180_B16_0765_125060510.npz
B16_0766_125060513,/home/ubuntu/sunlong/gcms_consistency_old/dataset/20250606/766#HYZBCS125060513.D,766#HYZBCS125060513.D,16,20250606,766.0,HYZ,云烟（紫）,B,125060513,BCS125060513,HYZ,HYZ,HYZ,HYZ,HYZ,False,/home/ubuntu/sunlong/gcms_consistency_old/new_prepared_data/tensors/20250606/HYZ/1181_B16_0766_125060513.npz
B16_0767_125060515,/home/ubuntu/sunlong/gcms_consistency_old/dataset/20250606/767#HYZBCS125060515.D,767#HYZBCS125060515.D,16,20250606,767.0,HYZ,云烟（紫）,B,125060515,BCS125060515,HYZ,HYZ,HYZ,HYZ,HYZ,False,/home/ubuntu/sunlong/gcms_consistency_old/new_prepared_data/tensors/20250606/HYZ/1182_B16_0767_125060515.npz
B16_0768_125060516,/home/ubuntu/sunlong/gcms_consistency_old/dataset/20250606/768#HYZBCS125060516.D,768#HYZBCS125060516.D,16,20250606,768.0,HYZ,云烟（紫）,B,125060516,BCS125060516,HYZ,HYZ,HYZ,HYZ,HYZ,False,/home/ubuntu/sunlong/gcms_consistency_old/new_prepared_data/tensors/20250606/HYZ/1183_B16_0768_125060516.npz
B16_0769_125060503,/home/ubuntu/sunlong/gcms_consistency_old/dataset/20250606/769#YJDACS125060503.D,769#YJDACS125060503.D,16,20250606,769.0,YJD,红塔山（硬经典）,A,125060503,ACS125060503,YJD,YJD,YJD,YJD,YJD,False,/home/ubuntu/sunlong/gcms_consistency_old/new_prepared_data/tensors/20250606/YJD/1184_B16_0769_125060503.npz
B16_0770_125060506,/home/ubuntu/sunlong/gcms_consistency_old/dataset/20250606/770#YJDACS125060506.D,770#YJDACS125060506.D,16,20250606,770.0,YJD,红塔山（硬经典）,A,125060506,ACS125060506,YJD,YJD,YJD,YJD,YJD,False,/home/ubuntu/sunlong/gcms_consistency_old/new_prepared_data/tensors/20250606/YJD/1185_B16_0770_125060506.npz
B16_0771_125060509,/home/ubuntu/sunlong/gcms_consistency_old/dataset/20250606/771#YJDACS125060509.D,771#YJDACS125060509.D,16,20250606,771.0,YJD,红塔山（硬经典）,A,125060509,ACS125060509,YJD,YJD,YJD,YJD,YJD,False,/home/ubuntu/sunlong/gcms_consistency_old/new_prepared_data/tensors/20250606/YJD/1186_B16_0771_125060509.npz
B16_0772_125060512,/home/ubuntu/sunlong/gcms_consistency_old/dataset/20250606/772#YJDACS125060512.D,772#YJDACS125060512.D,16,20250606,772.0,YJD,红塔山（硬经典）,A,125060512,ACS125060512,YJD,YJD,YJD,YJD,YJD,False,/home/ubuntu/sunlong/gcms_consistency_old/new_prepared_data/tensors/20250606/YJD/1187_B16_0772_125060512.npz
B16_0773_125060606,/home/ubuntu/sunlong/gcms_consistency_old/dataset/20250606/773#H88CCS125060606.D,773#H88CCS125060606.D,16,20250606,773.0,H88,红河（88）,C,125060606,CCS125060606,H88,H88,H88,H88,H88,False,/home/ubuntu/sunlong/gcms_consistency_old/new_prepared_data/tensors/20250606/H88/1188_B16_0773_125060606.npz
B16_0774_125060608,/home/ubuntu/sunlong/gcms_consistency_old/dataset/20250606/774#H88CCS125060608.D,774#H88CCS125060608.D,16,20250606,774.0,H88,红河（88）,C,125060608,CCS125060608,H88,H88,H88,H88,H88,False,/home/ubuntu/sunlong/gcms_consistency_old/new_prepared_data/tensors/20250606/H88/1189_B16_0774_125060608.npz
B16_0775_125060610,/home/ubuntu/sunlong/gcms_consistency_old/dataset/20250606/775#H88CCS125060610.D,775#H88CCS125060610.D,16,20250606,775.0,H88,红河（88）,C,125060610,CCS125060610,H88,H88,H88,H88,H88,False,/home/ubuntu/sunlong/gcms_consistency_old/new_prepared_data/tensors/20250606/H88/1190_B16_0775_125060610.npz
B16_0776_125060613,/home/ubuntu/sunlong/gcms_consistency_old/dataset/20250606/776#H88CCS125060613.D,776#H88CCS125060613.D,16,20250606,776.0,H88,红河（88）,C,125060613,CCS125060613,H88,H88,H88,H88,H88,False,/home/ubuntu/sunlong/gcms_consistency_old/new_prepared_data/tensors/20250606/H88/1191_B16_0776_125060613.npz
B16_0777_125060603,/home/ubuntu/sunlong/gcms_consistency_old/dataset/20250606/777#H99CCS125060603.D,777#H99CCS125060603.D,16,20250606,777.0,H99,红河（99）,C,125060603,CCS125060603,H99,H99,H99,H99,H99,False,/home/ubuntu/sunlong/gcms_consistency_old/new_prepared_data/tensors/20250606/H99/1192_B16_0777_125060603.npz
B16_0778_125060617,/home/ubuntu/sunlong/gcms_consistency_old/dataset/20250606/778#H99CCS125060617.D,778#H99CCS125060617.D,16,20250606,778.0,H99,红河（99）,C,125060617,CCS125060617,H99,H99,H99,H99,H99,False,/home/ubuntu/sunlong/gcms_consistency_old/new_prepared_data/tensors/20250606/H99/1193_B16_0778_125060617.npz
B16_0779_125060602,/home/ubuntu/sunlong/gcms_consistency_old/dataset/20250606/779#HRJBCS125060602.D,779#HRJBCS125060602.D,16,20250606,779.0,HRJ,红河（软甲）,B,125060602,BCS125060602,HRJ,HRJ,HRJ,HRJ,HRJ,False,/home/ubuntu/sunlong/gcms_consistency_old/new_prepared_data/tensors/20250606/HRJ/1194_B16_0779_125060602.npz
B16_0780_125060605,/home/ubuntu/sunlong/gcms_consistency_old/dataset/20250606/780#HRJBCS125060605.D,780#HRJBCS125060605.D,16,20250606,780.0,HRJ,红河（软甲）,B,125060605,BCS125060605,HRJ,HRJ,HRJ,HRJ,HRJ,False,/home/ubuntu/sunlong/gcms_consistency_old/new_prepared_data/tensors/20250606/HRJ/1195_B16_0780_125060605.npz
B16_0781_125060607,/home/ubuntu/sunlong/gcms_consistency_old/dataset/20250606/781#HYZBCS125060607.D,781#HYZBCS125060607.D,16,20250606,781.0,HYZ,云烟（紫）,B,125060607,BCS125060607,HYZ,HYZ,HYZ,HYZ,HYZ,False,/home/ubuntu/sunlong/gcms_consistency_old/new_prepared_data/tensors/20250606/HYZ/1196_B16_0781_125060607.npz
B16_0782_125060609,/home/ubuntu/sunlong/gcms_consistency_old/dataset/20250606/782#HYZBCS125060609.D,782#HYZBCS125060609.D,16,20250606,782.0,HYZ,云烟（紫）,B,125060609,BCS125060609,HYZ,HYZ,HYZ,HYZ,HYZ,False,/home/ubuntu/sunlong/gcms_consistency_old/new_prepared_data/tensors/20250606/HYZ/1197_B16_0782_125060609.npz
B16_0783_125060612,/home/ubuntu/sunlong/gcms_consistency_old/dataset/20250606/783#HYZBCS125060612.D,783#HYZBCS125060612.D,16,20250606,783.0,HYZ,云烟（紫）,B,125060612,BCS125060612,HYZ,HYZ,HYZ,HYZ,HYZ,False,/home/ubuntu/sunlong/gcms_consistency_old/new_prepared_data/tensors/20250606/HYZ/1198_B16_0783_125060612.npz
B16_0784_125060615,/home/ubuntu/sunlong/gcms_consistency_old/dataset/20250606/784#HYZBCS125060615.D,784#HYZBCS125060615.D,16,20250606,784.0,HYZ,云烟（紫）,B,125060615,BCS125060615,HYZ,HYZ,HYZ,HYZ,HYZ,False,/home/ubuntu/sunlong/gcms_consistency_old/new_prepared_data/tensors/20250606/HYZ/1199_B16_0784_125060615.npz
B16_0785_125060616,/home/ubuntu/sunlong/gcms_consistency_old/dataset/20250606/785#HYZBCS125060616.D,785#HYZBCS125060616.D,16,20250606,785.0,HYZ,云烟（紫）,B,125060616,BCS125060616,HYZ,HYZ,HYZ,HYZ,HYZ,False,/home/ubuntu/sunlong/gcms_consistency_old/new_prepared_data/tensors/20250606/HYZ/1200_B16_0785_125060616.npz
B16_0786_125060601,/home/ubuntu/sunlong/gcms_consistency_old/dataset/20250606/786#YJDACS125060601.D,786#YJDACS125060601.D,16,20250606,786.0,YJD,红塔山（硬经典）,A,125060601,ACS125060601,YJD,YJD,YJD,YJD,YJD,False,/home/ubuntu/sunlong/gcms_consistency_old/new_prepared_data/tensors/20250606/YJD/1201_B16_0786_125060601.npz
B16_0787_125060604,/home/ubuntu/sunlong/gcms_consistency_old/dataset/20250606/787#YJDACS125060604.D,787#YJDACS125060604.D,16,20250606,787.0,YJD,红塔山（硬经典）,A,125060604,ACS125060604,YJD,YJD,YJD,YJD,YJD,False,/home/ubuntu/sunlong/gcms_consistency_old/new_prepared_data/tensors/20250606/YJD/1202_B16_0787_125060604.npz
B16_0788_125060611,/home/ubuntu/sunlong/gcms_consistency_old/dataset/20250606/788#YJDACS125060611.D,788#YJDACS125060611.D,16,20250606,788.0,YJD,红塔山（硬经典）,A,125060611,ACS125060611,YJD,YJD,YJD,YJD,YJD,False,/home/ubuntu/sunlong/gcms_consistency_old/new_prepared_data/tensors/20250606/YJD/1203_B16_0788_125060611.npz
B16_0789_125060614,/home/ubuntu/sunlong/gcms_consistency_old/dataset/20250606/789#YJDACS125060614.D,789#YJDACS125060614.D,16,20250606,789.0,YJD,红塔山（硬经典）,A,125060614,ACS125060614,YJD,YJD,YJD,YJD,YJD,False,/home/ubuntu/sunlong/gcms_consistency_old/new_prepared_data/tensors/20250606/YJD/1204_B16_0789_125060614.npz
B17_0000_0#blank,/home/ubuntu/sunlong/gcms_consistency_old/dataset/20250619/0#blank.D,0#blank.D,17,20250619,0.0,BLANK,空白样,,,0#blank,BLANK,BLANK,BLANK,BLANK,BLANK,True,/home/ubuntu/sunlong/gcms_consistency_old/new_prepared_data/tensors/20250619/BLANK/1205_B17_0000_0_blank.npz
B17_0790_125060902,/home/ubuntu/sunlong/gcms_consistency_old/dataset/20250619/790#H88CCS125060902.D,790#H88CCS125060902.D,17,20250619,790.0,H88,红河（88）,C,125060902,CCS125060902,H88,H88,H88,H88,H88,False,/home/ubuntu/sunlong/gcms_consistency_old/new_prepared_data/tensors/20250619/H88/1206_B17_0790_125060902.npz
B17_0791_125060905,/home/ubuntu/sunlong/gcms_consistency_old/dataset/20250619/791#H88CCS125060905.D,791#H88CCS125060905.D,17,20250619,791.0,H88,红河（88）,C,125060905,CCS125060905,H88,H88,H88,H88,H88,False,/home/ubuntu/sunlong/gcms_consistency_old/new_prepared_data/tensors/20250619/H88/1207_B17_0791_125060905.npz
B17_0792_125060911,/home/ubuntu/sunlong/gcms_consistency_old/dataset/20250619/792#HRJBCS125060911.D,792#HRJBCS125060911.D,17,20250619,792.0,HRJ,红河（软甲）,B,125060911,BCS125060911,HRJ,HRJ,HRJ,HRJ,HRJ,False,/home/ubuntu/sunlong/gcms_consistency_old/new_prepared_data/tensors/20250619/HRJ/1208_B17_0792_125060911.npz
B17_0793_12500908,/home/ubuntu/sunlong/gcms_consistency_old/dataset/20250619/793#HYZBCS12500908.D,793#HYZBCS12500908.D,17,20250619,793.0,HYZ,云烟（紫）,B,12500908,BCS12500908,HYZ,HYZ,HYZ,HYZ,HYZ,False,/home/ubuntu/sunlong/gcms_consistency_old/new_prepared_data/tensors/20250619/HYZ/1209_B17_0793_12500908.npz
B17_0794_125060901,/home/ubuntu/sunlong/gcms_consistency_old/dataset/20250619/794#HYZBCS125060901.D,794#HYZBCS125060901.D,17,20250619,794.0,HYZ,云烟（紫）,B,125060901,BCS125060901,HYZ,HYZ,HYZ,HYZ,HYZ,False,/home/ubuntu/sunlong/gcms_consistency_old/new_prepared_data/tensors/20250619/HYZ/1210_B17_0794_125060901.npz
B17_0795_125060904,/home/ubuntu/sunlong/gcms_consistency_old/dataset/20250619/795#HYZBCS125060904.D,795#HYZBCS125060904.D,17,20250619,795.0,HYZ,云烟（紫）,B,125060904,BCS125060904,HYZ,HYZ,HYZ,HYZ,HYZ,False,/home/ubuntu/sunlong/gcms_consistency_old/new_prepared_data/tensors/20250619/HYZ/1211_B17_0795_125060904.npz
B17_0796_125060906,/home/ubuntu/sunlong/gcms_consistency_old/dataset/20250619/796#HYZBCS125060906.D,796#HYZBCS125060906.D,17,20250619,796.0,HYZ,云烟（紫）,B,125060906,BCS125060906,HYZ,HYZ,HYZ,HYZ,HYZ,False,/home/ubuntu/sunlong/gcms_consistency_old/new_prepared_data/tensors/20250619/HYZ/1212_B17_0796_125060906.npz
B17_0797_125060910,/home/ubuntu/sunlong/gcms_consistency_old/dataset/20250619/797#HYZBCS125060910.D,797#HYZBCS125060910.D,17,20250619,797.0,HYZ,云烟（紫）,B,125060910,BCS125060910,HYZ,HYZ,HYZ,HYZ,HYZ,False,/home/ubuntu/sunlong/gcms_consistency_old/new_prepared_data/tensors/20250619/HYZ/1213_B17_0797_125060910.npz
B17_0798_125060907,/home/ubuntu/sunlong/gcms_consistency_old/dataset/20250619/798#HYZCCS125060907.D,798#HYZCCS125060907.D,17,20250619,798.0,HYZ,云烟（紫）,C,125060907,CCS125060907,HYZ,HYZ,HYZ,HYZ,HYZ,False,/home/ubuntu/sunlong/gcms_consistency_old/new_prepared_data/tensors/20250619/HYZ/1214_B17_0798_125060907.npz
B17_0799_125060909,/home/ubuntu/sunlong/gcms_consistency_old/dataset/20250619/799#HYZCCS125060909.D,799#HYZCCS125060909.D,17,20250619,799.0,HYZ,云烟（紫）,C,125060909,CCS125060909,HYZ,HYZ,HYZ,HYZ,HYZ,False,/home/ubuntu/sunlong/gcms_consistency_old/new_prepared_data/tensors/20250619/HYZ/1215_B17_0799_125060909.npz
B17_0800_125060903,/home/ubuntu/sunlong/gcms_consistency_old/dataset/20250619/800#YJDACS125060903.D,800#YJDACS125060903.D,17,20250619,800.0,YJD,红塔山（硬经典）,A,125060903,ACS125060903,YJD,YJD,YJD,YJD,YJD,False,/home/ubuntu/sunlong/gcms_consistency_old/new_prepared_data/tensors/20250619/YJD/1216_B17_0800_125060903.npz
B17_0801_125061009,/home/ubuntu/sunlong/gcms_consistency_old/dataset/20250619/801#H88CCS125061009.D,801#H88CCS125061009.D,17,20250619,801.0,H88,红河（88）,C,125061009,CCS125061009,H88,H88,H88,H88,H88,False,/home/ubuntu/sunlong/gcms_consistency_old/new_prepared_data/tensors/20250619/H88/1217_B17_0801_125061009.npz
B17_0802_125061012,/home/ubuntu/sunlong/gcms_consistency_old/dataset/20250619/802#H88CCS125061012.D,802#H88CCS125061012.D,17,20250619,802.0,H88,红河（88）,C,125061012,CCS125061012,H88,H88,H88,H88,H88,False,/home/ubuntu/sunlong/gcms_consistency_old/new_prepared_data/tensors/20250619/H88/1218_B17_0802_125061012.npz
B17_0803_125061006,/home/ubuntu/sunlong/gcms_consistency_old/dataset/20250619/803#HRJBCS125061006.D,803#HRJBCS125061006.D,17,20250619,803.0,HRJ,红河（软甲）,B,125061006,BCS125061006,HRJ,HRJ,HRJ,HRJ,HRJ,False,/home/ubuntu/sunlong/gcms_consistency_old/new_prepared_data/tensors/20250619/HRJ/1219_B17_0803_125061006.npz
B17_0804_125061010,/home/ubuntu/sunlong/gcms_consistency_old/dataset/20250619/804#HRJBCS125061010.D,804#HRJBCS125061010.D,17,20250619,804.0,HRJ,红河（软甲）,B,125061010,BCS125061010,HRJ,HRJ,HRJ,HRJ,HRJ,False,/home/ubuntu/sunlong/gcms_consistency_old/new_prepared_data/tensors/20250619/HRJ/1220_B17_0804_125061010.npz
B17_0805_125061013,/home/ubuntu/sunlong/gcms_consistency_old/dataset/20250619/805#HRJBCS125061013.D,805#HRJBCS125061013.D,17,20250619,805.0,HRJ,红河（软甲）,B,125061013,BCS125061013,HRJ,HRJ,HRJ,HRJ,HRJ,False,/home/ubuntu/sunlong/gcms_consistency_old/new_prepared_data/tensors/20250619/HRJ/1221_B17_0805_125061013.npz
B17_0806_125061003,/home/ubuntu/sunlong/gcms_consistency_old/dataset/20250619/806#HYZBCS125061003.D,806#HYZBCS125061003.D,17,20250619,806.0,HYZ,云烟（紫）,B,125061003,BCS125061003,HYZ,HYZ,HYZ,HYZ,HYZ,False,/home/ubuntu/sunlong/gcms_consistency_old/new_prepared_data/tensors/20250619/HYZ/1222_B17_0806_125061003.npz
B17_0807_125061014,/home/ubuntu/sunlong/gcms_consistency_old/dataset/20250619/807#HYZBCS125061014.D,807#HYZBCS125061014.D,17,20250619,807.0,HYZ,云烟（紫）,B,125061014,BCS125061014,HYZ,HYZ,HYZ,HYZ,HYZ,False,/home/ubuntu/sunlong/gcms_consistency_old/new_prepared_data/tensors/20250619/HYZ/1223_B17_0807_125061014.npz
B17_0808_125061015,/home/ubuntu/sunlong/gcms_consistency_old/dataset/20250619/808#HYZBCS125061015.D,808#HYZBCS125061015.D,17,20250619,808.0,HYZ,云烟（紫）,B,125061015,BCS125061015,HYZ,HYZ,HYZ,HYZ,HYZ,False,/home/ubuntu/sunlong/gcms_consistency_old/new_prepared_data/tensors/20250619/HYZ/1224_B17_0808_125061015.npz
B17_0809_125061004,/home/ubuntu/sunlong/gcms_consistency_old/dataset/20250619/809#HYZCCS125061004.D,809#HYZCCS125061004.D,17,20250619,809.0,HYZ,云烟（紫）,C,125061004,CCS125061004,HYZ,HYZ,HYZ,HYZ,HYZ,False,/home/ubuntu/sunlong/gcms_consistency_old/new_prepared_data/tensors/20250619/HYZ/1225_B17_0809_125061004.npz
B17_0810_125061007,/home/ubuntu/sunlong/gcms_consistency_old/dataset/20250619/810#HYZCCS125061007.D,810#HYZCCS125061007.D,17,20250619,810.0,HYZ,云烟（紫）,C,125061007,CCS125061007,HYZ,HYZ,HYZ,HYZ,HYZ,False,/home/ubuntu/sunlong/gcms_consistency_old/new_prepared_data/tensors/20250619/HYZ/1226_B17_0810_125061007.npz
B17_0811_125061002,/home/ubuntu/sunlong/gcms_consistency_old/dataset/20250619/811#YJDACS125061002.D,811#YJDACS125061002.D,17,20250619,811.0,YJD,红塔山（硬经典）,A,125061002,ACS125061002,YJD,YJD,YJD,YJD,YJD,False,/home/ubuntu/sunlong/gcms_consistency_old/new_prepared_data/tensors/20250619/YJD/1227_B17_0811_125061002.npz
B17_0812_125061005,/home/ubuntu/sunlong/gcms_consistency_old/dataset/20250619/812#YJDACS125061005.D,812#YJDACS125061005.D,17,20250619,812.0,YJD,红塔山（硬经典）,A,125061005,ACS125061005,YJD,YJD,YJD,YJD,YJD,False,/home/ubuntu/sunlong/gcms_consistency_old/new_prepared_data/tensors/20250619/YJD/1228_B17_0812_125061005.npz
B17_0813_125061008,/home/ubuntu/sunlong/gcms_consistency_old/dataset/20250619/813#YJDACS125061008.D,813#YJDACS125061008.D,17,20250619,813.0,YJD,红塔山（硬经典）,A,125061008,ACS125061008,YJD,YJD,YJD,YJD,YJD,False,/home/ubuntu/sunlong/gcms_consistency_old/new_prepared_data/tensors/20250619/YJD/1229_B17_0813_125061008.npz
B17_0814_125061011,/home/ubuntu/sunlong/gcms_consistency_old/dataset/20250619/814#YJDACS125061011.D,814#YJDACS125061011.D,17,20250619,814.0,YJD,红塔山（硬经典）,A,125061011,ACS125061011,YJD,YJD,YJD,YJD,YJD,False,/home/ubuntu/sunlong/gcms_consistency_old/new_prepared_data/tensors/20250619/YJD/1230_B17_0814_125061011.npz
B17_0815_125061103,/home/ubuntu/sunlong/gcms_consistency_old/dataset/20250619/815#H88CCS125061103.D,815#H88CCS125061103.D,17,20250619,815.0,H88,红河（88）,C,125061103,CCS125061103,H88,H88,H88,H88,H88,False,/home/ubuntu/sunlong/gcms_consistency_old/new_prepared_data/tensors/20250619/H88/1231_B17_0815_125061103.npz
B17_0816_125061106,/home/ubuntu/sunlong/gcms_consistency_old/dataset/20250619/816#H88CCS125061106.D,816#H88CCS125061106.D,17,20250619,816.0,H88,红河（88）,C,125061106,CCS125061106,H88,H88,H88,H88,H88,False,/home/ubuntu/sunlong/gcms_consistency_old/new_prepared_data/tensors/20250619/H88/1232_B17_0816_125061106.npz
B17_0817_125061109,/home/ubuntu/sunlong/gcms_consistency_old/dataset/20250619/817#H88CCS125061109.D,817#H88CCS125061109.D,17,20250619,817.0,H88,红河（88）,C,125061109,CCS125061109,H88,H88,H88,H88,H88,False,/home/ubuntu/sunlong/gcms_consistency_old/new_prepared_data/tensors/20250619/H88/1233_B17_0817_125061109.npz
B17_0818_125061112,/home/ubuntu/sunlong/gcms_consistency_old/dataset/20250619/818#H88CCS125061112.D,818#H88CCS125061112.D,17,20250619,818.0,H88,红河（88）,C,125061112,CCS125061112,H88,H88,H88,H88,H88,False,/home/ubuntu/sunlong/gcms_consistency_old/new_prepared_data/tensors/20250619/H88/1234_B17_0818_125061112.npz
B17_0819_125061115,/home/ubuntu/sunlong/gcms_consistency_old/dataset/20250619/819#H88CCS125061115.D,819#H88CCS125061115.D,17,20250619,819.0,H88,红河（88）,C,125061115,CCS125061115,H88,H88,H88,H88,H88,False,/home/ubuntu/sunlong/gcms_consistency_old/new_prepared_data/tensors/20250619/H88/1235_B17_0819_125061115.npz
B17_0820_125061110,/home/ubuntu/sunlong/gcms_consistency_old/dataset/20250619/820#HRJBCS125061110.D,820#HRJBCS125061110.D,17,20250619,820.0,HRJ,红河（软甲）,B,125061110,BCS125061110,HRJ,HRJ,HRJ,HRJ,HRJ,False,/home/ubuntu/sunlong/gcms_consistency_old/new_prepared_data/tensors/20250619/HRJ/1236_B17_0820_125061110.npz
B17_0821_125061113,/home/ubuntu/sunlong/gcms_consistency_old/dataset/20250619/821#HRJBCS125061113.D,821#HRJBCS125061113.D,17,20250619,821.0,HRJ,红河（软甲）,B,125061113,BCS125061113,HRJ,HRJ,HRJ,HRJ,HRJ,False,/home/ubuntu/sunlong/gcms_consistency_old/new_prepared_data/tensors/20250619/HRJ/1237_B17_0821_125061113.npz
B17_0822_125061105,/home/ubuntu/sunlong/gcms_consistency_old/dataset/20250619/822#HYZBCS125061105.D,822#HYZBCS125061105.D,17,20250619,822.0,HYZ,云烟（紫）,B,125061105,BCS125061105,HYZ,HYZ,HYZ,HYZ,HYZ,False,/home/ubuntu/sunlong/gcms_consistency_old/new_prepared_data/tensors/20250619/HYZ/1238_B17_0822_125061105.npz
B17_0823_125061108,/home/ubuntu/sunlong/gcms_consistency_old/dataset/20250619/823#HYZBCS125061108.D,823#HYZBCS125061108.D,17,20250619,823.0,HYZ,云烟（紫）,B,125061108,BCS125061108,HYZ,HYZ,HYZ,HYZ,HYZ,False,/home/ubuntu/sunlong/gcms_consistency_old/new_prepared_data/tensors/20250619/HYZ/1239_B17_0823_125061108.npz
B17_0824_125061114,/home/ubuntu/sunlong/gcms_consistency_old/dataset/20250619/824#HYZBCS125061114.D,824#HYZBCS125061114.D,17,20250619,824.0,HYZ,云烟（紫）,B,125061114,BCS125061114,HYZ,HYZ,HYZ,HYZ,HYZ,False,/home/ubuntu/sunlong/gcms_consistency_old/new_prepared_data/tensors/20250619/HYZ/1240_B17_0824_125061114.npz
B17_0825_125061116,/home/ubuntu/sunlong/gcms_consistency_old/dataset/20250619/825#HYZBCS125061116.D,825#HYZBCS125061116.D,17,20250619,825.0,HYZ,云烟（紫）,B,125061116,BCS125061116,HYZ,HYZ,HYZ,HYZ,HYZ,False,/home/ubuntu/sunlong/gcms_consistency_old/new_prepared_data/tensors/20250619/HYZ/1241_B17_0825_125061116.npz
B17_0826_125061117,/home/ubuntu/sunlong/gcms_consistency_old/dataset/20250619/826#HYZBCS125061117.D,826#HYZBCS125061117.D,17,20250619,826.0,HYZ,云烟（紫）,B,125061117,BCS125061117,HYZ,HYZ,HYZ,HYZ,HYZ,False,/home/ubuntu/sunlong/gcms_consistency_old/new_prepared_data/tensors/20250619/HYZ/1242_B17_0826_125061117.npz
B17_0827_125061101,/home/ubuntu/sunlong/gcms_consistency_old/dataset/20250619/827#YJDACS125061101.D,827#YJDACS125061101.D,17,20250619,827.0,YJD,红塔山（硬经典）,A,125061101,ACS125061101,YJD,YJD,YJD,YJD,YJD,False,/home/ubuntu/sunlong/gcms_consistency_old/new_prepared_data/tensors/20250619/YJD/1243_B17_0827_125061101.npz
B17_0828_125061104,/home/ubuntu/sunlong/gcms_consistency_old/dataset/20250619/828#YJDACS125061104.D,828#YJDACS125061104.D,17,20250619,828.0,YJD,红塔山（硬经典）,A,125061104,ACS125061104,YJD,YJD,YJD,YJD,YJD,False,/home/ubuntu/sunlong/gcms_consistency_old/new_prepared_data/tensors/20250619/YJD/1244_B17_0828_125061104.npz
B17_0829_125061107,/home/ubuntu/sunlong/gcms_consistency_old/dataset/20250619/829#YJDACS125061107.D,829#YJDACS125061107.D,17,20250619,829.0,YJD,红塔山（硬经典）,A,125061107,ACS125061107,YJD,YJD,YJD,YJD,YJD,False,/home/ubuntu/sunlong/gcms_consistency_old/new_prepared_data/tensors/20250619/YJD/1245_B17_0829_125061107.npz
B17_0830_125061111,/home/ubuntu/sunlong/gcms_consistency_old/dataset/20250619/830#YJDACS125061111.D,830#YJDACS125061111.D,17,20250619,830.0,YJD,红塔山（硬经典）,A,125061111,ACS125061111,YJD,YJD,YJD,YJD,YJD,False,/home/ubuntu/sunlong/gcms_consistency_old/new_prepared_data/tensors/20250619/YJD/1246_B17_0830_125061111.npz
B17_0831_125061204,/home/ubuntu/sunlong/gcms_consistency_old/dataset/20250619/831#H88CCS125061204.D,831#H88CCS125061204.D,17,20250619,831.0,H88,红河（88）,C,125061204,CCS125061204,H88,H88,H88,H88,H88,False,/home/ubuntu/sunlong/gcms_consistency_old/new_prepared_data/tensors/20250619/H88/1247_B17_0831_125061204.npz
B17_0832_125061209,/home/ubuntu/sunlong/gcms_consistency_old/dataset/20250619/832#H88CCS125061209.D,832#H88CCS125061209.D,17,20250619,832.0,H88,红河（88）,C,125061209,CCS125061209,H88,H88,H88,H88,H88,False,/home/ubuntu/sunlong/gcms_consistency_old/new_prepared_data/tensors/20250619/H88/1248_B17_0832_125061209.npz
B17_0833_425061201,/home/ubuntu/sunlong/gcms_consistency_old/dataset/20250619/833#H88CCS425061201.D,833#H88CCS425061201.D,17,20250619,833.0,H88,红河（88）,C,425061201,CCS425061201,H88,H88,H88,H88,H88,False,/home/ubuntu/sunlong/gcms_consistency_old/new_prepared_data/tensors/20250619/H88/1249_B17_0833_425061201.npz
B17_0834_425061202,/home/ubuntu/sunlong/gcms_consistency_old/dataset/20250619/834#H88CCS425061202.D,834#H88CCS425061202.D,17,20250619,834.0,H88,红河（88）,C,425061202,CCS425061202,H88,H88,H88,H88,H88,False,/home/ubuntu/sunlong/gcms_consistency_old/new_prepared_data/tensors/20250619/H88/1250_B17_0834_425061202.npz
B17_0835_425061203,/home/ubuntu/sunlong/gcms_consistency_old/dataset/20250619/835#H88CCS425061203.D,835#H88CCS425061203.D,17,20250619,835.0,H88,红河（88）,C,425061203,CCS425061203,H88,H88,H88,H88,H88,False,/home/ubuntu/sunlong/gcms_consistency_old/new_prepared_data/tensors/20250619/H88/1251_B17_0835_425061203.npz
B17_0836_125061207,/home/ubuntu/sunlong/gcms_consistency_old/dataset/20250619/836#H99CCS125061207.D,836#H99CCS125061207.D,17,20250619,836.0,H99,红河（99）,C,125061207,CCS125061207,H99,H99,H99,H99,H99,False,/home/ubuntu/sunlong/gcms_consistency_old/new_prepared_data/tensors/20250619/H99/1252_B17_0836_125061207.npz
B17_0837_125061210,/home/ubuntu/sunlong/gcms_consistency_old/dataset/20250619/837#HRJBCS125061210.D,837#HRJBCS125061210.D,17,20250619,837.0,HRJ,红河（软甲）,B,125061210,BCS125061210,HRJ,HRJ,HRJ,HRJ,HRJ,False,/home/ubuntu/sunlong/gcms_consistency_old/new_prepared_data/tensors/20250619/HRJ/1253_B17_0837_125061210.npz
B17_0838_125061211,/home/ubuntu/sunlong/gcms_consistency_old/dataset/20250619/838#HRJBCS125061211.D,838#HRJBCS125061211.D,17,20250619,838.0,HRJ,红河（软甲）,B,125061211,BCS125061211,HRJ,HRJ,HRJ,HRJ,HRJ,False,/home/ubuntu/sunlong/gcms_consistency_old/new_prepared_data/tensors/20250619/HRJ/1254_B17_0838_125061211.npz
B17_0839_125061212,/home/ubuntu/sunlong/gcms_consistency_old/dataset/20250619/839#HRJBCS125061212.D,839#HRJBCS125061212.D,17,20250619,839.0,HRJ,红河（软甲）,B,125061212,BCS125061212,HRJ,HRJ,HRJ,HRJ,HRJ,False,/home/ubuntu/sunlong/gcms_consistency_old/new_prepared_data/tensors/20250619/HRJ/1255_B17_0839_125061212.npz
B17_0840_125061203,/home/ubuntu/sunlong/gcms_consistency_old/dataset/20250619/840#HYZBCS125061203.D,840#HYZBCS125061203.D,17,20250619,840.0,HYZ,云烟（紫）,B,125061203,BCS125061203,HYZ,HYZ,HYZ,HYZ,HYZ,False,/home/ubuntu/sunlong/gcms_consistency_old/new_prepared_data/tensors/20250619/HYZ/1256_B17_0840_125061203.npz
B17_0841_125061206,/home/ubuntu/sunlong/gcms_consistency_old/dataset/20250619/841#HYZBCS125061206.D,841#HYZBCS125061206.D,17,20250619,841.0,HYZ,云烟（紫）,B,125061206,BCS125061206,HYZ,HYZ,HYZ,HYZ,HYZ,False,/home/ubuntu/sunlong/gcms_consistency_old/new_prepared_data/tensors/20250619/HYZ/1257_B17_0841_125061206.npz
B17_0842_125061213,/home/ubuntu/sunlong/gcms_consistency_old/dataset/20250619/842#HYZBCS125061213.D,842#HYZBCS125061213.D,17,20250619,842.0,HYZ,云烟（紫）,B,125061213,BCS125061213,HYZ,HYZ,HYZ,HYZ,HYZ,False,/home/ubuntu/sunlong/gcms_consistency_old/new_prepared_data/tensors/20250619/HYZ/1258_B17_0842_125061213.npz
B17_0843_125061214,/home/ubuntu/sunlong/gcms_consistency_old/dataset/20250619/843#HYZBCS125061214.D,843#HYZBCS125061214.D,17,20250619,843.0,HYZ,云烟（紫）,B,125061214,BCS125061214,HYZ,HYZ,HYZ,HYZ,HYZ,False,/home/ubuntu/sunlong/gcms_consistency_old/new_prepared_data/tensors/20250619/HYZ/1259_B17_0843_125061214.npz
B17_0844_225061201,/home/ubuntu/sunlong/gcms_consistency_old/dataset/20250619/844#XCJACS225061201.D,844#XCJACS225061201.D,17,20250619,844.0,XCJ,云烟（中支小重九）,A,225061201,ACS225061201,XCJ,XCJ,XCJ,XCJ,XCJ,False,/home/ubuntu/sunlong/gcms_consistency_old/new_prepared_data/tensors/20250619/XCJ/1260_B17_0844_225061201.npz
B17_0845_125061202,/home/ubuntu/sunlong/gcms_consistency_old/dataset/20250619/845#YJDACS125061202.D,845#YJDACS125061202.D,17,20250619,845.0,YJD,红塔山（硬经典）,A,125061202,ACS125061202,YJD,YJD,YJD,YJD,YJD,False,/home/ubuntu/sunlong/gcms_consistency_old/new_prepared_data/tensors/20250619/YJD/1261_B17_0845_125061202.npz
B17_0846_125061205,/home/ubuntu/sunlong/gcms_consistency_old/dataset/20250619/846#YJDACS125061205.D,846#YJDACS125061205.D,17,20250619,846.0,YJD,红塔山（硬经典）,A,125061205,ACS125061205,YJD,YJD,YJD,YJD,YJD,False,/home/ubuntu/sunlong/gcms_consistency_old/new_prepared_data/tensors/20250619/YJD/1262_B17_0846_125061205.npz
B17_0847_125061208,/home/ubuntu/sunlong/gcms_consistency_old/dataset/20250619/847#YJDACS125061208.D,847#YJDACS125061208.D,17,20250619,847.0,YJD,红塔山（硬经典）,A,125061208,ACS125061208,YJD,YJD,YJD,YJD,YJD,False,/home/ubuntu/sunlong/gcms_consistency_old/new_prepared_data/tensors/20250619/YJD/1263_B17_0847_125061208.npz
B17_0848_125061308,/home/ubuntu/sunlong/gcms_consistency_old/dataset/20250619/848#H88CCS125061308.D,848#H88CCS125061308.D,17,20250619,848.0,H88,红河（88）,C,125061308,CCS125061308,H88,H88,H88,H88,H88,False,/home/ubuntu/sunlong/gcms_consistency_old/new_prepared_data/tensors/20250619/H88/1264_B17_0848_125061308.npz
B17_0849_125061311,/home/ubuntu/sunlong/gcms_consistency_old/dataset/20250619/849#H88CCS125061311.D,849#H88CCS125061311.D,17,20250619,849.0,H88,红河（88）,C,125061311,CCS125061311,H88,H88,H88,H88,H88,False,/home/ubuntu/sunlong/gcms_consistency_old/new_prepared_data/tensors/20250619/H88/1265_B17_0849_125061311.npz
B17_0850_425061301,/home/ubuntu/sunlong/gcms_consistency_old/dataset/20250619/850#H88CCS425061301.D,850#H88CCS425061301.D,17,20250619,850.0,H88,红河（88）,C,425061301,CCS425061301,H88,H88,H88,H88,H88,False,/home/ubuntu/sunlong/gcms_consistency_old/new_prepared_data/tensors/20250619/H88/1266_B17_0850_425061301.npz
B17_0851_125061305,/home/ubuntu/sunlong/gcms_consistency_old/dataset/20250619/851#H99CCS125061305.D,851#H99CCS125061305.D,17,20250619,851.0,H99,红河（99）,C,125061305,CCS125061305,H99,H99,H99,H99,H99,False,/home/ubuntu/sunlong/gcms_consistency_old/new_prepared_data/tensors/20250619/H99/1267_B17_0851_125061305.npz
B17_0852_125061317,/home/ubuntu/sunlong/gcms_consistency_old/dataset/20250619/852#H99CCS125061317.D,852#H99CCS125061317.D,17,20250619,852.0,H99,红河（99）,C,125061317,CCS125061317,H99,H99,H99,H99,H99,False,/home/ubuntu/sunlong/gcms_consistency_old/new_prepared_data/tensors/20250619/H99/1268_B17_0852_125061317.npz
B17_0853_125061309,/home/ubuntu/sunlong/gcms_consistency_old/dataset/20250619/853#HRJBCS125061309.D,853#HRJBCS125061309.D,17,20250619,853.0,HRJ,红河（软甲）,B,125061309,BCS125061309,HRJ,HRJ,HRJ,HRJ,HRJ,False,/home/ubuntu/sunlong/gcms_consistency_old/new_prepared_data/tensors/20250619/HRJ/1269_B17_0853_125061309.npz
B17_0854_125061312,/home/ubuntu/sunlong/gcms_consistency_old/dataset/20250619/854#HRJBCS125061312.D,854#HRJBCS125061312.D,17,20250619,854.0,HRJ,红河（软甲）,B,125061312,BCS125061312,HRJ,HRJ,HRJ,HRJ,HRJ,False,/home/ubuntu/sunlong/gcms_consistency_old/new_prepared_data/tensors/20250619/HRJ/1270_B17_0854_125061312.npz
B17_0855_125061304,/home/ubuntu/sunlong/gcms_consistency_old/dataset/20250619/855#HYZBCS125061304.D,855#HYZBCS125061304.D,17,20250619,855.0,HYZ,云烟（紫）,B,125061304,BCS125061304,HYZ,HYZ,HYZ,HYZ,HYZ,False,/home/ubuntu/sunlong/gcms_consistency_old/new_prepared_data/tensors/20250619/HYZ/1271_B17_0855_125061304.npz
B17_0856_125061307,/home/ubuntu/sunlong/gcms_consistency_old/dataset/20250619/856#HYZBCS125061307.D,856#HYZBCS125061307.D,17,20250619,856.0,HYZ,云烟（紫）,B,125061307,BCS125061307,HYZ,HYZ,HYZ,HYZ,HYZ,False,/home/ubuntu/sunlong/gcms_consistency_old/new_prepared_data/tensors/20250619/HYZ/1272_B17_0856_125061307.npz
B17_0857_125061313,/home/ubuntu/sunlong/gcms_consistency_old/dataset/20250619/857#HYZBCS125061313.D,857#HYZBCS125061313.D,17,20250619,857.0,HYZ,云烟（紫）,B,125061313,BCS125061313,HYZ,HYZ,HYZ,HYZ,HYZ,False,/home/ubuntu/sunlong/gcms_consistency_old/new_prepared_data/tensors/20250619/HYZ/1273_B17_0857_125061313.npz
B17_0858_125061314,/home/ubuntu/sunlong/gcms_consistency_old/dataset/20250619/858#HYZBCS125061314.D,858#HYZBCS125061314.D,17,20250619,858.0,HYZ,云烟（紫）,B,125061314,BCS125061314,HYZ,HYZ,HYZ,HYZ,HYZ,False,/home/ubuntu/sunlong/gcms_consistency_old/new_prepared_data/tensors/20250619/HYZ/1274_B17_0858_125061314.npz
B17_0859_125061316,/home/ubuntu/sunlong/gcms_consistency_old/dataset/20250619/859#HYZBCS125061316.D,859#HYZBCS125061316.D,17,20250619,859.0,HYZ,云烟（紫）,B,125061316,BCS125061316,HYZ,HYZ,HYZ,HYZ,HYZ,False,/home/ubuntu/sunlong/gcms_consistency_old/new_prepared_data/tensors/20250619/HYZ/1275_B17_0859_125061316.npz
B17_0860_125061301,/home/ubuntu/sunlong/gcms_consistency_old/dataset/20250619/860#YJDACS125061301.D,860#YJDACS125061301.D,17,20250619,860.0,YJD,红塔山（硬经典）,A,125061301,ACS125061301,YJD,YJD,YJD,YJD,YJD,False,/home/ubuntu/sunlong/gcms_consistency_old/new_prepared_data/tensors/20250619/YJD/1276_B17_0860_125061301.npz
B17_0861_125061303,/home/ubuntu/sunlong/gcms_consistency_old/dataset/20250619/861#YJDACS125061303.D,861#YJDACS125061303.D,17,20250619,861.0,YJD,红塔山（硬经典）,A,125061303,ACS125061303,YJD,YJD,YJD,YJD,YJD,False,/home/ubuntu/sunlong/gcms_consistency_old/new_prepared_data/tensors/20250619/YJD/1277_B17_0861_125061303.npz
B17_0862_125061306,/home/ubuntu/sunlong/gcms_consistency_old/dataset/20250619/862#YJDACS125061306.D,862#YJDACS125061306.D,17,20250619,862.0,YJD,红塔山（硬经典）,A,125061306,ACS125061306,YJD,YJD,YJD,YJD,YJD,False,/home/ubuntu/sunlong/gcms_consistency_old/new_prepared_data/tensors/20250619/YJD/1278_B17_0862_125061306.npz
B17_0863_125061310,/home/ubuntu/sunlong/gcms_consistency_old/dataset/20250619/863#YJDACS125061310.D,863#YJDACS125061310.D,17,20250619,863.0,YJD,红塔山（硬经典）,A,125061310,ACS125061310,YJD,YJD,YJD,YJD,YJD,False,/home/ubuntu/sunlong/gcms_consistency_old/new_prepared_data/tensors/20250619/YJD/1279_B17_0863_125061310.npz
B17_0864_125061603,/home/ubuntu/sunlong/gcms_consistency_old/dataset/20250619/864#H88CCS125061603.D,864#H88CCS125061603.D,17,20250619,864.0,H88,红河（88）,C,125061603,CCS125061603,H88,H88,H88,H88,H88,False,/home/ubuntu/sunlong/gcms_consistency_old/new_prepared_data/tensors/20250619/H88/1280_B17_0864_125061603.npz
B17_0865_125061606,/home/ubuntu/sunlong/gcms_consistency_old/dataset/20250619/865#H88CCS125061606.D,865#H88CCS125061606.D,17,20250619,865.0,H88,红河（88）,C,125061606,CCS125061606,H88,H88,H88,H88,H88,False,/home/ubuntu/sunlong/gcms_consistency_old/new_prepared_data/tensors/20250619/H88/1281_B17_0865_125061606.npz
B17_0866_125061612,/home/ubuntu/sunlong/gcms_consistency_old/dataset/20250619/866#HRJBCS125061612.D,866#HRJBCS125061612.D,17,20250619,866.0,HRJ,红河（软甲）,B,125061612,BCS125061612,HRJ,HRJ,HRJ,HRJ,HRJ,False,/home/ubuntu/sunlong/gcms_consistency_old/new_prepared_data/tensors/20250619/HRJ/1282_B17_0866_125061612.npz
B17_0867_125061613,/home/ubuntu/sunlong/gcms_consistency_old/dataset/20250619/867#HRJBCS125061613.D,867#HRJBCS125061613.D,17,20250619,867.0,HRJ,红河（软甲）,B,125061613,BCS125061613,HRJ,HRJ,HRJ,HRJ,HRJ,False,/home/ubuntu/sunlong/gcms_consistency_old/new_prepared_data/tensors/20250619/HRJ/1283_B17_0867_125061613.npz
B17_0868_125061605,/home/ubuntu/sunlong/gcms_consistency_old/dataset/20250619/868#HYZBCS125061605.D,868#HYZBCS125061605.D,17,20250619,868.0,HYZ,云烟（紫）,B,125061605,BCS125061605,HYZ,HYZ,HYZ,HYZ,HYZ,False,/home/ubuntu/sunlong/gcms_consistency_old/new_prepared_data/tensors/20250619/HYZ/1284_B17_0868_125061605.npz
B17_0869_125061607,/home/ubuntu/sunlong/gcms_consistency_old/dataset/20250619/869#HYZBCS125061607.D,869#HYZBCS125061607.D,17,20250619,869.0,HYZ,云烟（紫）,B,125061607,BCS125061607,HYZ,HYZ,HYZ,HYZ,HYZ,False,/home/ubuntu/sunlong/gcms_consistency_old/new_prepared_data/tensors/20250619/HYZ/1285_B17_0869_125061607.npz
B17_0870_125061609,/home/ubuntu/sunlong/gcms_consistency_old/dataset/20250619/870#HYZBCS125061609.D,870#HYZBCS125061609.D,17,20250619,870.0,HYZ,云烟（紫）,B,125061609,BCS125061609,HYZ,HYZ,HYZ,HYZ,HYZ,False,/home/ubuntu/sunlong/gcms_consistency_old/new_prepared_data/tensors/20250619/HYZ/1286_B17_0870_125061609.npz
B17_0871_125061610,/home/ubuntu/sunlong/gcms_consistency_old/dataset/20250619/871#HYZBCS125061610.D,871#HYZBCS125061610.D,17,20250619,871.0,HYZ,云烟（紫）,B,125061610,BCS125061610,HYZ,HYZ,HYZ,HYZ,HYZ,False,/home/ubuntu/sunlong/gcms_consistency_old/new_prepared_data/tensors/20250619/HYZ/1287_B17_0871_125061610.npz
B17_0872_125061608,/home/ubuntu/sunlong/gcms_consistency_old/dataset/20250619/872#HYZCCS125061608.D,872#HYZCCS125061608.D,17,20250619,872.0,HYZ,云烟（紫）,C,125061608,CCS125061608,HYZ,HYZ,HYZ,HYZ,HYZ,False,/home/ubuntu/sunlong/gcms_consistency_old/new_prepared_data/tensors/20250619/HYZ/1288_B17_0872_125061608.npz
B17_0873_125061611,/home/ubuntu/sunlong/gcms_consistency_old/dataset/20250619/873#HYZCCS125061611.D,873#HYZCCS125061611.D,17,20250619,873.0,HYZ,云烟（紫）,C,125061611,CCS125061611,HYZ,HYZ,HYZ,HYZ,HYZ,False,/home/ubuntu/sunlong/gcms_consistency_old/new_prepared_data/tensors/20250619/HYZ/1289_B17_0873_125061611.npz
B17_0874_225061601,/home/ubuntu/sunlong/gcms_consistency_old/dataset/20250619/874#XCJACS225061601.D,874#XCJACS225061601.D,17,20250619,874.0,XCJ,云烟（中支小重九）,A,225061601,ACS225061601,XCJ,XCJ,XCJ,XCJ,XCJ,False,/home/ubuntu/sunlong/gcms_consistency_old/new_prepared_data/tensors/20250619/XCJ/1290_B17_0874_225061601.npz
B17_0875_125061601,/home/ubuntu/sunlong/gcms_consistency_old/dataset/20250619/875#YJDACS125061601.D,875#YJDACS125061601.D,17,20250619,875.0,YJD,红塔山（硬经典）,A,125061601,ACS125061601,YJD,YJD,YJD,YJD,YJD,False,/home/ubuntu/sunlong/gcms_consistency_old/new_prepared_data/tensors/20250619/YJD/1291_B17_0875_125061601.npz
B17_0876_125061604,/home/ubuntu/sunlong/gcms_consistency_old/dataset/20250619/876#YJDACS125061604.D,876#YJDACS125061604.D,17,20250619,876.0,YJD,红塔山（硬经典）,A,125061604,ACS125061604,YJD,YJD,YJD,YJD,YJD,False,/home/ubuntu/sunlong/gcms_consistency_old/new_prepared_data/tensors/20250619/YJD/1292_B17_0876_125061604.npz
B17_0877_125061705,/home/ubuntu/sunlong/gcms_consistency_old/dataset/20250619/877#H88CCS125061705.D,877#H88CCS125061705.D,17,20250619,877.0,H88,红河（88）,C,125061705,CCS125061705,H88,H88,H88,H88,H88,False,/home/ubuntu/sunlong/gcms_consistency_old/new_prepared_data/tensors/20250619/H88/1293_B17_0877_125061705.npz
B17_0878_125061708,/home/ubuntu/sunlong/gcms_consistency_old/dataset/20250619/878#H88CCS125061708.D,878#H88CCS125061708.D,17,20250619,878.0,H88,红河（88）,C,125061708,CCS125061708,H88,H88,H88,H88,H88,False,/home/ubuntu/sunlong/gcms_consistency_old/new_prepared_data/tensors/20250619/H88/1294_B17_0878_125061708.npz
B17_0879_525061702,/home/ubuntu/sunlong/gcms_consistency_old/dataset/20250619/879#H88CCS525061702.D,879#H88CCS525061702.D,17,20250619,879.0,H88,红河（88）,C,525061702,CCS525061702,H88,H88,H88,H88,H88,False,/home/ubuntu/sunlong/gcms_consistency_old/new_prepared_data/tensors/20250619/H88/1295_B17_0879_525061702.npz
B18_0000_0#blank,/home/ubuntu/sunlong/gcms_consistency_old/dataset/20250624/0#blank.D,0#blank.D,18,20250624,0.0,BLANK,空白样,,,0#blank,BLANK,BLANK,BLANK,BLANK,BLANK,True,/home/ubuntu/sunlong/gcms_consistency_old/new_prepared_data/tensors/20250624/BLANK/1296_B18_0000_0_blank.npz
B18_0880_125061703,/home/ubuntu/sunlong/gcms_consistency_old/dataset/20250624/880#H99CCS125061703.D,880#H99CCS125061703.D,18,20250624,880.0,H99,红河（99）,C,125061703,CCS125061703,H99,H99,H99,H99,H99,False,/home/ubuntu/sunlong/gcms_consistency_old/new_prepared_data/tensors/20250624/H99/1297_B18_0880_125061703.npz
B18_0881_125061706,/home/ubuntu/sunlong/gcms_consistency_old/dataset/20250624/881#HRJBCS125061706.D,881#HRJBCS125061706.D,18,20250624,881.0,HRJ,红河（软甲）,B,125061706,BCS125061706,HRJ,HRJ,HRJ,HRJ,HRJ,False,/home/ubuntu/sunlong/gcms_consistency_old/new_prepared_data/tensors/20250624/HRJ/1298_B18_0881_125061706.npz
B18_0882_125061709,/home/ubuntu/sunlong/gcms_consistency_old/dataset/20250624/882#HRJBCS125061709.D,882#HRJBCS125061709.D,18,20250624,882.0,HRJ,红河（软甲）,B,125061709,BCS125061709,HRJ,HRJ,HRJ,HRJ,HRJ,False,/home/ubuntu/sunlong/gcms_consistency_old/new_prepared_data/tensors/20250624/HRJ/1299_B18_0882_125061709.npz
B18_0883_125061701,/home/ubuntu/sunlong/gcms_consistency_old/dataset/20250624/883#HYZBCS125061701.D,883#HYZBCS125061701.D,18,20250624,883.0,HYZ,云烟（紫）,B,125061701,BCS125061701,HYZ,HYZ,HYZ,HYZ,HYZ,False,/home/ubuntu/sunlong/gcms_consistency_old/new_prepared_data/tensors/20250624/HYZ/1300_B18_0883_125061701.npz
B18_0884_125061702,/home/ubuntu/sunlong/gcms_consistency_old/dataset/20250624/884#HYZBCS125061702.D,884#HYZBCS125061702.D,18,20250624,884.0,HYZ,云烟（紫）,B,125061702,BCS125061702,HYZ,HYZ,HYZ,HYZ,HYZ,False,/home/ubuntu/sunlong/gcms_consistency_old/new_prepared_data/tensors/20250624/HYZ/1301_B18_0884_125061702.npz
B18_0885_125061710,/home/ubuntu/sunlong/gcms_consistency_old/dataset/20250624/885#HYZBCS125061710.D,885#HYZBCS125061710.D,18,20250624,885.0,HYZ,云烟（紫）,B,125061710,BCS125061710,HYZ,HYZ,HYZ,HYZ,HYZ,False,/home/ubuntu/sunlong/gcms_consistency_old/new_prepared_data/tensors/20250624/HYZ/1302_B18_0885_125061710.npz
B18_0886_125061711,/home/ubuntu/sunlong/gcms_consistency_old/dataset/20250624/886#HYZBCS125061711.D,886#HYZBCS125061711.D,18,20250624,886.0,HYZ,云烟（紫）,B,125061711,BCS125061711,HYZ,HYZ,HYZ,HYZ,HYZ,False,/home/ubuntu/sunlong/gcms_consistency_old/new_prepared_data/tensors/20250624/HYZ/1303_B18_0886_125061711.npz
B18_0887_125061701,/home/ubuntu/sunlong/gcms_consistency_old/dataset/20250624/887#HYZCCS125061701.D,887#HYZCCS125061701.D,18,20250624,887.0,HYZ,云烟（紫）,C,125061701,CCS125061701,HYZ,HYZ,HYZ,HYZ,HYZ,False,/home/ubuntu/sunlong/gcms_consistency_old/new_prepared_data/tensors/20250624/HYZ/1304_B18_0887_125061701.npz
B18_0888_225061701,/home/ubuntu/sunlong/gcms_consistency_old/dataset/20250624/888#XCJACS225061701.D,888#XCJACS225061701.D,18,20250624,888.0,XCJ,云烟（中支小重九）,A,225061701,ACS225061701,XCJ,XCJ,XCJ,XCJ,XCJ,False,/home/ubuntu/sunlong/gcms_consistency_old/new_prepared_data/tensors/20250624/XCJ/1305_B18_0888_225061701.npz
B18_0889_125061704,/home/ubuntu/sunlong/gcms_consistency_old/dataset/20250624/889#YJDACS125061704.D,889#YJDACS125061704.D,18,20250624,889.0,YJD,红塔山（硬经典）,A,125061704,ACS125061704,YJD,YJD,YJD,YJD,YJD,False,/home/ubuntu/sunlong/gcms_consistency_old/new_prepared_data/tensors/20250624/YJD/1306_B18_0889_125061704.npz
B18_0890_125061707,/home/ubuntu/sunlong/gcms_consistency_old/dataset/20250624/890#YJDACS125061707.D,890#YJDACS125061707.D,18,20250624,890.0,YJD,红塔山（硬经典）,A,125061707,ACS125061707,YJD,YJD,YJD,YJD,YJD,False,/home/ubuntu/sunlong/gcms_consistency_old/new_prepared_data/tensors/20250624/YJD/1307_B18_0890_125061707.npz
B18_0891_125061803,/home/ubuntu/sunlong/gcms_consistency_old/dataset/20250624/891#H88CCS125061803.D,891#H88CCS125061803.D,18,20250624,891.0,H88,红河（88）,C,125061803,CCS125061803,H88,H88,H88,H88,H88,False,/home/ubuntu/sunlong/gcms_consistency_old/new_prepared_data/tensors/20250624/H88/1308_B18_0891_125061803.npz
B18_0892_125061806,/home/ubuntu/sunlong/gcms_consistency_old/dataset/20250624/892#H88CCS125061806.D,892#H88CCS125061806.D,18,20250624,892.0,H88,红河（88）,C,125061806,CCS125061806,H88,H88,H88,H88,H88,False,/home/ubuntu/sunlong/gcms_consistency_old/new_prepared_data/tensors/20250624/H88/1309_B18_0892_125061806.npz
B18_0893_125061807,/home/ubuntu/sunlong/gcms_consistency_old/dataset/20250624/893#H99CCS125061807.D,893#H99CCS125061807.D,18,20250624,893.0,H99,红河（99）,C,125061807,CCS125061807,H99,H99,H99,H99,H99,False,/home/ubuntu/sunlong/gcms_consistency_old/new_prepared_data/tensors/20250624/H99/1310_B18_0893_125061807.npz
B18_0894_125061808,/home/ubuntu/sunlong/gcms_consistency_old/dataset/20250624/894#HRJBCS125061808.D,894#HRJBCS125061808.D,18,20250624,894.0,HRJ,红河（软甲）,B,125061808,BCS125061808,HRJ,HRJ,HRJ,HRJ,HRJ,False,/home/ubuntu/sunlong/gcms_consistency_old/new_prepared_data/tensors/20250624/HRJ/1311_B18_0894_125061808.npz
B18_0895_125061811,/home/ubuntu/sunlong/gcms_consistency_old/dataset/20250624/895#HRJBCS125061811.D,895#HRJBCS125061811.D,18,20250624,895.0,HRJ,红河（软甲）,B,125061811,BCS125061811,HRJ,HRJ,HRJ,HRJ,HRJ,False,/home/ubuntu/sunlong/gcms_consistency_old/new_prepared_data/tensors/20250624/HRJ/1312_B18_0895_125061811.npz
B18_0896_125061802,/home/ubuntu/sunlong/gcms_consistency_old/dataset/20250624/896#HYZBCS125061802.D,896#HYZBCS125061802.D,18,20250624,896.0,HYZ,云烟（紫）,B,125061802,BCS125061802,HYZ,HYZ,HYZ,HYZ,HYZ,False,/home/ubuntu/sunlong/gcms_consistency_old/new_prepared_data/tensors/20250624/HYZ/1313_B18_0896_125061802.npz
B18_0897_125061805,/home/ubuntu/sunlong/gcms_consistency_old/dataset/20250624/897#HYZBCS125061805.D,897#HYZBCS125061805.D,18,20250624,897.0,HYZ,云烟（紫）,B,125061805,BCS125061805,HYZ,HYZ,HYZ,HYZ,HYZ,False,/home/ubuntu/sunlong/gcms_consistency_old/new_prepared_data/tensors/20250624/HYZ/1314_B18_0897_125061805.npz
B18_0898_125061809,/home/ubuntu/sunlong/gcms_consistency_old/dataset/20250624/898#HYZBCS125061809.D,898#HYZBCS125061809.D,18,20250624,898.0,HYZ,云烟（紫）,B,125061809,BCS125061809,HYZ,HYZ,HYZ,HYZ,HYZ,False,/home/ubuntu/sunlong/gcms_consistency_old/new_prepared_data/tensors/20250624/HYZ/1315_B18_0898_125061809.npz
B18_0899_125061810,/home/ubuntu/sunlong/gcms_consistency_old/dataset/20250624/899#HYZBCS125061810.D,899#HYZBCS125061810.D,18,20250624,899.0,HYZ,云烟（紫）,B,125061810,BCS125061810,HYZ,HYZ,HYZ,HYZ,HYZ,False,/home/ubuntu/sunlong/gcms_consistency_old/new_prepared_data/tensors/20250624/HYZ/1316_B18_0899_125061810.npz
B18_0900_225061801,/home/ubuntu/sunlong/gcms_consistency_old/dataset/20250624/900#XCJACS225061801.D,900#XCJACS225061801.D,18,20250624,900.0,XCJ,云烟（中支小重九）,A,225061801,ACS225061801,XCJ,XCJ,XCJ,XCJ,XCJ,False,/home/ubuntu/sunlong/gcms_consistency_old/new_prepared_data/tensors/20250624/XCJ/1317_B18_0900_225061801.npz
B18_0901_125061801,/home/ubuntu/sunlong/gcms_consistency_old/dataset/20250624/901#YJDACS125061801.D,901#YJDACS125061801.D,18,20250624,901.0,YJD,红塔山（硬经典）,A,125061801,ACS125061801,YJD,YJD,YJD,YJD,YJD,False,/home/ubuntu/sunlong/gcms_consistency_old/new_prepared_data/tensors/20250624/YJD/1318_B18_0901_125061801.npz
B18_0902_125061804,/home/ubuntu/sunlong/gcms_consistency_old/dataset/20250624/902#YJDACS125061804.D,902#YJDACS125061804.D,18,20250624,902.0,YJD,红塔山（硬经典）,A,125061804,ACS125061804,YJD,YJD,YJD,YJD,YJD,False,/home/ubuntu/sunlong/gcms_consistency_old/new_prepared_data/tensors/20250624/YJD/1319_B18_0902_125061804.npz
B18_0903_125061903,/home/ubuntu/sunlong/gcms_consistency_old/dataset/20250624/903#H88CCS125061903.D,903#H88CCS125061903.D,18,20250624,903.0,H88,红河（88）,C,125061903,CCS125061903,H88,H88,H88,H88,H88,False,/home/ubuntu/sunlong/gcms_consistency_old/new_prepared_data/tensors/20250624/H88/1320_B18_0903_125061903.npz
B18_0904_125061906,/home/ubuntu/sunlong/gcms_consistency_old/dataset/20250624/904#H88CCS125061906.D,904#H88CCS125061906.D,18,20250624,904.0,H88,红河（88）,C,125061906,CCS125061906,H88,H88,H88,H88,H88,False,/home/ubuntu/sunlong/gcms_consistency_old/new_prepared_data/tensors/20250624/H88/1321_B18_0904_125061906.npz
B18_0905_125061908,/home/ubuntu/sunlong/gcms_consistency_old/dataset/20250624/905#H88CCS125061908.D,905#H88CCS125061908.D,18,20250624,905.0,H88,红河（88）,C,125061908,CCS125061908,H88,H88,H88,H88,H88,False,/home/ubuntu/sunlong/gcms_consistency_old/new_prepared_data/tensors/20250624/H88/1322_B18_0905_125061908.npz
B18_0906_125061910,/home/ubuntu/sunlong/gcms_consistency_old/dataset/20250624/906#HRJBCS125061910.D,906#HRJBCS125061910.D,18,20250624,906.0,HRJ,红河（软甲）,B,125061910,BCS125061910,HRJ,HRJ,HRJ,HRJ,HRJ,False,/home/ubuntu/sunlong/gcms_consistency_old/new_prepared_data/tensors/20250624/HRJ/1323_B18_0906_125061910.npz
B18_0907_125061902,/home/ubuntu/sunlong/gcms_consistency_old/dataset/20250624/907#HYZBCS125061902.D,907#HYZBCS125061902.D,18,20250624,907.0,HYZ,云烟（紫）,B,125061902,BCS125061902,HYZ,HYZ,HYZ,HYZ,HYZ,False,/home/ubuntu/sunlong/gcms_consistency_old/new_prepared_data/tensors/20250624/HYZ/1324_B18_0907_125061902.npz
B18_0908_125061905,/home/ubuntu/sunlong/gcms_consistency_old/dataset/20250624/908#HYZBCS125061905.D,908#HYZBCS125061905.D,18,20250624,908.0,HYZ,云烟（紫）,B,125061905,BCS125061905,HYZ,HYZ,HYZ,HYZ,HYZ,False,/home/ubuntu/sunlong/gcms_consistency_old/new_prepared_data/tensors/20250624/HYZ/1325_B18_0908_125061905.npz
B18_0909_125061907,/home/ubuntu/sunlong/gcms_consistency_old/dataset/20250624/909#HYZBCS125061907.D,909#HYZBCS125061907.D,18,20250624,909.0,HYZ,云烟（紫）,B,125061907,BCS125061907,HYZ,HYZ,HYZ,HYZ,HYZ,False,/home/ubuntu/sunlong/gcms_consistency_old/new_prepared_data/tensors/20250624/HYZ/1326_B18_0909_125061907.npz
B18_0910_125061909,/home/ubuntu/sunlong/gcms_consistency_old/dataset/20250624/910#HYZBCS125061909.D,910#HYZBCS125061909.D,18,20250624,910.0,HYZ,云烟（紫）,B,125061909,BCS125061909,HYZ,HYZ,HYZ,HYZ,HYZ,False,/home/ubuntu/sunlong/gcms_consistency_old/new_prepared_data/tensors/20250624/HYZ/1327_B18_0910_125061909.npz
B18_0911_125061901,/home/ubuntu/sunlong/gcms_consistency_old/dataset/20250624/911#YJDACS125061901.D,911#YJDACS125061901.D,18,20250624,911.0,YJD,红塔山（硬经典）,A,125061901,ACS125061901,YJD,YJD,YJD,YJD,YJD,False,/home/ubuntu/sunlong/gcms_consistency_old/new_prepared_data/tensors/20250624/YJD/1328_B18_0911_125061901.npz
B18_0912_125061904,/home/ubuntu/sunlong/gcms_consistency_old/dataset/20250624/912#YJDACS125061904.D,912#YJDACS125061904.D,18,20250624,912.0,YJD,红塔山（硬经典）,A,125061904,ACS125061904,YJD,YJD,YJD,YJD,YJD,False,/home/ubuntu/sunlong/gcms_consistency_old/new_prepared_data/tensors/20250624/YJD/1329_B18_0912_125061904.npz
B18_0913_125062003,/home/ubuntu/sunlong/gcms_consistency_old/dataset/20250624/913#H88CCS125062003.D,913#H88CCS125062003.D,18,20250624,913.0,H88,红河（88）,C,125062003,CCS125062003,H88,H88,H88,H88,H88,False,/home/ubuntu/sunlong/gcms_consistency_old/new_prepared_data/tensors/20250624/H88/1330_B18_0913_125062003.npz
B18_0914_125062006,/home/ubuntu/sunlong/gcms_consistency_old/dataset/20250624/914#H88CCS125062006.D,914#H88CCS125062006.D,18,20250624,914.0,H88,红河（88）,C,125062006,CCS125062006,H88,H88,H88,H88,H88,False,/home/ubuntu/sunlong/gcms_consistency_old/new_prepared_data/tensors/20250624/H88/1331_B18_0914_125062006.npz
B18_0915_125062007,/home/ubuntu/sunlong/gcms_consistency_old/dataset/20250624/915#HRJBCS125062007.D,915#HRJBCS125062007.D,18,20250624,915.0,HRJ,红河（软甲）,B,125062007,BCS125062007,HRJ,HRJ,HRJ,HRJ,HRJ,False,/home/ubuntu/sunlong/gcms_consistency_old/new_prepared_data/tensors/20250624/HRJ/1332_B18_0915_125062007.npz
B18_0916_125062002,/home/ubuntu/sunlong/gcms_consistency_old/dataset/20250624/916#HYZBCS125062002.D,916#HYZBCS125062002.D,18,20250624,916.0,HYZ,云烟（紫）,B,125062002,BCS125062002,HYZ,HYZ,HYZ,HYZ,HYZ,False,/home/ubuntu/sunlong/gcms_consistency_old/new_prepared_data/tensors/20250624/HYZ/1333_B18_0916_125062002.npz
B18_0917_125062005,/home/ubuntu/sunlong/gcms_consistency_old/dataset/20250624/917#HYZBCS125062005.D,917#HYZBCS125062005.D,18,20250624,917.0,HYZ,云烟（紫）,B,125062005,BCS125062005,HYZ,HYZ,HYZ,HYZ,HYZ,False,/home/ubuntu/sunlong/gcms_consistency_old/new_prepared_data/tensors/20250624/HYZ/1334_B18_0917_125062005.npz
B18_0918_225062001,/home/ubuntu/sunlong/gcms_consistency_old/dataset/20250624/918#HYZBCS225062001.D,918#HYZBCS225062001.D,18,20250624,918.0,HYZ,云烟（紫）,B,225062001,BCS225062001,HYZ,HYZ,HYZ,HYZ,HYZ,False,/home/ubuntu/sunlong/gcms_consistency_old/new_prepared_data/tensors/20250624/HYZ/1335_B18_0918_225062001.npz
B18_0919_225062002,/home/ubuntu/sunlong/gcms_consistency_old/dataset/20250624/919#HYZBCS225062002.D,919#HYZBCS225062002.D,18,20250624,919.0,HYZ,云烟（紫）,B,225062002,BCS225062002,HYZ,HYZ,HYZ,HYZ,HYZ,False,/home/ubuntu/sunlong/gcms_consistency_old/new_prepared_data/tensors/20250624/HYZ/1336_B18_0919_225062002.npz
B18_0920_125062001,/home/ubuntu/sunlong/gcms_consistency_old/dataset/20250624/920#YJDACS125062001.D,920#YJDACS125062001.D,18,20250624,920.0,YJD,红塔山（硬经典）,A,125062001,ACS125062001,YJD,YJD,YJD,YJD,YJD,False,/home/ubuntu/sunlong/gcms_consistency_old/new_prepared_data/tensors/20250624/YJD/1337_B18_0920_125062001.npz
B18_0921_125062004,/home/ubuntu/sunlong/gcms_consistency_old/dataset/20250624/921#YJDACS125062004.D,921#YJDACS125062004.D,18,20250624,921.0,YJD,红塔山（硬经典）,A,125062004,ACS125062004,YJD,YJD,YJD,YJD,YJD,False,/home/ubuntu/sunlong/gcms_consistency_old/new_prepared_data/tensors/20250624/YJD/1338_B18_0921_125062004.npz
B18_0922_125062302,/home/ubuntu/sunlong/gcms_consistency_old/dataset/20250624/922#HRJBCS125062302.D,922#HRJBCS125062302.D,18,20250624,922.0,HRJ,红河（软甲）,B,125062302,BCS125062302,HRJ,HRJ,HRJ,HRJ,HRJ,False,/home/ubuntu/sunlong/gcms_consistency_old/new_prepared_data/tensors/20250624/HRJ/1339_B18_0922_125062302.npz
B18_0923_125062306,/home/ubuntu/sunlong/gcms_consistency_old/dataset/20250624/923#HYZBCS125062306.D,923#HYZBCS125062306.D,18,20250624,923.0,HYZ,云烟（紫）,B,125062306,BCS125062306,HYZ,HYZ,HYZ,HYZ,HYZ,False,/home/ubuntu/sunlong/gcms_consistency_old/new_prepared_data/tensors/20250624/HYZ/1340_B18_0923_125062306.npz
B18_0924_2205062301,/home/ubuntu/sunlong/gcms_consistency_old/dataset/20250624/924#HYZBCS2205062301.D,924#HYZBCS2205062301.D,18,20250624,924.0,HYZ,云烟（紫）,B,2205062301,BCS2205062301,HYZ,HYZ,HYZ,HYZ,HYZ,False,/home/ubuntu/sunlong/gcms_consistency_old/new_prepared_data/tensors/20250624/HYZ/1341_B18_0924_2205062301.npz
B18_0925_425062301,/home/ubuntu/sunlong/gcms_consistency_old/dataset/20250624/925#HYZBCS425062301.D,925#HYZBCS425062301.D,18,20250624,925.0,HYZ,云烟（紫）,B,425062301,BCS425062301,HYZ,HYZ,HYZ,HYZ,HYZ,False,/home/ubuntu/sunlong/gcms_consistency_old/new_prepared_data/tensors/20250624/HYZ/1342_B18_0925_425062301.npz
B18_0926_125062303,/home/ubuntu/sunlong/gcms_consistency_old/dataset/20250624/926#HYZCCS125062303.D,926#HYZCCS125062303.D,18,20250624,926.0,HYZ,云烟（紫）,C,125062303,CCS125062303,HYZ,HYZ,HYZ,HYZ,HYZ,False,/home/ubuntu/sunlong/gcms_consistency_old/new_prepared_data/tensors/20250624/HYZ/1343_B18_0926_125062303.npz
B18_0927_125062305,/home/ubuntu/sunlong/gcms_consistency_old/dataset/20250624/927#HYZCCS125062305.D,927#HYZCCS125062305.D,18,20250624,927.0,HYZ,云烟（紫）,C,125062305,CCS125062305,HYZ,HYZ,HYZ,HYZ,HYZ,False,/home/ubuntu/sunlong/gcms_consistency_old/new_prepared_data/tensors/20250624/HYZ/1344_B18_0927_125062305.npz
B18_0928_125062301,/home/ubuntu/sunlong/gcms_consistency_old/dataset/20250624/928#YJDACS125062301.D,928#YJDACS125062301.D,18,20250624,928.0,YJD,红塔山（硬经典）,A,125062301,ACS125062301,YJD,YJD,YJD,YJD,YJD,False,/home/ubuntu/sunlong/gcms_consistency_old/new_prepared_data/tensors/20250624/YJD/1345_B18_0928_125062301.npz
B18_0929_125062304,/home/ubuntu/sunlong/gcms_consistency_old/dataset/20250624/929#YJDACS125062304.D,929#YJDACS125062304.D,18,20250624,929.0,YJD,红塔山（硬经典）,A,125062304,ACS125062304,YJD,YJD,YJD,YJD,YJD,False,/home/ubuntu/sunlong/gcms_consistency_old/new_prepared_data/tensors/20250624/YJD/1346_B18_0929_125062304.npz
B18_0930_125062408,/home/ubuntu/sunlong/gcms_consistency_old/dataset/20250624/930#H88CCS125062408.D,930#H88CCS125062408.D,18,20250624,930.0,H88,红河（88）,C,125062408,CCS125062408,H88,H88,H88,H88,H88,False,/home/ubuntu/sunlong/gcms_consistency_old/new_prepared_data/tensors/20250624/H88/1347_B18_0930_125062408.npz
B18_0931_125062410,/home/ubuntu/sunlong/gcms_consistency_old/dataset/20250624/931#H88CCS125062410.D,931#H88CCS125062410.D,18,20250624,931.0,H88,红河（88）,C,125062410,CCS125062410,H88,H88,H88,H88,H88,False,/home/ubuntu/sunlong/gcms_consistency_old/new_prepared_data/tensors/20250624/H88/1348_B18_0931_125062410.npz
B18_0932_425062401,/home/ubuntu/sunlong/gcms_consistency_old/dataset/20250624/932#HMDACS425062401.D,932#HMDACS425062401.D,18,20250624,932.0,HMD,牡丹（软）,A,425062401,ACS425062401,HMD,HMD,HMD,HMD,HMD,False,/home/ubuntu/sunlong/gcms_consistency_old/new_prepared_data/tensors/20250624/HMD/1349_B18_0932_425062401.npz
B18_0933_125062406,/home/ubuntu/sunlong/gcms_consistency_old/dataset/20250624/933#HRJBCS125062406.D,933#HRJBCS125062406.D,18,20250624,933.0,HRJ,红河（软甲）,B,125062406,BCS125062406,HRJ,HRJ,HRJ,HRJ,HRJ,False,/home/ubuntu/sunlong/gcms_consistency_old/new_prepared_data/tensors/20250624/HRJ/1350_B18_0933_125062406.npz
B18_0934_125062409,/home/ubuntu/sunlong/gcms_consistency_old/dataset/20250624/934#HRJBCS125062409.D,934#HRJBCS125062409.D,18,20250624,934.0,HRJ,红河（软甲）,B,125062409,BCS125062409,HRJ,HRJ,HRJ,HRJ,HRJ,False,/home/ubuntu/sunlong/gcms_consistency_old/new_prepared_data/tensors/20250624/HRJ/1351_B18_0934_125062409.npz
B18_0935_125062411,/home/ubuntu/sunlong/gcms_consistency_old/dataset/20250624/935#HRJBCS125062411.D,935#HRJBCS125062411.D,18,20250624,935.0,HRJ,红河（软甲）,B,125062411,BCS125062411,HRJ,HRJ,HRJ,HRJ,HRJ,False,/home/ubuntu/sunlong/gcms_consistency_old/new_prepared_data/tensors/20250624/HRJ/1352_B18_0935_125062411.npz
B18_0936_125062403,/home/ubuntu/sunlong/gcms_consistency_old/dataset/20250624/936#HYZBCS125062403.D,936#HYZBCS125062403.D,18,20250624,936.0,HYZ,云烟（紫）,B,125062403,BCS125062403,HYZ,HYZ,HYZ,HYZ,HYZ,False,/home/ubuntu/sunlong/gcms_consistency_old/new_prepared_data/tensors/20250624/HYZ/1353_B18_0936_125062403.npz
B18_0937_125062404,/home/ubuntu/sunlong/gcms_consistency_old/dataset/20250624/937#HYZCCS125062404.D,937#HYZCCS125062404.D,18,20250624,937.0,HYZ,云烟（紫）,C,125062404,CCS125062404,HYZ,HYZ,HYZ,HYZ,HYZ,False,/home/ubuntu/sunlong/gcms_consistency_old/new_prepared_data/tensors/20250624/HYZ/1354_B18_0937_125062404.npz
B18_0938_125062407,/home/ubuntu/sunlong/gcms_consistency_old/dataset/20250624/938#HYZCCS125062407.D,938#HYZCCS125062407.D,18,20250624,938.0,HYZ,云烟（紫）,C,125062407,CCS125062407,HYZ,HYZ,HYZ,HYZ,HYZ,False,/home/ubuntu/sunlong/gcms_consistency_old/new_prepared_data/tensors/20250624/HYZ/1355_B18_0938_125062407.npz
B18_0939_125062402,/home/ubuntu/sunlong/gcms_consistency_old/dataset/20250624/939#YJDACS125062402.D,939#YJDACS125062402.D,18,20250624,939.0,YJD,红塔山（硬经典）,A,125062402,ACS125062402,YJD,YJD,YJD,YJD,YJD,False,/home/ubuntu/sunlong/gcms_consistency_old/new_prepared_data/tensors/20250624/YJD/1356_B18_0939_125062402.npz
B18_0940_125062405,/home/ubuntu/sunlong/gcms_consistency_old/dataset/20250624/940#YJDACS125062405.D,940#YJDACS125062405.D,18,20250624,940.0,YJD,红塔山（硬经典）,A,125062405,ACS125062405,YJD,YJD,YJD,YJD,YJD,False,/home/ubuntu/sunlong/gcms_consistency_old/new_prepared_data/tensors/20250624/YJD/1357_B18_0940_125062405.npz
B19_0000_0#blank,/home/ubuntu/sunlong/gcms_consistency_old/dataset/20250724/0#blank.D,0#blank.D,19,20250724,0.0,BLANK,空白样,,,0#blank,BLANK,BLANK,BLANK,BLANK,BLANK,True,/home/ubuntu/sunlong/gcms_consistency_old/new_prepared_data/tensors/20250724/BLANK/1358_B19_0000_0_blank.npz
B19_1000_125070201,/home/ubuntu/sunlong/gcms_consistency_old/dataset/20250724/1000#YJDACS125070201.D,1000#YJDACS125070201.D,19,20250724,1000.0,YJD,红塔山（硬经典）,A,125070201,ACS125070201,YJD,YJD,YJD,YJD,YJD,False,/home/ubuntu/sunlong/gcms_consistency_old/new_prepared_data/tensors/20250724/YJD/1359_B19_1000_125070201.npz
B19_1001_125070204,/home/ubuntu/sunlong/gcms_consistency_old/dataset/20250724/1001#YJDACS125070204.D,1001#YJDACS125070204.D,19,20250724,1001.0,YJD,红塔山（硬经典）,A,125070204,ACS125070204,YJD,YJD,YJD,YJD,YJD,False,/home/ubuntu/sunlong/gcms_consistency_old/new_prepared_data/tensors/20250724/YJD/1360_B19_1001_125070204.npz
B19_1002_125070207,/home/ubuntu/sunlong/gcms_consistency_old/dataset/20250724/1002#YJDACS125070207.D,1002#YJDACS125070207.D,19,20250724,1002.0,YJD,红塔山（硬经典）,A,125070207,ACS125070207,YJD,YJD,YJD,YJD,YJD,False,/home/ubuntu/sunlong/gcms_consistency_old/new_prepared_data/tensors/20250724/YJD/1361_B19_1002_125070207.npz
B19_1003_125070210,/home/ubuntu/sunlong/gcms_consistency_old/dataset/20250724/1003#YJDACS125070210.D,1003#YJDACS125070210.D,19,20250724,1003.0,YJD,红塔山（硬经典）,A,125070210,ACS125070210,YJD,YJD,YJD,YJD,YJD,False,/home/ubuntu/sunlong/gcms_consistency_old/new_prepared_data/tensors/20250724/YJD/1362_B19_1003_125070210.npz
B19_1004_125070303,/home/ubuntu/sunlong/gcms_consistency_old/dataset/20250724/1004#H88CCS125070303.D,1004#H88CCS125070303.D,19,20250724,1004.0,H88,红河（88）,C,125070303,CCS125070303,H88,H88,H88,H88,H88,False,/home/ubuntu/sunlong/gcms_consistency_old/new_prepared_data/tensors/20250724/H88/1363_B19_1004_125070303.npz
B19_1005_125070306,/home/ubuntu/sunlong/gcms_consistency_old/dataset/20250724/1005#H88CCS125070306.D,1005#H88CCS125070306.D,19,20250724,1005.0,H88,红河（88）,C,125070306,CCS125070306,H88,H88,H88,H88,H88,False,/home/ubuntu/sunlong/gcms_consistency_old/new_prepared_data/tensors/20250724/H88/1364_B19_1005_125070306.npz
B19_1006_125070308,/home/ubuntu/sunlong/gcms_consistency_old/dataset/20250724/1006#H88CCS125070308.D,1006#H88CCS125070308.D,19,20250724,1006.0,H88,红河（88）,C,125070308,CCS125070308,H88,H88,H88,H88,H88,False,/home/ubuntu/sunlong/gcms_consistency_old/new_prepared_data/tensors/20250724/H88/1365_B19_1006_125070308.npz
B19_1007_125070310,/home/ubuntu/sunlong/gcms_consistency_old/dataset/20250724/1007#H88CCS125070310.D,1007#H88CCS125070310.D,19,20250724,1007.0,H88,红河（88）,C,125070310,CCS125070310,H88,H88,H88,H88,H88,False,/home/ubuntu/sunlong/gcms_consistency_old/new_prepared_data/tensors/20250724/H88/1366_B19_1007_125070310.npz
B19_1008_125070313,/home/ubuntu/sunlong/gcms_consistency_old/dataset/20250724/1008#H88CCS125070313.D,1008#H88CCS125070313.D,19,20250724,1008.0,H88,红河（88）,C,125070313,CCS125070313,H88,H88,H88,H88,H88,False,/home/ubuntu/sunlong/gcms_consistency_old/new_prepared_data/tensors/20250724/H88/1367_B19_1008_125070313.npz
B19_1009_125070312,/home/ubuntu/sunlong/gcms_consistency_old/dataset/20250724/1009#HRJACS125070312.D,1009#HRJACS125070312.D,19,20250724,1009.0,HRJ,红河（软甲）,A,125070312,ACS125070312,HRJ,HRJ,HRJ,HRJ,HRJ,False,/home/ubuntu/sunlong/gcms_consistency_old/new_prepared_data/tensors/20250724/HRJ/1368_B19_1009_125070312.npz
B19_1010_125070302,/home/ubuntu/sunlong/gcms_consistency_old/dataset/20250724/1010#HYZBCS125070302.D,1010#HYZBCS125070302.D,19,20250724,1010.0,HYZ,云烟（紫）,B,125070302,BCS125070302,HYZ,HYZ,HYZ,HYZ,HYZ,False,/home/ubuntu/sunlong/gcms_consistency_old/new_prepared_data/tensors/20250724/HYZ/1369_B19_1010_125070302.npz
B19_1011_125070305,/home/ubuntu/sunlong/gcms_consistency_old/dataset/20250724/1011#HYZBCS125070305.D,1011#HYZBCS125070305.D,19,20250724,1011.0,HYZ,云烟（紫）,B,125070305,BCS125070305,HYZ,HYZ,HYZ,HYZ,HYZ,False,/home/ubuntu/sunlong/gcms_consistency_old/new_prepared_data/tensors/20250724/HYZ/1370_B19_1011_125070305.npz
B19_1012_125070307,/home/ubuntu/sunlong/gcms_consistency_old/dataset/20250724/1012#HYZBCS125070307.D,1012#HYZBCS125070307.D,19,20250724,1012.0,HYZ,云烟（紫）,B,125070307,BCS125070307,HYZ,HYZ,HYZ,HYZ,HYZ,False,/home/ubuntu/sunlong/gcms_consistency_old/new_prepared_data/tensors/20250724/HYZ/1371_B19_1012_125070307.npz
B19_1013_125070309,/home/ubuntu/sunlong/gcms_consistency_old/dataset/20250724/1013#HYZBCS125070309.D,1013#HYZBCS125070309.D,19,20250724,1013.0,HYZ,云烟（紫）,B,125070309,BCS125070309,HYZ,HYZ,HYZ,HYZ,HYZ,False,/home/ubuntu/sunlong/gcms_consistency_old/new_prepared_data/tensors/20250724/HYZ/1372_B19_1013_125070309.npz
B19_1014_125070311,/home/ubuntu/sunlong/gcms_consistency_old/dataset/20250724/1014#HYZBCS125070311.D,1014#HYZBCS125070311.D,19,20250724,1014.0,HYZ,云烟（紫）,B,125070311,BCS125070311,HYZ,HYZ,HYZ,HYZ,HYZ,False,/home/ubuntu/sunlong/gcms_consistency_old/new_prepared_data/tensors/20250724/HYZ/1373_B19_1014_125070311.npz
B19_1015_125070314,/home/ubuntu/sunlong/gcms_consistency_old/dataset/20250724/1015#HYZBCS125070314.D,1015#HYZBCS125070314.D,19,20250724,1015.0,HYZ,云烟（紫）,B,125070314,BCS125070314,HYZ,HYZ,HYZ,HYZ,HYZ,False,/home/ubuntu/sunlong/gcms_consistency_old/new_prepared_data/tensors/20250724/HYZ/1374_B19_1015_125070314.npz
B19_1016_125070315,/home/ubuntu/sunlong/gcms_consistency_old/dataset/20250724/1016#HYZBCS125070315.D,1016#HYZBCS125070315.D,19,20250724,1016.0,HYZ,云烟（紫）,B,125070315,BCS125070315,HYZ,HYZ,HYZ,HYZ,HYZ,False,/home/ubuntu/sunlong/gcms_consistency_old/new_prepared_data/tensors/20250724/HYZ/1375_B19_1016_125070315.npz
B19_1017_125070301,/home/ubuntu/sunlong/gcms_consistency_old/dataset/20250724/1017#YJDACS125070301.D,1017#YJDACS125070301.D,19,20250724,1017.0,YJD,红塔山（硬经典）,A,125070301,ACS125070301,YJD,YJD,YJD,YJD,YJD,False,/home/ubuntu/sunlong/gcms_consistency_old/new_prepared_data/tensors/20250724/YJD/1376_B19_1017_125070301.npz
B19_1018_125070304,/home/ubuntu/sunlong/gcms_consistency_old/dataset/20250724/1018#YJDACS125070304.D,1018#YJDACS125070304.D,19,20250724,1018.0,YJD,红塔山（硬经典）,A,125070304,ACS125070304,YJD,YJD,YJD,YJD,YJD,False,/home/ubuntu/sunlong/gcms_consistency_old/new_prepared_data/tensors/20250724/YJD/1377_B19_1018_125070304.npz
B19_1019_125070403,/home/ubuntu/sunlong/gcms_consistency_old/dataset/20250724/1019#H88CCS125070403.D,1019#H88CCS125070403.D,19,20250724,1019.0,H88,红河（88）,C,125070403,CCS125070403,H88,H88,H88,H88,H88,False,/home/ubuntu/sunlong/gcms_consistency_old/new_prepared_data/tensors/20250724/H88/1378_B19_1019_125070403.npz
B19_1020_125070406,/home/ubuntu/sunlong/gcms_consistency_old/dataset/20250724/1020#H88CCS125070406.D,1020#H88CCS125070406.D,19,20250724,1020.0,H88,红河（88）,C,125070406,CCS125070406,H88,H88,H88,H88,H88,False,/home/ubuntu/sunlong/gcms_consistency_old/new_prepared_data/tensors/20250724/H88/1379_B19_1020_125070406.npz
B19_1021_125070408,/home/ubuntu/sunlong/gcms_consistency_old/dataset/20250724/1021#H88CCS125070408.D,1021#H88CCS125070408.D,19,20250724,1021.0,H88,红河（88）,C,125070408,CCS125070408,H88,H88,H88,H88,H88,False,/home/ubuntu/sunlong/gcms_consistency_old/new_prepared_data/tensors/20250724/H88/1380_B19_1021_125070408.npz
B19_1022_125070411,/home/ubuntu/sunlong/gcms_consistency_old/dataset/20250724/1022#H99CCS125070411.D,1022#H99CCS125070411.D,19,20250724,1022.0,H99,红河（99）,C,125070411,CCS125070411,H99,H99,H99,H99,H99,False,/home/ubuntu/sunlong/gcms_consistency_old/new_prepared_data/tensors/20250724/H99/1381_B19_1022_125070411.npz
B19_1023_125070412,/home/ubuntu/sunlong/gcms_consistency_old/dataset/20250724/1023#HRJBCS125070412.D,1023#HRJBCS125070412.D,19,20250724,1023.0,HRJ,红河（软甲）,B,125070412,BCS125070412,HRJ,HRJ,HRJ,HRJ,HRJ,False,/home/ubuntu/sunlong/gcms_consistency_old/new_prepared_data/tensors/20250724/HRJ/1382_B19_1023_125070412.npz
B19_1024_125070402,/home/ubuntu/sunlong/gcms_consistency_old/dataset/20250724/1024#HYZBCS125070402.D,1024#HYZBCS125070402.D,19,20250724,1024.0,HYZ,云烟（紫）,B,125070402,BCS125070402,HYZ,HYZ,HYZ,HYZ,HYZ,False,/home/ubuntu/sunlong/gcms_consistency_old/new_prepared_data/tensors/20250724/HYZ/1383_B19_1024_125070402.npz
B19_1025_125070405,/home/ubuntu/sunlong/gcms_consistency_old/dataset/20250724/1025#HYZBCS125070405.D,1025#HYZBCS125070405.D,19,20250724,1025.0,HYZ,云烟（紫）,B,125070405,BCS125070405,HYZ,HYZ,HYZ,HYZ,HYZ,False,/home/ubuntu/sunlong/gcms_consistency_old/new_prepared_data/tensors/20250724/HYZ/1384_B19_1025_125070405.npz
B19_1026_125070407,/home/ubuntu/sunlong/gcms_consistency_old/dataset/20250724/1026#HYZBCS125070407.D,1026#HYZBCS125070407.D,19,20250724,1026.0,HYZ,云烟（紫）,B,125070407,BCS125070407,HYZ,HYZ,HYZ,HYZ,HYZ,False,/home/ubuntu/sunlong/gcms_consistency_old/new_prepared_data/tensors/20250724/HYZ/1385_B19_1026_125070407.npz
B19_1027_125070409,/home/ubuntu/sunlong/gcms_consistency_old/dataset/20250724/1027#HYZBCS125070409.D,1027#HYZBCS125070409.D,19,20250724,1027.0,HYZ,云烟（紫）,B,125070409,BCS125070409,HYZ,HYZ,HYZ,HYZ,HYZ,False,/home/ubuntu/sunlong/gcms_consistency_old/new_prepared_data/tensors/20250724/HYZ/1386_B19_1027_125070409.npz
B19_1028_125070413,/home/ubuntu/sunlong/gcms_consistency_old/dataset/20250724/1028#HYZBCS125070413.D,1028#HYZBCS125070413.D,19,20250724,1028.0,HYZ,云烟（紫）,B,125070413,BCS125070413,HYZ,HYZ,HYZ,HYZ,HYZ,False,/home/ubuntu/sunlong/gcms_consistency_old/new_prepared_data/tensors/20250724/HYZ/1387_B19_1028_125070413.npz
B19_1029_425070401,/home/ubuntu/sunlong/gcms_consistency_old/dataset/20250724/1029#HYZBCS425070401.D,1029#HYZBCS425070401.D,19,20250724,1029.0,HYZ,云烟（紫）,B,425070401,BCS425070401,HYZ,HYZ,HYZ,HYZ,HYZ,False,/home/ubuntu/sunlong/gcms_consistency_old/new_prepared_data/tensors/20250724/HYZ/1388_B19_1029_425070401.npz
B19_1030_225070401,/home/ubuntu/sunlong/gcms_consistency_old/dataset/20250724/1030#XCJACS225070401.D,1030#XCJACS225070401.D,19,20250724,1030.0,XCJ,云烟（中支小重九）,A,225070401,ACS225070401,XCJ,XCJ,XCJ,XCJ,XCJ,False,/home/ubuntu/sunlong/gcms_consistency_old/new_prepared_data/tensors/20250724/XCJ/1389_B19_1030_225070401.npz
B19_1031_225070402,/home/ubuntu/sunlong/gcms_consistency_old/dataset/20250724/1031#XCJACS225070402.D,1031#XCJACS225070402.D,19,20250724,1031.0,XCJ,云烟（中支小重九）,A,225070402,ACS225070402,XCJ,XCJ,XCJ,XCJ,XCJ,False,/home/ubuntu/sunlong/gcms_consistency_old/new_prepared_data/tensors/20250724/XCJ/1390_B19_1031_225070402.npz
B19_1032_125070401,/home/ubuntu/sunlong/gcms_consistency_old/dataset/20250724/1032#YJDACS125070401.D,1032#YJDACS125070401.D,19,20250724,1032.0,YJD,红塔山（硬经典）,A,125070401,ACS125070401,YJD,YJD,YJD,YJD,YJD,False,/home/ubuntu/sunlong/gcms_consistency_old/new_prepared_data/tensors/20250724/YJD/1391_B19_1032_125070401.npz
B19_1033_125070404,/home/ubuntu/sunlong/gcms_consistency_old/dataset/20250724/1033#YJDACS125070404.D,1033#YJDACS125070404.D,19,20250724,1033.0,YJD,红塔山（硬经典）,A,125070404,ACS125070404,YJD,YJD,YJD,YJD,YJD,False,/home/ubuntu/sunlong/gcms_consistency_old/new_prepared_data/tensors/20250724/YJD/1392_B19_1033_125070404.npz
B19_1034_125070410,/home/ubuntu/sunlong/gcms_consistency_old/dataset/20250724/1034#YJDACS125070410.D,1034#YJDACS125070410.D,19,20250724,1034.0,YJD,红塔山（硬经典）,A,125070410,ACS125070410,YJD,YJD,YJD,YJD,YJD,False,/home/ubuntu/sunlong/gcms_consistency_old/new_prepared_data/tensors/20250724/YJD/1393_B19_1034_125070410.npz
B19_1035_125070503,/home/ubuntu/sunlong/gcms_consistency_old/dataset/20250724/1035#H88CCS125070503.D,1035#H88CCS125070503.D,19,20250724,1035.0,H88,红河（88）,C,125070503,CCS125070503,H88,H88,H88,H88,H88,False,/home/ubuntu/sunlong/gcms_consistency_old/new_prepared_data/tensors/20250724/H88/1394_B19_1035_125070503.npz
B19_1036_125070506,/home/ubuntu/sunlong/gcms_consistency_old/dataset/20250724/1036#H88CCS125070506.D,1036#H88CCS125070506.D,19,20250724,1036.0,H88,红河（88）,C,125070506,CCS125070506,H88,H88,H88,H88,H88,False,/home/ubuntu/sunlong/gcms_consistency_old/new_prepared_data/tensors/20250724/H88/1395_B19_1036_125070506.npz
B19_1037_125070508,/home/ubuntu/sunlong/gcms_consistency_old/dataset/20250724/1037#H88CCS125070508.D,1037#H88CCS125070508.D,19,20250724,1037.0,H88,红河（88）,C,125070508,CCS125070508,H88,H88,H88,H88,H88,False,/home/ubuntu/sunlong/gcms_consistency_old/new_prepared_data/tensors/20250724/H88/1396_B19_1037_125070508.npz
B19_1038_125070510,/home/ubuntu/sunlong/gcms_consistency_old/dataset/20250724/1038#H88CCS125070510.D,1038#H88CCS125070510.D,19,20250724,1038.0,H88,红河（88）,C,125070510,CCS125070510,H88,H88,H88,H88,H88,False,/home/ubuntu/sunlong/gcms_consistency_old/new_prepared_data/tensors/20250724/H88/1397_B19_1038_125070510.npz
B19_1039_125070517,/home/ubuntu/sunlong/gcms_consistency_old/dataset/20250724/1039#H99CCS125070517.D,1039#H99CCS125070517.D,19,20250724,1039.0,H99,红河（99）,C,125070517,CCS125070517,H99,H99,H99,H99,H99,False,/home/ubuntu/sunlong/gcms_consistency_old/new_prepared_data/tensors/20250724/H99/1398_B19_1039_125070517.npz
B19_1040_125070515,/home/ubuntu/sunlong/gcms_consistency_old/dataset/20250724/1040#HRJBCS125070515.D,1040#HRJBCS125070515.D,19,20250724,1040.0,HRJ,红河（软甲）,B,125070515,BCS125070515,HRJ,HRJ,HRJ,HRJ,HRJ,False,/home/ubuntu/sunlong/gcms_consistency_old/new_prepared_data/tensors/20250724/HRJ/1399_B19_1040_125070515.npz
B19_1041_125070516,/home/ubuntu/sunlong/gcms_consistency_old/dataset/20250724/1041#HRJBCS125070516.D,1041#HRJBCS125070516.D,19,20250724,1041.0,HRJ,红河（软甲）,B,125070516,BCS125070516,HRJ,HRJ,HRJ,HRJ,HRJ,False,/home/ubuntu/sunlong/gcms_consistency_old/new_prepared_data/tensors/20250724/HRJ/1400_B19_1041_125070516.npz
B19_1042_125070502,/home/ubuntu/sunlong/gcms_consistency_old/dataset/20250724/1042#HYZBCS125070502.D,1042#HYZBCS125070502.D,19,20250724,1042.0,HYZ,云烟（紫）,B,125070502,BCS125070502,HYZ,HYZ,HYZ,HYZ,HYZ,False,/home/ubuntu/sunlong/gcms_consistency_old/new_prepared_data/tensors/20250724/HYZ/1401_B19_1042_125070502.npz
B19_1043_125070505,/home/ubuntu/sunlong/gcms_consistency_old/dataset/20250724/1043#HYZBCS125070505.D,1043#HYZBCS125070505.D,19,20250724,1043.0,HYZ,云烟（紫）,B,125070505,BCS125070505,HYZ,HYZ,HYZ,HYZ,HYZ,False,/home/ubuntu/sunlong/gcms_consistency_old/new_prepared_data/tensors/20250724/HYZ/1402_B19_1043_125070505.npz
B19_1044_125070507,/home/ubuntu/sunlong/gcms_consistency_old/dataset/20250724/1044#HYZBCS125070507.D,1044#HYZBCS125070507.D,19,20250724,1044.0,HYZ,云烟（紫）,B,125070507,BCS125070507,HYZ,HYZ,HYZ,HYZ,HYZ,False,/home/ubuntu/sunlong/gcms_consistency_old/new_prepared_data/tensors/20250724/HYZ/1403_B19_1044_125070507.npz
B19_1045_125070509,/home/ubuntu/sunlong/gcms_consistency_old/dataset/20250724/1045#HYZBCS125070509.D,1045#HYZBCS125070509.D,19,20250724,1045.0,HYZ,云烟（紫）,B,125070509,BCS125070509,HYZ,HYZ,HYZ,HYZ,HYZ,False,/home/ubuntu/sunlong/gcms_consistency_old/new_prepared_data/tensors/20250724/HYZ/1404_B19_1045_125070509.npz
B19_1046_125070511,/home/ubuntu/sunlong/gcms_consistency_old/dataset/20250724/1046#HYZBCS125070511.D,1046#HYZBCS125070511.D,19,20250724,1046.0,HYZ,云烟（紫）,B,125070511,BCS125070511,HYZ,HYZ,HYZ,HYZ,HYZ,False,/home/ubuntu/sunlong/gcms_consistency_old/new_prepared_data/tensors/20250724/HYZ/1405_B19_1046_125070511.npz
B19_1047_125070501,/home/ubuntu/sunlong/gcms_consistency_old/dataset/20250724/1047#YJDACS125070501.D,1047#YJDACS125070501.D,19,20250724,1047.0,YJD,红塔山（硬经典）,A,125070501,ACS125070501,YJD,YJD,YJD,YJD,YJD,False,/home/ubuntu/sunlong/gcms_consistency_old/new_prepared_data/tensors/20250724/YJD/1406_B19_1047_125070501.npz
B19_1048_125070504,/home/ubuntu/sunlong/gcms_consistency_old/dataset/20250724/1048#YJDACS125070504.D,1048#YJDACS125070504.D,19,20250724,1048.0,YJD,红塔山（硬经典）,A,125070504,ACS125070504,YJD,YJD,YJD,YJD,YJD,False,/home/ubuntu/sunlong/gcms_consistency_old/new_prepared_data/tensors/20250724/YJD/1407_B19_1048_125070504.npz
B19_1049_125070512,/home/ubuntu/sunlong/gcms_consistency_old/dataset/20250724/1049#YJDACS125070512.D,1049#YJDACS125070512.D,19,20250724,1049.0,YJD,红塔山（硬经典）,A,125070512,ACS125070512,YJD,YJD,YJD,YJD,YJD,False,/home/ubuntu/sunlong/gcms_consistency_old/new_prepared_data/tensors/20250724/YJD/1408_B19_1049_125070512.npz
B19_1050_125070514,/home/ubuntu/sunlong/gcms_consistency_old/dataset/20250724/1050#YJDACS125070514.D,1050#YJDACS125070514.D,19,20250724,1050.0,YJD,红塔山（硬经典）,A,125070514,ACS125070514,YJD,YJD,YJD,YJD,YJD,False,/home/ubuntu/sunlong/gcms_consistency_old/new_prepared_data/tensors/20250724/YJD/1409_B19_1050_125070514.npz
B19_1051_125070706,/home/ubuntu/sunlong/gcms_consistency_old/dataset/20250724/1051#H88CCS125070706.D,1051#H88CCS125070706.D,19,20250724,1051.0,H88,红河（88）,C,125070706,CCS125070706,H88,H88,H88,H88,H88,False,/home/ubuntu/sunlong/gcms_consistency_old/new_prepared_data/tensors/20250724/H88/1410_B19_1051_125070706.npz
B19_1052_125070708,/home/ubuntu/sunlong/gcms_consistency_old/dataset/20250724/1052#H88CCS125070708.D,1052#H88CCS125070708.D,19,20250724,1052.0,H88,红河（88）,C,125070708,CCS125070708,H88,H88,H88,H88,H88,False,/home/ubuntu/sunlong/gcms_consistency_old/new_prepared_data/tensors/20250724/H88/1411_B19_1052_125070708.npz
B19_1053_125070710,/home/ubuntu/sunlong/gcms_consistency_old/dataset/20250724/1053#H88CCS125070710.D,1053#H88CCS125070710.D,19,20250724,1053.0,H88,红河（88）,C,125070710,CCS125070710,H88,H88,H88,H88,H88,False,/home/ubuntu/sunlong/gcms_consistency_old/new_prepared_data/tensors/20250724/H88/1412_B19_1053_125070710.npz
B19_1054_125070705,/home/ubuntu/sunlong/gcms_consistency_old/dataset/20250724/1054#H99CCS125070705.D,1054#H99CCS125070705.D,19,20250724,1054.0,H99,红河（99）,C,125070705,CCS125070705,H99,H99,H99,H99,H99,False,/home/ubuntu/sunlong/gcms_consistency_old/new_prepared_data/tensors/20250724/H99/1413_B19_1054_125070705.npz
B19_1055_125070713,/home/ubuntu/sunlong/gcms_consistency_old/dataset/20250724/1055#H99CCS125070713.D,1055#H99CCS125070713.D,19,20250724,1055.0,H99,红河（99）,C,125070713,CCS125070713,H99,H99,H99,H99,H99,False,/home/ubuntu/sunlong/gcms_consistency_old/new_prepared_data/tensors/20250724/H99/1414_B19_1055_125070713.npz
B19_1056_125070712,/home/ubuntu/sunlong/gcms_consistency_old/dataset/20250724/1056#HRJACS125070712.D,1056#HRJACS125070712.D,19,20250724,1056.0,HRJ,红河（软甲）,A,125070712,ACS125070712,HRJ,HRJ,HRJ,HRJ,HRJ,False,/home/ubuntu/sunlong/gcms_consistency_old/new_prepared_data/tensors/20250724/HRJ/1415_B19_1056_125070712.npz
B19_1057_425070701,/home/ubuntu/sunlong/gcms_consistency_old/dataset/20250724/1057#HV8ACS425070701.D,1057#HV8ACS425070701.D,19,20250724,1057.0,HV8,红河（V8）,A,425070701,ACS425070701,HV8,HV8,HV8,HV8,HV8,False,/home/ubuntu/sunlong/gcms_consistency_old/new_prepared_data/tensors/20250724/HV8/1416_B19_1057_425070701.npz
B19_1058_12507004,/home/ubuntu/sunlong/gcms_consistency_old/dataset/20250724/1058#HYZBCS12507004.D,1058#HYZBCS12507004.D,19,20250724,1058.0,HYZ,云烟（紫）,B,12507004,BCS12507004,HYZ,HYZ,HYZ,HYZ,HYZ,False,/home/ubuntu/sunlong/gcms_consistency_old/new_prepared_data/tensors/20250724/HYZ/1417_B19_1058_12507004.npz
B19_1059_125070702,/home/ubuntu/sunlong/gcms_consistency_old/dataset/20250724/1059#HYZBCS125070702.D,1059#HYZBCS125070702.D,19,20250724,1059.0,HYZ,云烟（紫）,B,125070702,BCS125070702,HYZ,HYZ,HYZ,HYZ,HYZ,False,/home/ubuntu/sunlong/gcms_consistency_old/new_prepared_data/tensors/20250724/HYZ/1418_B19_1059_125070702.npz
B19_1060_125070707,/home/ubuntu/sunlong/gcms_consistency_old/dataset/20250724/1060#HYZBCS125070707.D,1060#HYZBCS125070707.D,19,20250724,1060.0,HYZ,云烟（紫）,B,125070707,BCS125070707,HYZ,HYZ,HYZ,HYZ,HYZ,False,/home/ubuntu/sunlong/gcms_consistency_old/new_prepared_data/tensors/20250724/HYZ/1419_B19_1060_125070707.npz
B19_1061_125070709,/home/ubuntu/sunlong/gcms_consistency_old/dataset/20250724/1061#HYZBCS125070709.D,1061#HYZBCS125070709.D,19,20250724,1061.0,HYZ,云烟（紫）,B,125070709,BCS125070709,HYZ,HYZ,HYZ,HYZ,HYZ,False,/home/ubuntu/sunlong/gcms_consistency_old/new_prepared_data/tensors/20250724/HYZ/1420_B19_1061_125070709.npz
B19_1062_125070711,/home/ubuntu/sunlong/gcms_consistency_old/dataset/20250724/1062#HYZBCS125070711.D,1062#HYZBCS125070711.D,19,20250724,1062.0,HYZ,云烟（紫）,B,125070711,BCS125070711,HYZ,HYZ,HYZ,HYZ,HYZ,False,/home/ubuntu/sunlong/gcms_consistency_old/new_prepared_data/tensors/20250724/HYZ/1421_B19_1062_125070711.npz
B19_1063_125070714,/home/ubuntu/sunlong/gcms_consistency_old/dataset/20250724/1063#HYZBCS125070714.D,1063#HYZBCS125070714.D,19,20250724,1063.0,HYZ,云烟（紫）,B,125070714,BCS125070714,HYZ,HYZ,HYZ,HYZ,HYZ,False,/home/ubuntu/sunlong/gcms_consistency_old/new_prepared_data/tensors/20250724/HYZ/1422_B19_1063_125070714.npz
B19_1064_125070701,/home/ubuntu/sunlong/gcms_consistency_old/dataset/20250724/1064#YJDACS125070701.D,1064#YJDACS125070701.D,19,20250724,1064.0,YJD,红塔山（硬经典）,A,125070701,ACS125070701,YJD,YJD,YJD,YJD,YJD,False,/home/ubuntu/sunlong/gcms_consistency_old/new_prepared_data/tensors/20250724/YJD/1423_B19_1064_125070701.npz
B19_1065_125070703,/home/ubuntu/sunlong/gcms_consistency_old/dataset/20250724/1065#YJDACS125070703.D,1065#YJDACS125070703.D,19,20250724,1065.0,YJD,红塔山（硬经典）,A,125070703,ACS125070703,YJD,YJD,YJD,YJD,YJD,False,/home/ubuntu/sunlong/gcms_consistency_old/new_prepared_data/tensors/20250724/YJD/1424_B19_1065_125070703.npz
B19_1066_125070807,/home/ubuntu/sunlong/gcms_consistency_old/dataset/20250724/1066#H88CCS125070807.D,1066#H88CCS125070807.D,19,20250724,1066.0,H88,红河（88）,C,125070807,CCS125070807,H88,H88,H88,H88,H88,False,/home/ubuntu/sunlong/gcms_consistency_old/new_prepared_data/tensors/20250724/H88/1425_B19_1066_125070807.npz
B19_1067_125070810,/home/ubuntu/sunlong/gcms_consistency_old/dataset/20250724/1067#H88CCS125070810.D,1067#H88CCS125070810.D,19,20250724,1067.0,H88,红河（88）,C,125070810,CCS125070810,H88,H88,H88,H88,H88,False,/home/ubuntu/sunlong/gcms_consistency_old/new_prepared_data/tensors/20250724/H88/1426_B19_1067_125070810.npz
B19_1068_125070813,/home/ubuntu/sunlong/gcms_consistency_old/dataset/20250724/1068#H88CCS125070813.D,1068#H88CCS125070813.D,19,20250724,1068.0,H88,红河（88）,C,125070813,CCS125070813,H88,H88,H88,H88,H88,False,/home/ubuntu/sunlong/gcms_consistency_old/new_prepared_data/tensors/20250724/H88/1427_B19_1068_125070813.npz
B19_1069_125070804,/home/ubuntu/sunlong/gcms_consistency_old/dataset/20250724/1069#H99CCS125070804.D,1069#H99CCS125070804.D,19,20250724,1069.0,H99,红河（99）,C,125070804,CCS125070804,H99,H99,H99,H99,H99,False,/home/ubuntu/sunlong/gcms_consistency_old/new_prepared_data/tensors/20250724/H99/1428_B19_1069_125070804.npz
B19_1070_125070812,/home/ubuntu/sunlong/gcms_consistency_old/dataset/20250724/1070#HRJBCS125070812.D,1070#HRJBCS125070812.D,19,20250724,1070.0,HRJ,红河（软甲）,B,125070812,BCS125070812,HRJ,HRJ,HRJ,HRJ,HRJ,False,/home/ubuntu/sunlong/gcms_consistency_old/new_prepared_data/tensors/20250724/HRJ/1429_B19_1070_125070812.npz
B19_1071_125070814,/home/ubuntu/sunlong/gcms_consistency_old/dataset/20250724/1071#HRJBCS125070814.D,1071#HRJBCS125070814.D,19,20250724,1071.0,HRJ,红河（软甲）,B,125070814,BCS125070814,HRJ,HRJ,HRJ,HRJ,HRJ,False,/home/ubuntu/sunlong/gcms_consistency_old/new_prepared_data/tensors/20250724/HRJ/1430_B19_1071_125070814.npz
B19_1072_125070801,/home/ubuntu/sunlong/gcms_consistency_old/dataset/20250724/1072#HYZBCS125070801.D,1072#HYZBCS125070801.D,19,20250724,1072.0,HYZ,云烟（紫）,B,125070801,BCS125070801,HYZ,HYZ,HYZ,HYZ,HYZ,False,/home/ubuntu/sunlong/gcms_consistency_old/new_prepared_data/tensors/20250724/HYZ/1431_B19_1072_125070801.npz
B19_1073_125070803,/home/ubuntu/sunlong/gcms_consistency_old/dataset/20250724/1073#HYZBCS125070803.D,1073#HYZBCS125070803.D,19,20250724,1073.0,HYZ,云烟（紫）,B,125070803,BCS125070803,HYZ,HYZ,HYZ,HYZ,HYZ,False,/home/ubuntu/sunlong/gcms_consistency_old/new_prepared_data/tensors/20250724/HYZ/1432_B19_1073_125070803.npz
B19_1074_125070806,/home/ubuntu/sunlong/gcms_consistency_old/dataset/20250724/1074#HYZBCS125070806.D,1074#HYZBCS125070806.D,19,20250724,1074.0,HYZ,云烟（紫）,B,125070806,BCS125070806,HYZ,HYZ,HYZ,HYZ,HYZ,False,/home/ubuntu/sunlong/gcms_consistency_old/new_prepared_data/tensors/20250724/HYZ/1433_B19_1074_125070806.npz
B19_1075_125070809,/home/ubuntu/sunlong/gcms_consistency_old/dataset/20250724/1075#HYZBCS125070809.D,1075#HYZBCS125070809.D,19,20250724,1075.0,HYZ,云烟（紫）,B,125070809,BCS125070809,HYZ,HYZ,HYZ,HYZ,HYZ,False,/home/ubuntu/sunlong/gcms_consistency_old/new_prepared_data/tensors/20250724/HYZ/1434_B19_1075_125070809.npz
B19_1076_125070815,/home/ubuntu/sunlong/gcms_consistency_old/dataset/20250724/1076#HYZBCS125070815.D,1076#HYZBCS125070815.D,19,20250724,1076.0,HYZ,云烟（紫）,B,125070815,BCS125070815,HYZ,HYZ,HYZ,HYZ,HYZ,False,/home/ubuntu/sunlong/gcms_consistency_old/new_prepared_data/tensors/20250724/HYZ/1435_B19_1076_125070815.npz
B19_1077_125070802,/home/ubuntu/sunlong/gcms_consistency_old/dataset/20250724/1077#YJDACS125070802.D,1077#YJDACS125070802.D,19,20250724,1077.0,YJD,红塔山（硬经典）,A,125070802,ACS125070802,YJD,YJD,YJD,YJD,YJD,False,/home/ubuntu/sunlong/gcms_consistency_old/new_prepared_data/tensors/20250724/YJD/1436_B19_1077_125070802.npz
B19_1078_125070805,/home/ubuntu/sunlong/gcms_consistency_old/dataset/20250724/1078#YJDACS125070805.D,1078#YJDACS125070805.D,19,20250724,1078.0,YJD,红塔山（硬经典）,A,125070805,ACS125070805,YJD,YJD,YJD,YJD,YJD,False,/home/ubuntu/sunlong/gcms_consistency_old/new_prepared_data/tensors/20250724/YJD/1437_B19_1078_125070805.npz
B19_1079_125070808,/home/ubuntu/sunlong/gcms_consistency_old/dataset/20250724/1079#YJDACS125070808.D,1079#YJDACS125070808.D,19,20250724,1079.0,YJD,红塔山（硬经典）,A,125070808,ACS125070808,YJD,YJD,YJD,YJD,YJD,False,/home/ubuntu/sunlong/gcms_consistency_old/new_prepared_data/tensors/20250724/YJD/1438_B19_1079_125070808.npz
B19_1080_125070811,/home/ubuntu/sunlong/gcms_consistency_old/dataset/20250724/1080#YJDACS125070811.D,1080#YJDACS125070811.D,19,20250724,1080.0,YJD,红塔山（硬经典）,A,125070811,ACS125070811,YJD,YJD,YJD,YJD,YJD,False,/home/ubuntu/sunlong/gcms_consistency_old/new_prepared_data/tensors/20250724/YJD/1439_B19_1080_125070811.npz
B19_1081_125070907,/home/ubuntu/sunlong/gcms_consistency_old/dataset/20250724/1081#H88CCS125070907.D,1081#H88CCS125070907.D,19,20250724,1081.0,H88,红河（88）,C,125070907,CCS125070907,H88,H88,H88,H88,H88,False,/home/ubuntu/sunlong/gcms_consistency_old/new_prepared_data/tensors/20250724/H88/1440_B19_1081_125070907.npz
B19_1082_125070910,/home/ubuntu/sunlong/gcms_consistency_old/dataset/20250724/1082#H88CCS125070910.D,1082#H88CCS125070910.D,19,20250724,1082.0,H88,红河（88）,C,125070910,CCS125070910,H88,H88,H88,H88,H88,False,/home/ubuntu/sunlong/gcms_consistency_old/new_prepared_data/tensors/20250724/H88/1441_B19_1082_125070910.npz
B19_1083_125070913,/home/ubuntu/sunlong/gcms_consistency_old/dataset/20250724/1083#H88CCS125070913.D,1083#H88CCS125070913.D,19,20250724,1083.0,H88,红河（88）,C,125070913,CCS125070913,H88,H88,H88,H88,H88,False,/home/ubuntu/sunlong/gcms_consistency_old/new_prepared_data/tensors/20250724/H88/1442_B19_1083_125070913.npz
B19_1084_125070903,/home/ubuntu/sunlong/gcms_consistency_old/dataset/20250724/1084#H99CCS125070903.D,1084#H99CCS125070903.D,19,20250724,1084.0,H99,红河（99）,C,125070903,CCS125070903,H99,H99,H99,H99,H99,False,/home/ubuntu/sunlong/gcms_consistency_old/new_prepared_data/tensors/20250724/H99/1443_B19_1084_125070903.npz
B19_1085_125070906,/home/ubuntu/sunlong/gcms_consistency_old/dataset/20250724/1085#H99CCS125070906.D,1085#H99CCS125070906.D,19,20250724,1085.0,H99,红河（99）,C,125070906,CCS125070906,H99,H99,H99,H99,H99,False,/home/ubuntu/sunlong/gcms_consistency_old/new_prepared_data/tensors/20250724/H99/1444_B19_1085_125070906.npz
B19_1086_125070916,/home/ubuntu/sunlong/gcms_consistency_old/dataset/20250724/1086#HRJACS125070916.D,1086#HRJACS125070916.D,19,20250724,1086.0,HRJ,红河（软甲）,A,125070916,ACS125070916,HRJ,HRJ,HRJ,HRJ,HRJ,False,/home/ubuntu/sunlong/gcms_consistency_old/new_prepared_data/tensors/20250724/HRJ/1445_B19_1086_125070916.npz
B19_1087_125070911,/home/ubuntu/sunlong/gcms_consistency_old/dataset/20250724/1087#HRJBCS125070911.D,1087#HRJBCS125070911.D,19,20250724,1087.0,HRJ,红河（软甲）,B,125070911,BCS125070911,HRJ,HRJ,HRJ,HRJ,HRJ,False,/home/ubuntu/sunlong/gcms_consistency_old/new_prepared_data/tensors/20250724/HRJ/1446_B19_1087_125070911.npz
B19_1088_425070901,/home/ubuntu/sunlong/gcms_consistency_old/dataset/20250724/1088#HRLACS425070901.D,1088#HRLACS425070901.D,19,20250724,1088.0,HRL,云烟（软礼印象）,A,425070901,ACS425070901,HRL,HRL,HRL,HRL,HRL,False,/home/ubuntu/sunlong/gcms_consistency_old/new_prepared_data/tensors/20250724/HRL/1447_B19_1088_425070901.npz
B19_1089_125070908,/home/ubuntu/sunlong/gcms_consistency_old/dataset/20250724/1089#HRYBCS125070908.D,1089#HRYBCS125070908.D,19,20250724,1089.0,HRY,云烟（软如意）,B,125070908,BCS125070908,HRY,HRY,HRY,HRY,HRY,False,/home/ubuntu/sunlong/gcms_consistency_old/new_prepared_data/tensors/20250724/HRY/1448_B19_1089_125070908.npz
B19_1090_125070902,/home/ubuntu/sunlong/gcms_consistency_old/dataset/20250724/1090#HYZBCS125070902.D,1090#HYZBCS125070902.D,19,20250724,1090.0,HYZ,云烟（紫）,B,125070902,BCS125070902,HYZ,HYZ,HYZ,HYZ,HYZ,False,/home/ubuntu/sunlong/gcms_consistency_old/new_prepared_data/tensors/20250724/HYZ/1449_B19_1090_125070902.npz
B19_1091_125070905,/home/ubuntu/sunlong/gcms_consistency_old/dataset/20250724/1091#HYZBCS125070905.D,1091#HYZBCS125070905.D,19,20250724,1091.0,HYZ,云烟（紫）,B,125070905,BCS125070905,HYZ,HYZ,HYZ,HYZ,HYZ,False,/home/ubuntu/sunlong/gcms_consistency_old/new_prepared_data/tensors/20250724/HYZ/1450_B19_1091_125070905.npz
B19_1092_125070912,/home/ubuntu/sunlong/gcms_consistency_old/dataset/20250724/1092#HYZBCS125070912.D,1092#HYZBCS125070912.D,19,20250724,1092.0,HYZ,云烟（紫）,B,125070912,BCS125070912,HYZ,HYZ,HYZ,HYZ,HYZ,False,/home/ubuntu/sunlong/gcms_consistency_old/new_prepared_data/tensors/20250724/HYZ/1451_B19_1092_125070912.npz
B19_1093_125070914,/home/ubuntu/sunlong/gcms_consistency_old/dataset/20250724/1093#HYZBCS125070914.D,1093#HYZBCS125070914.D,19,20250724,1093.0,HYZ,云烟（紫）,B,125070914,BCS125070914,HYZ,HYZ,HYZ,HYZ,HYZ,False,/home/ubuntu/sunlong/gcms_consistency_old/new_prepared_data/tensors/20250724/HYZ/1452_B19_1093_125070914.npz
B19_1094_125070915,/home/ubuntu/sunlong/gcms_consistency_old/dataset/20250724/1094#HYZBCS125070915.D,1094#HYZBCS125070915.D,19,20250724,1094.0,HYZ,云烟（紫）,B,125070915,BCS125070915,HYZ,HYZ,HYZ,HYZ,HYZ,False,/home/ubuntu/sunlong/gcms_consistency_old/new_prepared_data/tensors/20250724/HYZ/1453_B19_1094_125070915.npz
B19_1095_125070901,/home/ubuntu/sunlong/gcms_consistency_old/dataset/20250724/1095#YJDACS125070901.D,1095#YJDACS125070901.D,19,20250724,1095.0,YJD,红塔山（硬经典）,A,125070901,ACS125070901,YJD,YJD,YJD,YJD,YJD,False,/home/ubuntu/sunlong/gcms_consistency_old/new_prepared_data/tensors/20250724/YJD/1454_B19_1095_125070901.npz
B19_1096_125070904,/home/ubuntu/sunlong/gcms_consistency_old/dataset/20250724/1096#YJDACS125070904.D,1096#YJDACS125070904.D,19,20250724,1096.0,YJD,红塔山（硬经典）,A,125070904,ACS125070904,YJD,YJD,YJD,YJD,YJD,False,/home/ubuntu/sunlong/gcms_consistency_old/new_prepared_data/tensors/20250724/YJD/1455_B19_1096_125070904.npz
B19_1097_125070909,/home/ubuntu/sunlong/gcms_consistency_old/dataset/20250724/1097#YJDACS125070909.D,1097#YJDACS125070909.D,19,20250724,1097.0,YJD,红塔山（硬经典）,A,125070909,ACS125070909,YJD,YJD,YJD,YJD,YJD,False,/home/ubuntu/sunlong/gcms_consistency_old/new_prepared_data/tensors/20250724/YJD/1456_B19_1097_125070909.npz
B19_1098_125071003,/home/ubuntu/sunlong/gcms_consistency_old/dataset/20250724/1098#H88CCS125071003.D,1098#H88CCS125071003.D,19,20250724,1098.0,H88,红河（88）,C,125071003,CCS125071003,H88,H88,H88,H88,H88,False,/home/ubuntu/sunlong/gcms_consistency_old/new_prepared_data/tensors/20250724/H88/1457_B19_1098_125071003.npz
B19_1099_125071011,/home/ubuntu/sunlong/gcms_consistency_old/dataset/20250724/1099#H88CCS125071011.D,1099#H88CCS125071011.D,19,20250724,1099.0,H88,红河（88）,C,125071011,CCS125071011,H88,H88,H88,H88,H88,False,/home/ubuntu/sunlong/gcms_consistency_old/new_prepared_data/tensors/20250724/H88/1458_B19_1099_125071011.npz
B19_1100_125071014,/home/ubuntu/sunlong/gcms_consistency_old/dataset/20250724/1100#H88CCS125071014.D,1100#H88CCS125071014.D,19,20250724,1100.0,H88,红河（88）,C,125071014,CCS125071014,H88,H88,H88,H88,H88,False,/home/ubuntu/sunlong/gcms_consistency_old/new_prepared_data/tensors/20250724/H88/1459_B19_1100_125071014.npz
B19_1101_125071016,/home/ubuntu/sunlong/gcms_consistency_old/dataset/20250724/1101#H88CCS125071016.D,1101#H88CCS125071016.D,19,20250724,1101.0,H88,红河（88）,C,125071016,CCS125071016,H88,H88,H88,H88,H88,False,/home/ubuntu/sunlong/gcms_consistency_old/new_prepared_data/tensors/20250724/H88/1460_B19_1101_125071016.npz
B19_1102_125071006,/home/ubuntu/sunlong/gcms_consistency_old/dataset/20250724/1102#H99CCS125071006.D,1102#H99CCS125071006.D,19,20250724,1102.0,H99,红河（99）,C,125071006,CCS125071006,H99,H99,H99,H99,H99,False,/home/ubuntu/sunlong/gcms_consistency_old/new_prepared_data/tensors/20250724/H99/1461_B19_1102_125071006.npz
B19_1103_125071008,/home/ubuntu/sunlong/gcms_consistency_old/dataset/20250724/1103#H99CCS125071008.D,1103#H99CCS125071008.D,19,20250724,1103.0,H99,红河（99）,C,125071008,CCS125071008,H99,H99,H99,H99,H99,False,/home/ubuntu/sunlong/gcms_consistency_old/new_prepared_data/tensors/20250724/H99/1462_B19_1103_125071008.npz
B19_1104_125071007,/home/ubuntu/sunlong/gcms_consistency_old/dataset/20250724/1104#HMDACS125071007.D,1104#HMDACS125071007.D,19,20250724,1104.0,HMD,牡丹（软）,A,125071007,ACS125071007,HMD,HMD,HMD,HMD,HMD,False,/home/ubuntu/sunlong/gcms_consistency_old/new_prepared_data/tensors/20250724/HMD/1463_B19_1104_125071007.npz
B19_1105_125071010,/home/ubuntu/sunlong/gcms_consistency_old/dataset/20250724/1105#HMDACS125071010.D,1105#HMDACS125071010.D,19,20250724,1105.0,HMD,牡丹（软）,A,125071010,ACS125071010,HMD,HMD,HMD,HMD,HMD,False,/home/ubuntu/sunlong/gcms_consistency_old/new_prepared_data/tensors/20250724/HMD/1464_B19_1105_125071010.npz
B19_1106_125071009,/home/ubuntu/sunlong/gcms_consistency_old/dataset/20250724/1106#HRJBCS125071009.D,1106#HRJBCS125071009.D,19,20250724,1106.0,HRJ,红河（软甲）,B,125071009,BCS125071009,HRJ,HRJ,HRJ,HRJ,HRJ,False,/home/ubuntu/sunlong/gcms_consistency_old/new_prepared_data/tensors/20250724/HRJ/1465_B19_1106_125071009.npz
B19_1107_125071012,/home/ubuntu/sunlong/gcms_consistency_old/dataset/20250724/1107#HRJBCS125071012.D,1107#HRJBCS125071012.D,19,20250724,1107.0,HRJ,红河（软甲）,B,125071012,BCS125071012,HRJ,HRJ,HRJ,HRJ,HRJ,False,/home/ubuntu/sunlong/gcms_consistency_old/new_prepared_data/tensors/20250724/HRJ/1466_B19_1107_125071012.npz
B19_1108_125071002,/home/ubuntu/sunlong/gcms_consistency_old/dataset/20250724/1108#HYZBCS125071002.D,1108#HYZBCS125071002.D,19,20250724,1108.0,HYZ,云烟（紫）,B,125071002,BCS125071002,HYZ,HYZ,HYZ,HYZ,HYZ,False,/home/ubuntu/sunlong/gcms_consistency_old/new_prepared_data/tensors/20250724/HYZ/1467_B19_1108_125071002.npz
B19_1109_125071005,/home/ubuntu/sunlong/gcms_consistency_old/dataset/20250724/1109#HYZBCS125071005.D,1109#HYZBCS125071005.D,19,20250724,1109.0,HYZ,云烟（紫）,B,125071005,BCS125071005,HYZ,HYZ,HYZ,HYZ,HYZ,False,/home/ubuntu/sunlong/gcms_consistency_old/new_prepared_data/tensors/20250724/HYZ/1468_B19_1109_125071005.npz
B19_1110_125071013,/home/ubuntu/sunlong/gcms_consistency_old/dataset/20250724/1110#HYZBCS125071013.D,1110#HYZBCS125071013.D,19,20250724,1110.0,HYZ,云烟（紫）,B,125071013,BCS125071013,HYZ,HYZ,HYZ,HYZ,HYZ,False,/home/ubuntu/sunlong/gcms_consistency_old/new_prepared_data/tensors/20250724/HYZ/1469_B19_1110_125071013.npz
B19_1111_125071015,/home/ubuntu/sunlong/gcms_consistency_old/dataset/20250724/1111#HYZBCS125071015.D,1111#HYZBCS125071015.D,19,20250724,1111.0,HYZ,云烟（紫）,B,125071015,BCS125071015,HYZ,HYZ,HYZ,HYZ,HYZ,False,/home/ubuntu/sunlong/gcms_consistency_old/new_prepared_data/tensors/20250724/HYZ/1470_B19_1111_125071015.npz
B19_1112_125071001,/home/ubuntu/sunlong/gcms_consistency_old/dataset/20250724/1112#YJDACS125071001.D,1112#YJDACS125071001.D,19,20250724,1112.0,YJD,红塔山（硬经典）,A,125071001,ACS125071001,YJD,YJD,YJD,YJD,YJD,False,/home/ubuntu/sunlong/gcms_consistency_old/new_prepared_data/tensors/20250724/YJD/1471_B19_1112_125071001.npz
B19_1113_125071004,/home/ubuntu/sunlong/gcms_consistency_old/dataset/20250724/1113#YJDACS125071004.D,1113#YJDACS125071004.D,19,20250724,1113.0,YJD,红塔山（硬经典）,A,125071004,ACS125071004,YJD,YJD,YJD,YJD,YJD,False,/home/ubuntu/sunlong/gcms_consistency_old/new_prepared_data/tensors/20250724/YJD/1472_B19_1113_125071004.npz
B19_1114_125071103,/home/ubuntu/sunlong/gcms_consistency_old/dataset/20250724/1114#H88CCS125071103.D,1114#H88CCS125071103.D,19,20250724,1114.0,H88,红河（88）,C,125071103,CCS125071103,H88,H88,H88,H88,H88,False,/home/ubuntu/sunlong/gcms_consistency_old/new_prepared_data/tensors/20250724/H88/1473_B19_1114_125071103.npz
B19_1115_125071106,/home/ubuntu/sunlong/gcms_consistency_old/dataset/20250724/1115#H88CCS125071106.D,1115#H88CCS125071106.D,19,20250724,1115.0,H88,红河（88）,C,125071106,CCS125071106,H88,H88,H88,H88,H88,False,/home/ubuntu/sunlong/gcms_consistency_old/new_prepared_data/tensors/20250724/H88/1474_B19_1115_125071106.npz
B19_1116_125071114,/home/ubuntu/sunlong/gcms_consistency_old/dataset/20250724/1116#H88CCS125071114.D,1116#H88CCS125071114.D,19,20250724,1116.0,H88,红河（88）,C,125071114,CCS125071114,H88,H88,H88,H88,H88,False,/home/ubuntu/sunlong/gcms_consistency_old/new_prepared_data/tensors/20250724/H88/1475_B19_1116_125071114.npz
B19_1117_125071116,/home/ubuntu/sunlong/gcms_consistency_old/dataset/20250724/1117#H88CCS125071116.D,1117#H88CCS125071116.D,19,20250724,1117.0,H88,红河（88）,C,125071116,CCS125071116,H88,H88,H88,H88,H88,False,/home/ubuntu/sunlong/gcms_consistency_old/new_prepared_data/tensors/20250724/H88/1476_B19_1117_125071116.npz
B19_1118_125071112,/home/ubuntu/sunlong/gcms_consistency_old/dataset/20250724/1118#H99CCS125071112.D,1118#H99CCS125071112.D,19,20250724,1118.0,H99,红河（99）,C,125071112,CCS125071112,H99,H99,H99,H99,H99,False,/home/ubuntu/sunlong/gcms_consistency_old/new_prepared_data/tensors/20250724/H99/1477_B19_1118_125071112.npz
B19_1119_125071118,/home/ubuntu/sunlong/gcms_consistency_old/dataset/20250724/1119#HMDACS125071118.D,1119#HMDACS125071118.D,19,20250724,1119.0,HMD,牡丹（软）,A,125071118,ACS125071118,HMD,HMD,HMD,HMD,HMD,False,/home/ubuntu/sunlong/gcms_consistency_old/new_prepared_data/tensors/20250724/HMD/1478_B19_1119_125071118.npz
B19_1120_125071119,/home/ubuntu/sunlong/gcms_consistency_old/dataset/20250724/1120#HMDACS125071119.D,1120#HMDACS125071119.D,19,20250724,1120.0,HMD,牡丹（软）,A,125071119,ACS125071119,HMD,HMD,HMD,HMD,HMD,False,/home/ubuntu/sunlong/gcms_consistency_old/new_prepared_data/tensors/20250724/HMD/1479_B19_1120_125071119.npz
B19_1121_125071113,/home/ubuntu/sunlong/gcms_consistency_old/dataset/20250724/1121#HRJBCS125071113.D,1121#HRJBCS125071113.D,19,20250724,1121.0,HRJ,红河（软甲）,B,125071113,BCS125071113,HRJ,HRJ,HRJ,HRJ,HRJ,False,/home/ubuntu/sunlong/gcms_consistency_old/new_prepared_data/tensors/20250724/HRJ/1480_B19_1121_125071113.npz
B19_1122_125071111,/home/ubuntu/sunlong/gcms_consistency_old/dataset/20250724/1122#HRYBCS125071111.D,1122#HRYBCS125071111.D,19,20250724,1122.0,HRY,云烟（软如意）,B,125071111,BCS125071111,HRY,HRY,HRY,HRY,HRY,False,/home/ubuntu/sunlong/gcms_consistency_old/new_prepared_data/tensors/20250724/HRY/1481_B19_1122_125071111.npz
B19_1123_125071102,/home/ubuntu/sunlong/gcms_consistency_old/dataset/20250724/1123#HYZBCS125071102.D,1123#HYZBCS125071102.D,19,20250724,1123.0,HYZ,云烟（紫）,B,125071102,BCS125071102,HYZ,HYZ,HYZ,HYZ,HYZ,False,/home/ubuntu/sunlong/gcms_consistency_old/new_prepared_data/tensors/20250724/HYZ/1482_B19_1123_125071102.npz
B19_1124_125071105,/home/ubuntu/sunlong/gcms_consistency_old/dataset/20250724/1124#HYZBCS125071105.D,1124#HYZBCS125071105.D,19,20250724,1124.0,HYZ,云烟（紫）,B,125071105,BCS125071105,HYZ,HYZ,HYZ,HYZ,HYZ,False,/home/ubuntu/sunlong/gcms_consistency_old/new_prepared_data/tensors/20250724/HYZ/1483_B19_1124_125071105.npz
B19_1125_125071108,/home/ubuntu/sunlong/gcms_consistency_old/dataset/20250724/1125#HYZBCS125071108.D,1125#HYZBCS125071108.D,19,20250724,1125.0,HYZ,云烟（紫）,B,125071108,BCS125071108,HYZ,HYZ,HYZ,HYZ,HYZ,False,/home/ubuntu/sunlong/gcms_consistency_old/new_prepared_data/tensors/20250724/HYZ/1484_B19_1125_125071108.npz
B19_1126_125071115,/home/ubuntu/sunlong/gcms_consistency_old/dataset/20250724/1126#HYZBCS125071115.D,1126#HYZBCS125071115.D,19,20250724,1126.0,HYZ,云烟（紫）,B,125071115,BCS125071115,HYZ,HYZ,HYZ,HYZ,HYZ,False,/home/ubuntu/sunlong/gcms_consistency_old/new_prepared_data/tensors/20250724/HYZ/1485_B19_1126_125071115.npz
B19_1127_125071117,/home/ubuntu/sunlong/gcms_consistency_old/dataset/20250724/1127#HYZBCS125071117.D,1127#HYZBCS125071117.D,19,20250724,1127.0,HYZ,云烟（紫）,B,125071117,BCS125071117,HYZ,HYZ,HYZ,HYZ,HYZ,False,/home/ubuntu/sunlong/gcms_consistency_old/new_prepared_data/tensors/20250724/HYZ/1486_B19_1127_125071117.npz
B19_1128_125071101,/home/ubuntu/sunlong/gcms_consistency_old/dataset/20250724/1128#YJDACS125071101.D,1128#YJDACS125071101.D,19,20250724,1128.0,YJD,红塔山（硬经典）,A,125071101,ACS125071101,YJD,YJD,YJD,YJD,YJD,False,/home/ubuntu/sunlong/gcms_consistency_old/new_prepared_data/tensors/20250724/YJD/1487_B19_1128_125071101.npz
B19_1129_125071104,/home/ubuntu/sunlong/gcms_consistency_old/dataset/20250724/1129#YJDACS125071104.D,1129#YJDACS125071104.D,19,20250724,1129.0,YJD,红塔山（硬经典）,A,125071104,ACS125071104,YJD,YJD,YJD,YJD,YJD,False,/home/ubuntu/sunlong/gcms_consistency_old/new_prepared_data/tensors/20250724/YJD/1488_B19_1129_125071104.npz
B19_1130_125071203,/home/ubuntu/sunlong/gcms_consistency_old/dataset/20250724/1130#H88CCS125071203.D,1130#H88CCS125071203.D,19,20250724,1130.0,H88,红河（88）,C,125071203,CCS125071203,H88,H88,H88,H88,H88,False,/home/ubuntu/sunlong/gcms_consistency_old/new_prepared_data/tensors/20250724/H88/1489_B19_1130_125071203.npz
B19_1131_125071210,/home/ubuntu/sunlong/gcms_consistency_old/dataset/20250724/1131#H88CCS125071210.D,1131#H88CCS125071210.D,19,20250724,1131.0,H88,红河（88）,C,125071210,CCS125071210,H88,H88,H88,H88,H88,False,/home/ubuntu/sunlong/gcms_consistency_old/new_prepared_data/tensors/20250724/H88/1490_B19_1131_125071210.npz
B19_1132_125071212,/home/ubuntu/sunlong/gcms_consistency_old/dataset/20250724/1132#H88CCS125071212.D,1132#H88CCS125071212.D,19,20250724,1132.0,H88,红河（88）,C,125071212,CCS125071212,H88,H88,H88,H88,H88,False,/home/ubuntu/sunlong/gcms_consistency_old/new_prepared_data/tensors/20250724/H88/1491_B19_1132_125071212.npz
B19_1133_125071215,/home/ubuntu/sunlong/gcms_consistency_old/dataset/20250724/1133#H88CCS125071215.D,1133#H88CCS125071215.D,19,20250724,1133.0,H88,红河（88）,C,125071215,CCS125071215,H88,H88,H88,H88,H88,False,/home/ubuntu/sunlong/gcms_consistency_old/new_prepared_data/tensors/20250724/H88/1492_B19_1133_125071215.npz
B19_1134_125071205,/home/ubuntu/sunlong/gcms_consistency_old/dataset/20250724/1134#H99CCS125071205.D,1134#H99CCS125071205.D,19,20250724,1134.0,H99,红河（99）,C,125071205,CCS125071205,H99,H99,H99,H99,H99,False,/home/ubuntu/sunlong/gcms_consistency_old/new_prepared_data/tensors/20250724/H99/1493_B19_1134_125071205.npz
B19_1135_125071207,/home/ubuntu/sunlong/gcms_consistency_old/dataset/20250724/1135#H99CCS125071207.D,1135#H99CCS125071207.D,19,20250724,1135.0,H99,红河（99）,C,125071207,CCS125071207,H99,H99,H99,H99,H99,False,/home/ubuntu/sunlong/gcms_consistency_old/new_prepared_data/tensors/20250724/H99/1494_B19_1135_125071207.npz
B19_1136_125071208,/home/ubuntu/sunlong/gcms_consistency_old/dataset/20250724/1136#HRJACS125071208.D,1136#HRJACS125071208.D,19,20250724,1136.0,HRJ,红河（软甲）,A,125071208,ACS125071208,HRJ,HRJ,HRJ,HRJ,HRJ,False,/home/ubuntu/sunlong/gcms_consistency_old/new_prepared_data/tensors/20250724/HRJ/1495_B19_1136_125071208.npz
B19_1137_125071214,/home/ubuntu/sunlong/gcms_consistency_old/dataset/20250724/1137#HRYBCS125071214.D,1137#HRYBCS125071214.D,19,20250724,1137.0,HRY,云烟（软如意）,B,125071214,BCS125071214,HRY,HRY,HRY,HRY,HRY,False,/home/ubuntu/sunlong/gcms_consistency_old/new_prepared_data/tensors/20250724/HRY/1496_B19_1137_125071214.npz
B19_1138_125071216,/home/ubuntu/sunlong/gcms_consistency_old/dataset/20250724/1138#HRYBCS125071216.D,1138#HRYBCS125071216.D,19,20250724,1138.0,HRY,云烟（软如意）,B,125071216,BCS125071216,HRY,HRY,HRY,HRY,HRY,False,/home/ubuntu/sunlong/gcms_consistency_old/new_prepared_data/tensors/20250724/HRY/1497_B19_1138_125071216.npz
B19_1139_125071202,/home/ubuntu/sunlong/gcms_consistency_old/dataset/20250724/1139#HYZBCS125071202.D,1139#HYZBCS125071202.D,19,20250724,1139.0,HYZ,云烟（紫）,B,125071202,BCS125071202,HYZ,HYZ,HYZ,HYZ,HYZ,False,/home/ubuntu/sunlong/gcms_consistency_old/new_prepared_data/tensors/20250724/HYZ/1498_B19_1139_125071202.npz
B19_1140_125071206,/home/ubuntu/sunlong/gcms_consistency_old/dataset/20250724/1140#HYZBCS125071206.D,1140#HYZBCS125071206.D,19,20250724,1140.0,HYZ,云烟（紫）,B,125071206,BCS125071206,HYZ,HYZ,HYZ,HYZ,HYZ,False,/home/ubuntu/sunlong/gcms_consistency_old/new_prepared_data/tensors/20250724/HYZ/1499_B19_1140_125071206.npz
B19_1141_125071209,/home/ubuntu/sunlong/gcms_consistency_old/dataset/20250724/1141#HYZBCS125071209.D,1141#HYZBCS125071209.D,19,20250724,1141.0,HYZ,云烟（紫）,B,125071209,BCS125071209,HYZ,HYZ,HYZ,HYZ,HYZ,False,/home/ubuntu/sunlong/gcms_consistency_old/new_prepared_data/tensors/20250724/HYZ/1500_B19_1141_125071209.npz
B19_1142_225071201,/home/ubuntu/sunlong/gcms_consistency_old/dataset/20250724/1142#HYZBCS225071201.D,1142#HYZBCS225071201.D,19,20250724,1142.0,HYZ,云烟（紫）,B,225071201,BCS225071201,HYZ,HYZ,HYZ,HYZ,HYZ,False,/home/ubuntu/sunlong/gcms_consistency_old/new_prepared_data/tensors/20250724/HYZ/1501_B19_1142_225071201.npz
B19_1143_425071201,/home/ubuntu/sunlong/gcms_consistency_old/dataset/20250724/1143#HYZBCS425071201.D,1143#HYZBCS425071201.D,19,20250724,1143.0,HYZ,云烟（紫）,B,425071201,BCS425071201,HYZ,HYZ,HYZ,HYZ,HYZ,False,/home/ubuntu/sunlong/gcms_consistency_old/new_prepared_data/tensors/20250724/HYZ/1502_B19_1143_425071201.npz
B19_1144_125071201,/home/ubuntu/sunlong/gcms_consistency_old/dataset/20250724/1144#YJDACS125071201.D,1144#YJDACS125071201.D,19,20250724,1144.0,YJD,红塔山（硬经典）,A,125071201,ACS125071201,YJD,YJD,YJD,YJD,YJD,False,/home/ubuntu/sunlong/gcms_consistency_old/new_prepared_data/tensors/20250724/YJD/1503_B19_1144_125071201.npz
B19_1145_125071204,/home/ubuntu/sunlong/gcms_consistency_old/dataset/20250724/1145#YJDACS125071204.D,1145#YJDACS125071204.D,19,20250724,1145.0,YJD,红塔山（硬经典）,A,125071204,ACS125071204,YJD,YJD,YJD,YJD,YJD,False,/home/ubuntu/sunlong/gcms_consistency_old/new_prepared_data/tensors/20250724/YJD/1504_B19_1145_125071204.npz
B19_1146_125071211,/home/ubuntu/sunlong/gcms_consistency_old/dataset/20250724/1146#YJDACS125071211.D,1146#YJDACS125071211.D,19,20250724,1146.0,YJD,红塔山（硬经典）,A,125071211,ACS125071211,YJD,YJD,YJD,YJD,YJD,False,/home/ubuntu/sunlong/gcms_consistency_old/new_prepared_data/tensors/20250724/YJD/1505_B19_1146_125071211.npz
B19_1147_125071213,/home/ubuntu/sunlong/gcms_consistency_old/dataset/20250724/1147#YJDACS125071213.D,1147#YJDACS125071213.D,19,20250724,1147.0,YJD,红塔山（硬经典）,A,125071213,ACS125071213,YJD,YJD,YJD,YJD,YJD,False,/home/ubuntu/sunlong/gcms_consistency_old/new_prepared_data/tensors/20250724/YJD/1506_B19_1147_125071213.npz
B19_1148_125071408,/home/ubuntu/sunlong/gcms_consistency_old/dataset/20250724/1148#H88ACS125071408.D,1148#H88ACS125071408.D,19,20250724,1148.0,H88,红河（88）,A,125071408,ACS125071408,H88,H88,H88,H88,H88,False,/home/ubuntu/sunlong/gcms_consistency_old/new_prepared_data/tensors/20250724/H88/1507_B19_1148_125071408.npz
B19_1149_125071411,/home/ubuntu/sunlong/gcms_consistency_old/dataset/20250724/1149#H88ACS125071411.D,1149#H88ACS125071411.D,19,20250724,1149.0,H88,红河（88）,A,125071411,ACS125071411,H88,H88,H88,H88,H88,False,/home/ubuntu/sunlong/gcms_consistency_old/new_prepared_data/tensors/20250724/H88/1508_B19_1149_125071411.npz
B19_1150_125071414,/home/ubuntu/sunlong/gcms_consistency_old/dataset/20250724/1150#H88ACS125071414.D,1150#H88ACS125071414.D,19,20250724,1150.0,H88,红河（88）,A,125071414,ACS125071414,H88,H88,H88,H88,H88,False,/home/ubuntu/sunlong/gcms_consistency_old/new_prepared_data/tensors/20250724/H88/1509_B19_1150_125071414.npz
B19_1151_125071402,/home/ubuntu/sunlong/gcms_consistency_old/dataset/20250724/1151#H99CCS125071402.D,1151#H99CCS125071402.D,19,20250724,1151.0,H99,红河（99）,C,125071402,CCS125071402,H99,H99,H99,H99,H99,False,/home/ubuntu/sunlong/gcms_consistency_old/new_prepared_data/tensors/20250724/H99/1510_B19_1151_125071402.npz
B19_1152_125071405,/home/ubuntu/sunlong/gcms_consistency_old/dataset/20250724/1152#H99CCS125071405.D,1152#H99CCS125071405.D,19,20250724,1152.0,H99,红河（99）,C,125071405,CCS125071405,H99,H99,H99,H99,H99,False,/home/ubuntu/sunlong/gcms_consistency_old/new_prepared_data/tensors/20250724/H99/1511_B19_1152_125071405.npz
B19_1153_125071416,/home/ubuntu/sunlong/gcms_consistency_old/dataset/20250724/1153#H99CCS125071416.D,1153#H99CCS125071416.D,19,20250724,1153.0,H99,红河（99）,C,125071416,CCS125071416,H99,H99,H99,H99,H99,False,/home/ubuntu/sunlong/gcms_consistency_old/new_prepared_data/tensors/20250724/H99/1512_B19_1153_125071416.npz
B19_1154_125071403,/home/ubuntu/sunlong/gcms_consistency_old/dataset/20250724/1154#HMDACS125071403.D,1154#HMDACS125071403.D,19,20250724,1154.0,HMD,牡丹（软）,A,125071403,ACS125071403,HMD,HMD,HMD,HMD,HMD,False,/home/ubuntu/sunlong/gcms_consistency_old/new_prepared_data/tensors/20250724/HMD/1513_B19_1154_125071403.npz
B19_1155_125071415,/home/ubuntu/sunlong/gcms_consistency_old/dataset/20250724/1155#HRYBCS125071415.D,1155#HRYBCS125071415.D,19,20250724,1155.0,HRY,云烟（软如意）,B,125071415,BCS125071415,HRY,HRY,HRY,HRY,HRY,False,/home/ubuntu/sunlong/gcms_consistency_old/new_prepared_data/tensors/20250724/HRY/1514_B19_1155_125071415.npz
B19_1156_125071401,/home/ubuntu/sunlong/gcms_consistency_old/dataset/20250724/1156#HYZBCS125071401.D,1156#HYZBCS125071401.D,19,20250724,1156.0,HYZ,云烟（紫）,B,125071401,BCS125071401,HYZ,HYZ,HYZ,HYZ,HYZ,False,/home/ubuntu/sunlong/gcms_consistency_old/new_prepared_data/tensors/20250724/HYZ/1515_B19_1156_125071401.npz
B19_1157_125071404,/home/ubuntu/sunlong/gcms_consistency_old/dataset/20250724/1157#HYZBCS125071404.D,1157#HYZBCS125071404.D,19,20250724,1157.0,HYZ,云烟（紫）,B,125071404,BCS125071404,HYZ,HYZ,HYZ,HYZ,HYZ,False,/home/ubuntu/sunlong/gcms_consistency_old/new_prepared_data/tensors/20250724/HYZ/1516_B19_1157_125071404.npz
B19_1158_125071406,/home/ubuntu/sunlong/gcms_consistency_old/dataset/20250724/1158#HYZBCS125071406.D,1158#HYZBCS125071406.D,19,20250724,1158.0,HYZ,云烟（紫）,B,125071406,BCS125071406,HYZ,HYZ,HYZ,HYZ,HYZ,False,/home/ubuntu/sunlong/gcms_consistency_old/new_prepared_data/tensors/20250724/HYZ/1517_B19_1158_125071406.npz
B19_1159_125071409,/home/ubuntu/sunlong/gcms_consistency_old/dataset/20250724/1159#HYZBCS125071409.D,1159#HYZBCS125071409.D,19,20250724,1159.0,HYZ,云烟（紫）,B,125071409,BCS125071409,HYZ,HYZ,HYZ,HYZ,HYZ,False,/home/ubuntu/sunlong/gcms_consistency_old/new_prepared_data/tensors/20250724/HYZ/1518_B19_1159_125071409.npz
B19_1160_125071412,/home/ubuntu/sunlong/gcms_consistency_old/dataset/20250724/1160#HYZBCS125071412.D,1160#HYZBCS125071412.D,19,20250724,1160.0,HYZ,云烟（紫）,B,125071412,BCS125071412,HYZ,HYZ,HYZ,HYZ,HYZ,False,/home/ubuntu/sunlong/gcms_consistency_old/new_prepared_data/tensors/20250724/HYZ/1519_B19_1160_125071412.npz
B19_1161_125071417,/home/ubuntu/sunlong/gcms_consistency_old/dataset/20250724/1161#HYZBCS125071417.D,1161#HYZBCS125071417.D,19,20250724,1161.0,HYZ,云烟（紫）,B,125071417,BCS125071417,HYZ,HYZ,HYZ,HYZ,HYZ,False,/home/ubuntu/sunlong/gcms_consistency_old/new_prepared_data/tensors/20250724/HYZ/1520_B19_1161_125071417.npz
B19_1162_125071407,/home/ubuntu/sunlong/gcms_consistency_old/dataset/20250724/1162#HYZCCS125071407.D,1162#HYZCCS125071407.D,19,20250724,1162.0,HYZ,云烟（紫）,C,125071407,CCS125071407,HYZ,HYZ,HYZ,HYZ,HYZ,False,/home/ubuntu/sunlong/gcms_consistency_old/new_prepared_data/tensors/20250724/HYZ/1521_B19_1162_125071407.npz
B19_1163_125071410,/home/ubuntu/sunlong/gcms_consistency_old/dataset/20250724/1163#HYZCCS125071410.D,1163#HYZCCS125071410.D,19,20250724,1163.0,HYZ,云烟（紫）,C,125071410,CCS125071410,HYZ,HYZ,HYZ,HYZ,HYZ,False,/home/ubuntu/sunlong/gcms_consistency_old/new_prepared_data/tensors/20250724/HYZ/1522_B19_1163_125071410.npz
B19_1164_125071413,/home/ubuntu/sunlong/gcms_consistency_old/dataset/20250724/1164#HYZCCS125071413.D,1164#HYZCCS125071413.D,19,20250724,1164.0,HYZ,云烟（紫）,C,125071413,CCS125071413,HYZ,HYZ,HYZ,HYZ,HYZ,False,/home/ubuntu/sunlong/gcms_consistency_old/new_prepared_data/tensors/20250724/HYZ/1523_B19_1164_125071413.npz
B19_1165_125071502,/home/ubuntu/sunlong/gcms_consistency_old/dataset/20250724/1165#H88ACS125071502.D,1165#H88ACS125071502.D,19,20250724,1165.0,H88,红河（88）,A,125071502,ACS125071502,H88,H88,H88,H88,H88,False,/home/ubuntu/sunlong/gcms_consistency_old/new_prepared_data/tensors/20250724/H88/1524_B19_1165_125071502.npz
B19_1166_125071505,/home/ubuntu/sunlong/gcms_consistency_old/dataset/20250724/1166#H88ACS125071505.D,1166#H88ACS125071505.D,19,20250724,1166.0,H88,红河（88）,A,125071505,ACS125071505,H88,H88,H88,H88,H88,False,/home/ubuntu/sunlong/gcms_consistency_old/new_prepared_data/tensors/20250724/H88/1525_B19_1166_125071505.npz
B19_1167_125071507,/home/ubuntu/sunlong/gcms_consistency_old/dataset/20250724/1167#H88CCS125071507.D,1167#H88CCS125071507.D,19,20250724,1167.0,H88,红河（88）,C,125071507,CCS125071507,H88,H88,H88,H88,H88,False,/home/ubuntu/sunlong/gcms_consistency_old/new_prepared_data/tensors/20250724/H88/1526_B19_1167_125071507.npz
B19_1168_125071508,/home/ubuntu/sunlong/gcms_consistency_old/dataset/20250724/1168#H88CCS125071508.D,1168#H88CCS125071508.D,19,20250724,1168.0,H88,红河（88）,C,125071508,CCS125071508,H88,H88,H88,H88,H88,False,/home/ubuntu/sunlong/gcms_consistency_old/new_prepared_data/tensors/20250724/H88/1527_B19_1168_125071508.npz
B19_1169_125071518,/home/ubuntu/sunlong/gcms_consistency_old/dataset/20250724/1169#H99CCS125071518.D,1169#H99CCS125071518.D,19,20250724,1169.0,H99,红河（99）,C,125071518,CCS125071518,H99,H99,H99,H99,H99,False,/home/ubuntu/sunlong/gcms_consistency_old/new_prepared_data/tensors/20250724/H99/1528_B19_1169_125071518.npz
B19_1170_125071509,/home/ubuntu/sunlong/gcms_consistency_old/dataset/20250724/1170#HMDACS125071509.D,1170#HMDACS125071509.D,19,20250724,1170.0,HMD,牡丹（软）,A,125071509,ACS125071509,HMD,HMD,HMD,HMD,HMD,False,/home/ubuntu/sunlong/gcms_consistency_old/new_prepared_data/tensors/20250724/HMD/1529_B19_1170_125071509.npz
B19_1171_125071512,/home/ubuntu/sunlong/gcms_consistency_old/dataset/20250724/1171#HMDACS125071512.D,1171#HMDACS125071512.D,19,20250724,1171.0,HMD,牡丹（软）,A,125071512,ACS125071512,HMD,HMD,HMD,HMD,HMD,False,/home/ubuntu/sunlong/gcms_consistency_old/new_prepared_data/tensors/20250724/HMD/1530_B19_1171_125071512.npz
B19_1172_125071515,/home/ubuntu/sunlong/gcms_consistency_old/dataset/20250724/1172#HMDACS125071515.D,1172#HMDACS125071515.D,19,20250724,1172.0,HMD,牡丹（软）,A,125071515,ACS125071515,HMD,HMD,HMD,HMD,HMD,False,/home/ubuntu/sunlong/gcms_consistency_old/new_prepared_data/tensors/20250724/HMD/1531_B19_1172_125071515.npz
B19_1173_125071516,/home/ubuntu/sunlong/gcms_consistency_old/dataset/20250724/1173#HRYBCS125071516.D,1173#HRYBCS125071516.D,19,20250724,1173.0,HRY,云烟（软如意）,B,125071516,BCS125071516,HRY,HRY,HRY,HRY,HRY,False,/home/ubuntu/sunlong/gcms_consistency_old/new_prepared_data/tensors/20250724/HRY/1532_B19_1173_125071516.npz
B19_1174_125071503,/home/ubuntu/sunlong/gcms_consistency_old/dataset/20250724/1174#HYZBCS125071503.D,1174#HYZBCS125071503.D,19,20250724,1174.0,HYZ,云烟（紫）,B,125071503,BCS125071503,HYZ,HYZ,HYZ,HYZ,HYZ,False,/home/ubuntu/sunlong/gcms_consistency_old/new_prepared_data/tensors/20250724/HYZ/1533_B19_1174_125071503.npz
B19_1175_125071506,/home/ubuntu/sunlong/gcms_consistency_old/dataset/20250724/1175#HYZBCS125071506.D,1175#HYZBCS125071506.D,19,20250724,1175.0,HYZ,云烟（紫）,B,125071506,BCS125071506,HYZ,HYZ,HYZ,HYZ,HYZ,False,/home/ubuntu/sunlong/gcms_consistency_old/new_prepared_data/tensors/20250724/HYZ/1534_B19_1175_125071506.npz
B19_1176_125071510,/home/ubuntu/sunlong/gcms_consistency_old/dataset/20250724/1176#HYZBCS125071510.D,1176#HYZBCS125071510.D,19,20250724,1176.0,HYZ,云烟（紫）,B,125071510,BCS125071510,HYZ,HYZ,HYZ,HYZ,HYZ,False,/home/ubuntu/sunlong/gcms_consistency_old/new_prepared_data/tensors/20250724/HYZ/1535_B19_1176_125071510.npz
B19_1177_125071513,/home/ubuntu/sunlong/gcms_consistency_old/dataset/20250724/1177#HYZBCS125071513.D,1177#HYZBCS125071513.D,19,20250724,1177.0,HYZ,云烟（紫）,B,125071513,BCS125071513,HYZ,HYZ,HYZ,HYZ,HYZ,False,/home/ubuntu/sunlong/gcms_consistency_old/new_prepared_data/tensors/20250724/HYZ/1536_B19_1177_125071513.npz
B19_1178_125071517,/home/ubuntu/sunlong/gcms_consistency_old/dataset/20250724/1178#HYZBCS125071517.D,1178#HYZBCS125071517.D,19,20250724,1178.0,HYZ,云烟（紫）,B,125071517,BCS125071517,HYZ,HYZ,HYZ,HYZ,HYZ,False,/home/ubuntu/sunlong/gcms_consistency_old/new_prepared_data/tensors/20250724/HYZ/1537_B19_1178_125071517.npz
B19_1179_425071501,/home/ubuntu/sunlong/gcms_consistency_old/dataset/20250724/1179#HYZBCS425071501.D,1179#HYZBCS425071501.D,19,20250724,1179.0,HYZ,云烟（紫）,B,425071501,BCS425071501,HYZ,HYZ,HYZ,HYZ,HYZ,False,/home/ubuntu/sunlong/gcms_consistency_old/new_prepared_data/tensors/20250724/HYZ/1538_B19_1179_425071501.npz
B19_1180_125071504,/home/ubuntu/sunlong/gcms_consistency_old/dataset/20250724/1180#HYZCCS125071504.D,1180#HYZCCS125071504.D,19,20250724,1180.0,HYZ,云烟（紫）,C,125071504,CCS125071504,HYZ,HYZ,HYZ,HYZ,HYZ,False,/home/ubuntu/sunlong/gcms_consistency_old/new_prepared_data/tensors/20250724/HYZ/1539_B19_1180_125071504.npz
B19_1181_125071511,/home/ubuntu/sunlong/gcms_consistency_old/dataset/20250724/1181#HYZCCS125071511.D,1181#HYZCCS125071511.D,19,20250724,1181.0,HYZ,云烟（紫）,C,125071511,CCS125071511,HYZ,HYZ,HYZ,HYZ,HYZ,False,/home/ubuntu/sunlong/gcms_consistency_old/new_prepared_data/tensors/20250724/HYZ/1540_B19_1181_125071511.npz
B19_1182_125071514,/home/ubuntu/sunlong/gcms_consistency_old/dataset/20250724/1182#HYZCCS125071514.D,1182#HYZCCS125071514.D,19,20250724,1182.0,HYZ,云烟（紫）,C,125071514,CCS125071514,HYZ,HYZ,HYZ,HYZ,HYZ,False,/home/ubuntu/sunlong/gcms_consistency_old/new_prepared_data/tensors/20250724/HYZ/1541_B19_1182_125071514.npz
B19_1183_125071608,/home/ubuntu/sunlong/gcms_consistency_old/dataset/20250724/1183#H88ACS125071608.D,1183#H88ACS125071608.D,19,20250724,1183.0,H88,红河（88）,A,125071608,ACS125071608,H88,H88,H88,H88,H88,False,/home/ubuntu/sunlong/gcms_consistency_old/new_prepared_data/tensors/20250724/H88/1542_B19_1183_125071608.npz
B19_1184_125071611,/home/ubuntu/sunlong/gcms_consistency_old/dataset/20250724/1184#H88ACS125071611.D,1184#H88ACS125071611.D,19,20250724,1184.0,H88,红河（88）,A,125071611,ACS125071611,H88,H88,H88,H88,H88,False,/home/ubuntu/sunlong/gcms_consistency_old/new_prepared_data/tensors/20250724/H88/1543_B19_1184_125071611.npz
B19_1185_125071614,/home/ubuntu/sunlong/gcms_consistency_old/dataset/20250724/1185#H88ACS125071614.D,1185#H88ACS125071614.D,19,20250724,1185.0,H88,红河（88）,A,125071614,ACS125071614,H88,H88,H88,H88,H88,False,/home/ubuntu/sunlong/gcms_consistency_old/new_prepared_data/tensors/20250724/H88/1544_B19_1185_125071614.npz
B19_1186_125071602,/home/ubuntu/sunlong/gcms_consistency_old/dataset/20250724/1186#H99CCS125071602.D,1186#H99CCS125071602.D,19,20250724,1186.0,H99,红河（99）,C,125071602,CCS125071602,H99,H99,H99,H99,H99,False,/home/ubuntu/sunlong/gcms_consistency_old/new_prepared_data/tensors/20250724/H99/1545_B19_1186_125071602.npz
B19_1187_125071605,/home/ubuntu/sunlong/gcms_consistency_old/dataset/20250724/1187#H99CCS125071605.D,1187#H99CCS125071605.D,19,20250724,1187.0,H99,红河（99）,C,125071605,CCS125071605,H99,H99,H99,H99,H99,False,/home/ubuntu/sunlong/gcms_consistency_old/new_prepared_data/tensors/20250724/H99/1546_B19_1187_125071605.npz
B19_1188_125071603,/home/ubuntu/sunlong/gcms_consistency_old/dataset/20250724/1188#HRJACS125071603.D,1188#HRJACS125071603.D,19,20250724,1188.0,HRJ,红河（软甲）,A,125071603,ACS125071603,HRJ,HRJ,HRJ,HRJ,HRJ,False,/home/ubuntu/sunlong/gcms_consistency_old/new_prepared_data/tensors/20250724/HRJ/1547_B19_1188_125071603.npz
B19_1189_125071613,/home/ubuntu/sunlong/gcms_consistency_old/dataset/20250724/1189#HRYBCS125071613.D,1189#HRYBCS125071613.D,19,20250724,1189.0,HRY,云烟（软如意）,B,125071613,BCS125071613,HRY,HRY,HRY,HRY,HRY,False,/home/ubuntu/sunlong/gcms_consistency_old/new_prepared_data/tensors/20250724/HRY/1548_B19_1189_125071613.npz
B19_1190_125071615,/home/ubuntu/sunlong/gcms_consistency_old/dataset/20250724/1190#HRYBCS125071615.D,1190#HRYBCS125071615.D,19,20250724,1190.0,HRY,云烟（软如意）,B,125071615,BCS125071615,HRY,HRY,HRY,HRY,HRY,False,/home/ubuntu/sunlong/gcms_consistency_old/new_prepared_data/tensors/20250724/HRY/1549_B19_1190_125071615.npz
B19_1191_125071601,/home/ubuntu/sunlong/gcms_consistency_old/dataset/20250724/1191#HYZBCS125071601.D,1191#HYZBCS125071601.D,19,20250724,1191.0,HYZ,云烟（紫）,B,125071601,BCS125071601,HYZ,HYZ,HYZ,HYZ,HYZ,False,/home/ubuntu/sunlong/gcms_consistency_old/new_prepared_data/tensors/20250724/HYZ/1550_B19_1191_125071601.npz
B19_1192_125071604,/home/ubuntu/sunlong/gcms_consistency_old/dataset/20250724/1192#HYZBCS125071604.D,1192#HYZBCS125071604.D,19,20250724,1192.0,HYZ,云烟（紫）,B,125071604,BCS125071604,HYZ,HYZ,HYZ,HYZ,HYZ,False,/home/ubuntu/sunlong/gcms_consistency_old/new_prepared_data/tensors/20250724/HYZ/1551_B19_1192_125071604.npz
B19_1193_125071606,/home/ubuntu/sunlong/gcms_consistency_old/dataset/20250724/1193#HYZBCS125071606.D,1193#HYZBCS125071606.D,19,20250724,1193.0,HYZ,云烟（紫）,B,125071606,BCS125071606,HYZ,HYZ,HYZ,HYZ,HYZ,False,/home/ubuntu/sunlong/gcms_consistency_old/new_prepared_data/tensors/20250724/HYZ/1552_B19_1193_125071606.npz
B19_1194_125071609,/home/ubuntu/sunlong/gcms_consistency_old/dataset/20250724/1194#HYZBCS125071609.D,1194#HYZBCS125071609.D,19,20250724,1194.0,HYZ,云烟（紫）,B,125071609,BCS125071609,HYZ,HYZ,HYZ,HYZ,HYZ,False,/home/ubuntu/sunlong/gcms_consistency_old/new_prepared_data/tensors/20250724/HYZ/1553_B19_1194_125071609.npz
B19_1195_425071601,/home/ubuntu/sunlong/gcms_consistency_old/dataset/20250724/1195#HYZBCS425071601.D,1195#HYZBCS425071601.D,19,20250724,1195.0,HYZ,云烟（紫）,B,425071601,BCS425071601,HYZ,HYZ,HYZ,HYZ,HYZ,False,/home/ubuntu/sunlong/gcms_consistency_old/new_prepared_data/tensors/20250724/HYZ/1554_B19_1195_425071601.npz
B19_1196_125071607,/home/ubuntu/sunlong/gcms_consistency_old/dataset/20250724/1196#HYZCCS125071607.D,1196#HYZCCS125071607.D,19,20250724,1196.0,HYZ,云烟（紫）,C,125071607,CCS125071607,HYZ,HYZ,HYZ,HYZ,HYZ,False,/home/ubuntu/sunlong/gcms_consistency_old/new_prepared_data/tensors/20250724/HYZ/1555_B19_1196_125071607.npz
B19_1197_125071610,/home/ubuntu/sunlong/gcms_consistency_old/dataset/20250724/1197#HYZCCS125071610.D,1197#HYZCCS125071610.D,19,20250724,1197.0,HYZ,云烟（紫）,C,125071610,CCS125071610,HYZ,HYZ,HYZ,HYZ,HYZ,False,/home/ubuntu/sunlong/gcms_consistency_old/new_prepared_data/tensors/20250724/HYZ/1556_B19_1197_125071610.npz
B19_1198_125071612,/home/ubuntu/sunlong/gcms_consistency_old/dataset/20250724/1198#HYZCCS125071612.D,1198#HYZCCS125071612.D,19,20250724,1198.0,HYZ,云烟（紫）,C,125071612,CCS125071612,HYZ,HYZ,HYZ,HYZ,HYZ,False,/home/ubuntu/sunlong/gcms_consistency_old/new_prepared_data/tensors/20250724/HYZ/1557_B19_1198_125071612.npz
B19_1199_225071601,/home/ubuntu/sunlong/gcms_consistency_old/dataset/20250724/1199#XCJACS225071601.D,1199#XCJACS225071601.D,19,20250724,1199.0,XCJ,云烟（中支小重九）,A,225071601,ACS225071601,XCJ,XCJ,XCJ,XCJ,XCJ,False,/home/ubuntu/sunlong/gcms_consistency_old/new_prepared_data/tensors/20250724/XCJ/1558_B19_1199_225071601.npz
B19_1200_125071707,/home/ubuntu/sunlong/gcms_consistency_old/dataset/20250724/1200#H88ACS125071707.D,1200#H88ACS125071707.D,19,20250724,1200.0,H88,红河（88）,A,125071707,ACS125071707,H88,H88,H88,H88,H88,False,/home/ubuntu/sunlong/gcms_consistency_old/new_prepared_data/tensors/20250724/H88/1559_B19_1200_125071707.npz
B19_1201_125071710,/home/ubuntu/sunlong/gcms_consistency_old/dataset/20250724/1201#H88ACS125071710.D,1201#H88ACS125071710.D,19,20250724,1201.0,H88,红河（88）,A,125071710,ACS125071710,H88,H88,H88,H88,H88,False,/home/ubuntu/sunlong/gcms_consistency_old/new_prepared_data/tensors/20250724/H88/1560_B19_1201_125071710.npz
B19_1202_125071702,/home/ubuntu/sunlong/gcms_consistency_old/dataset/20250724/1202#H88CCS125071702.D,1202#H88CCS125071702.D,19,20250724,1202.0,H88,红河（88）,C,125071702,CCS125071702,H88,H88,H88,H88,H88,False,/home/ubuntu/sunlong/gcms_consistency_old/new_prepared_data/tensors/20250724/H88/1561_B19_1202_125071702.npz
B19_1203_125071704,/home/ubuntu/sunlong/gcms_consistency_old/dataset/20250724/1203#H99CCS125071704.D,1203#H99CCS125071704.D,19,20250724,1203.0,H99,红河（99）,C,125071704,CCS125071704,H99,H99,H99,H99,H99,False,/home/ubuntu/sunlong/gcms_consistency_old/new_prepared_data/tensors/20250724/H99/1562_B19_1203_125071704.npz
B19_1204_125071712,/home/ubuntu/sunlong/gcms_consistency_old/dataset/20250724/1204#HRJACS125071712.D,1204#HRJACS125071712.D,19,20250724,1204.0,HRJ,红河（软甲）,A,125071712,ACS125071712,HRJ,HRJ,HRJ,HRJ,HRJ,False,/home/ubuntu/sunlong/gcms_consistency_old/new_prepared_data/tensors/20250724/HRJ/1563_B19_1204_125071712.npz
B19_1205_125071714,/home/ubuntu/sunlong/gcms_consistency_old/dataset/20250724/1205#HRYBCS125071714.D,1205#HRYBCS125071714.D,19,20250724,1205.0,HRY,云烟（软如意）,B,125071714,BCS125071714,HRY,HRY,HRY,HRY,HRY,False,/home/ubuntu/sunlong/gcms_consistency_old/new_prepared_data/tensors/20250724/HRY/1564_B19_1205_125071714.npz
B19_1206_125071703,/home/ubuntu/sunlong/gcms_consistency_old/dataset/20250724/1206#HYZBCS125071703.D,1206#HYZBCS125071703.D,19,20250724,1206.0,HYZ,云烟（紫）,B,125071703,BCS125071703,HYZ,HYZ,HYZ,HYZ,HYZ,False,/home/ubuntu/sunlong/gcms_consistency_old/new_prepared_data/tensors/20250724/HYZ/1565_B19_1206_125071703.npz
B19_1207_125071705,/home/ubuntu/sunlong/gcms_consistency_old/dataset/20250724/1207#HYZBCS125071705.D,1207#HYZBCS125071705.D,19,20250724,1207.0,HYZ,云烟（紫）,B,125071705,BCS125071705,HYZ,HYZ,HYZ,HYZ,HYZ,False,/home/ubuntu/sunlong/gcms_consistency_old/new_prepared_data/tensors/20250724/HYZ/1566_B19_1207_125071705.npz
B19_1208_125071708,/home/ubuntu/sunlong/gcms_consistency_old/dataset/20250724/1208#HYZBCS125071708.D,1208#HYZBCS125071708.D,19,20250724,1208.0,HYZ,云烟（紫）,B,125071708,BCS125071708,HYZ,HYZ,HYZ,HYZ,HYZ,False,/home/ubuntu/sunlong/gcms_consistency_old/new_prepared_data/tensors/20250724/HYZ/1567_B19_1208_125071708.npz
B19_1209_12507171,/home/ubuntu/sunlong/gcms_consistency_old/dataset/20250724/1209#HYZBCS12507171.D,1209#HYZBCS12507171.D,19,20250724,1209.0,HYZ,云烟（紫）,B,12507171,BCS12507171,HYZ,HYZ,HYZ,HYZ,HYZ,False,/home/ubuntu/sunlong/gcms_consistency_old/new_prepared_data/tensors/20250724/HYZ/1568_B19_1209_12507171.npz
B19_1210_125071711,/home/ubuntu/sunlong/gcms_consistency_old/dataset/20250724/1210#HYZBCS125071711.D,1210#HYZBCS125071711.D,19,20250724,1210.0,HYZ,云烟（紫）,B,125071711,BCS125071711,HYZ,HYZ,HYZ,HYZ,HYZ,False,/home/ubuntu/sunlong/gcms_consistency_old/new_prepared_data/tensors/20250724/HYZ/1569_B19_1210_125071711.npz
B19_1211_125071713,/home/ubuntu/sunlong/gcms_consistency_old/dataset/20250724/1211#HYZBCS125071713.D,1211#HYZBCS125071713.D,19,20250724,1211.0,HYZ,云烟（紫）,B,125071713,BCS125071713,HYZ,HYZ,HYZ,HYZ,HYZ,False,/home/ubuntu/sunlong/gcms_consistency_old/new_prepared_data/tensors/20250724/HYZ/1570_B19_1211_125071713.npz
B19_1212_125071706,/home/ubuntu/sunlong/gcms_consistency_old/dataset/20250724/1212#HYZCCS125071706.D,1212#HYZCCS125071706.D,19,20250724,1212.0,HYZ,云烟（紫）,C,125071706,CCS125071706,HYZ,HYZ,HYZ,HYZ,HYZ,False,/home/ubuntu/sunlong/gcms_consistency_old/new_prepared_data/tensors/20250724/HYZ/1571_B19_1212_125071706.npz
B19_1213_125071709,/home/ubuntu/sunlong/gcms_consistency_old/dataset/20250724/1213#HYZCCS125071709.D,1213#HYZCCS125071709.D,19,20250724,1213.0,HYZ,云烟（紫）,C,125071709,CCS125071709,HYZ,HYZ,HYZ,HYZ,HYZ,False,/home/ubuntu/sunlong/gcms_consistency_old/new_prepared_data/tensors/20250724/HYZ/1572_B19_1213_125071709.npz
B19_1214_425071701,/home/ubuntu/sunlong/gcms_consistency_old/dataset/20250724/1214#HYZCCS425071701.D,1214#HYZCCS425071701.D,19,20250724,1214.0,HYZ,云烟（紫）,C,425071701,CCS425071701,HYZ,HYZ,HYZ,HYZ,HYZ,False,/home/ubuntu/sunlong/gcms_consistency_old/new_prepared_data/tensors/20250724/HYZ/1573_B19_1214_425071701.npz
B19_1215_225071701,/home/ubuntu/sunlong/gcms_consistency_old/dataset/20250724/1215#XCJACS225071701.D,1215#XCJACS225071701.D,19,20250724,1215.0,XCJ,云烟（中支小重九）,A,225071701,ACS225071701,XCJ,XCJ,XCJ,XCJ,XCJ,False,/home/ubuntu/sunlong/gcms_consistency_old/new_prepared_data/tensors/20250724/XCJ/1574_B19_1215_225071701.npz
B19_1216_125071804,/home/ubuntu/sunlong/gcms_consistency_old/dataset/20250724/1216#H88CCS125071804.D,1216#H88CCS125071804.D,19,20250724,1216.0,H88,红河（88）,C,125071804,CCS125071804,H88,H88,H88,H88,H88,False,/home/ubuntu/sunlong/gcms_consistency_old/new_prepared_data/tensors/20250724/H88/1575_B19_1216_125071804.npz
B19_1217_125071813,/home/ubuntu/sunlong/gcms_consistency_old/dataset/20250724/1217#H88CCS125071813.D,1217#H88CCS125071813.D,19,20250724,1217.0,H88,红河（88）,C,125071813,CCS125071813,H88,H88,H88,H88,H88,False,/home/ubuntu/sunlong/gcms_consistency_old/new_prepared_data/tensors/20250724/H88/1576_B19_1217_125071813.npz
B19_1218_125071802,/home/ubuntu/sunlong/gcms_consistency_old/dataset/20250724/1218#H99CCS125071802.D,1218#H99CCS125071802.D,19,20250724,1218.0,H99,红河（99）,C,125071802,CCS125071802,H99,H99,H99,H99,H99,False,/home/ubuntu/sunlong/gcms_consistency_old/new_prepared_data/tensors/20250724/H99/1577_B19_1218_125071802.npz
B19_1219_125071815,/home/ubuntu/sunlong/gcms_consistency_old/dataset/20250724/1219#HRYBCS125071815.D,1219#HRYBCS125071815.D,19,20250724,1219.0,HRY,云烟（软如意）,B,125071815,BCS125071815,HRY,HRY,HRY,HRY,HRY,False,/home/ubuntu/sunlong/gcms_consistency_old/new_prepared_data/tensors/20250724/HRY/1578_B19_1219_125071815.npz
B19_1220_125071801,/home/ubuntu/sunlong/gcms_consistency_old/dataset/20250724/1220#HYZBCS125071801.D,1220#HYZBCS125071801.D,19,20250724,1220.0,HYZ,云烟（紫）,B,125071801,BCS125071801,HYZ,HYZ,HYZ,HYZ,HYZ,False,/home/ubuntu/sunlong/gcms_consistency_old/new_prepared_data/tensors/20250724/HYZ/1579_B19_1220_125071801.npz
B19_1221_125071803,/home/ubuntu/sunlong/gcms_consistency_old/dataset/20250724/1221#HYZBCS125071803.D,1221#HYZBCS125071803.D,19,20250724,1221.0,HYZ,云烟（紫）,B,125071803,BCS125071803,HYZ,HYZ,HYZ,HYZ,HYZ,False,/home/ubuntu/sunlong/gcms_consistency_old/new_prepared_data/tensors/20250724/HYZ/1580_B19_1221_125071803.npz
B19_1222_125071806,/home/ubuntu/sunlong/gcms_consistency_old/dataset/20250724/1222#HYZBCS125071806.D,1222#HYZBCS125071806.D,19,20250724,1222.0,HYZ,云烟（紫）,B,125071806,BCS125071806,HYZ,HYZ,HYZ,HYZ,HYZ,False,/home/ubuntu/sunlong/gcms_consistency_old/new_prepared_data/tensors/20250724/HYZ/1581_B19_1222_125071806.npz
B19_1223_125071809,/home/ubuntu/sunlong/gcms_consistency_old/dataset/20250724/1223#HYZBCS125071809.D,1223#HYZBCS125071809.D,19,20250724,1223.0,HYZ,云烟（紫）,B,125071809,BCS125071809,HYZ,HYZ,HYZ,HYZ,HYZ,False,/home/ubuntu/sunlong/gcms_consistency_old/new_prepared_data/tensors/20250724/HYZ/1582_B19_1223_125071809.npz
B19_1224_125071812,/home/ubuntu/sunlong/gcms_consistency_old/dataset/20250724/1224#HYZBCS125071812.D,1224#HYZBCS125071812.D,19,20250724,1224.0,HYZ,云烟（紫）,B,125071812,BCS125071812,HYZ,HYZ,HYZ,HYZ,HYZ,False,/home/ubuntu/sunlong/gcms_consistency_old/new_prepared_data/tensors/20250724/HYZ/1583_B19_1224_125071812.npz
B19_1225_125071814,/home/ubuntu/sunlong/gcms_consistency_old/dataset/20250724/1225#HYZBCS125071814.D,1225#HYZBCS125071814.D,19,20250724,1225.0,HYZ,云烟（紫）,B,125071814,BCS125071814,HYZ,HYZ,HYZ,HYZ,HYZ,False,/home/ubuntu/sunlong/gcms_consistency_old/new_prepared_data/tensors/20250724/HYZ/1584_B19_1225_125071814.npz
B19_1226_125071807,/home/ubuntu/sunlong/gcms_consistency_old/dataset/20250724/1226#HYZCCS125071807.D,1226#HYZCCS125071807.D,19,20250724,1226.0,HYZ,云烟（紫）,C,125071807,CCS125071807,HYZ,HYZ,HYZ,HYZ,HYZ,False,/home/ubuntu/sunlong/gcms_consistency_old/new_prepared_data/tensors/20250724/HYZ/1585_B19_1226_125071807.npz
B19_1227_125071810,/home/ubuntu/sunlong/gcms_consistency_old/dataset/20250724/1227#HYZCCS125071810.D,1227#HYZCCS125071810.D,19,20250724,1227.0,HYZ,云烟（紫）,C,125071810,CCS125071810,HYZ,HYZ,HYZ,HYZ,HYZ,False,/home/ubuntu/sunlong/gcms_consistency_old/new_prepared_data/tensors/20250724/HYZ/1586_B19_1227_125071810.npz
B19_1228_125071805,/home/ubuntu/sunlong/gcms_consistency_old/dataset/20250724/1228#YJDACS125071805.D,1228#YJDACS125071805.D,19,20250724,1228.0,YJD,红塔山（硬经典）,A,125071805,ACS125071805,YJD,YJD,YJD,YJD,YJD,False,/home/ubuntu/sunlong/gcms_consistency_old/new_prepared_data/tensors/20250724/YJD/1587_B19_1228_125071805.npz
B19_1229_125071808,/home/ubuntu/sunlong/gcms_consistency_old/dataset/20250724/1229#YJDACS125071808.D,1229#YJDACS125071808.D,19,20250724,1229.0,YJD,红塔山（硬经典）,A,125071808,ACS125071808,YJD,YJD,YJD,YJD,YJD,False,/home/ubuntu/sunlong/gcms_consistency_old/new_prepared_data/tensors/20250724/YJD/1588_B19_1229_125071808.npz
B19_1230_125071902,/home/ubuntu/sunlong/gcms_consistency_old/dataset/20250724/1230#H88CCS125071902.D,1230#H88CCS125071902.D,19,20250724,1230.0,H88,红河（88）,C,125071902,CCS125071902,H88,H88,H88,H88,H88,False,/home/ubuntu/sunlong/gcms_consistency_old/new_prepared_data/tensors/20250724/H88/1589_B19_1230_125071902.npz
B19_1231_125071905,/home/ubuntu/sunlong/gcms_consistency_old/dataset/20250724/1231#H99CCS125071905.D,1231#H99CCS125071905.D,19,20250724,1231.0,H99,红河（99）,C,125071905,CCS125071905,H99,H99,H99,H99,H99,False,/home/ubuntu/sunlong/gcms_consistency_old/new_prepared_data/tensors/20250724/H99/1590_B19_1231_125071905.npz
B19_1232_125071915,/home/ubuntu/sunlong/gcms_consistency_old/dataset/20250724/1232#HRJACS125071915.D,1232#HRJACS125071915.D,19,20250724,1232.0,HRJ,红河（软甲）,A,125071915,ACS125071915,HRJ,HRJ,HRJ,HRJ,HRJ,False,/home/ubuntu/sunlong/gcms_consistency_old/new_prepared_data/tensors/20250724/HRJ/1591_B19_1232_125071915.npz
B19_1233_125071901,/home/ubuntu/sunlong/gcms_consistency_old/dataset/20250724/1233#HYZBCS125071901.D,1233#HYZBCS125071901.D,19,20250724,1233.0,HYZ,云烟（紫）,B,125071901,BCS125071901,HYZ,HYZ,HYZ,HYZ,HYZ,False,/home/ubuntu/sunlong/gcms_consistency_old/new_prepared_data/tensors/20250724/HYZ/1592_B19_1233_125071901.npz
B19_1234_125071904,/home/ubuntu/sunlong/gcms_consistency_old/dataset/20250724/1234#HYZBCS125071904.D,1234#HYZBCS125071904.D,19,20250724,1234.0,HYZ,云烟（紫）,B,125071904,BCS125071904,HYZ,HYZ,HYZ,HYZ,HYZ,False,/home/ubuntu/sunlong/gcms_consistency_old/new_prepared_data/tensors/20250724/HYZ/1593_B19_1234_125071904.npz
B19_1235_125071907,/home/ubuntu/sunlong/gcms_consistency_old/dataset/20250724/1235#HYZBCS125071907.D,1235#HYZBCS125071907.D,19,20250724,1235.0,HYZ,云烟（紫）,B,125071907,BCS125071907,HYZ,HYZ,HYZ,HYZ,HYZ,False,/home/ubuntu/sunlong/gcms_consistency_old/new_prepared_data/tensors/20250724/HYZ/1594_B19_1235_125071907.npz
B19_1236_125071910,/home/ubuntu/sunlong/gcms_consistency_old/dataset/20250724/1236#HYZBCS125071910.D,1236#HYZBCS125071910.D,19,20250724,1236.0,HYZ,云烟（紫）,B,125071910,BCS125071910,HYZ,HYZ,HYZ,HYZ,HYZ,False,/home/ubuntu/sunlong/gcms_consistency_old/new_prepared_data/tensors/20250724/HYZ/1595_B19_1236_125071910.npz
B19_1237_125071912,/home/ubuntu/sunlong/gcms_consistency_old/dataset/20250724/1237#HYZBCS125071912.D,1237#HYZBCS125071912.D,19,20250724,1237.0,HYZ,云烟（紫）,B,125071912,BCS125071912,HYZ,HYZ,HYZ,HYZ,HYZ,False,/home/ubuntu/sunlong/gcms_consistency_old/new_prepared_data/tensors/20250724/HYZ/1596_B19_1237_125071912.npz
B19_1238_125071914,/home/ubuntu/sunlong/gcms_consistency_old/dataset/20250724/1238#HYZBCS125071914.D,1238#HYZBCS125071914.D,19,20250724,1238.0,HYZ,云烟（紫）,B,125071914,BCS125071914,HYZ,HYZ,HYZ,HYZ,HYZ,False,/home/ubuntu/sunlong/gcms_consistency_old/new_prepared_data/tensors/20250724/HYZ/1597_B19_1238_125071914.npz
B19_1239_125071916,/home/ubuntu/sunlong/gcms_consistency_old/dataset/20250724/1239#HYZBCS125071916.D,1239#HYZBCS125071916.D,19,20250724,1239.0,HYZ,云烟（紫）,B,125071916,BCS125071916,HYZ,HYZ,HYZ,HYZ,HYZ,False,/home/ubuntu/sunlong/gcms_consistency_old/new_prepared_data/tensors/20250724/HYZ/1598_B19_1239_125071916.npz
B19_1240_125071908,/home/ubuntu/sunlong/gcms_consistency_old/dataset/20250724/1240#HYZCCS125071908.D,1240#HYZCCS125071908.D,19,20250724,1240.0,HYZ,云烟（紫）,C,125071908,CCS125071908,HYZ,HYZ,HYZ,HYZ,HYZ,False,/home/ubuntu/sunlong/gcms_consistency_old/new_prepared_data/tensors/20250724/HYZ/1599_B19_1240_125071908.npz
B19_1241_125071911,/home/ubuntu/sunlong/gcms_consistency_old/dataset/20250724/1241#HYZCCS125071911.D,1241#HYZCCS125071911.D,19,20250724,1241.0,HYZ,云烟（紫）,C,125071911,CCS125071911,HYZ,HYZ,HYZ,HYZ,HYZ,False,/home/ubuntu/sunlong/gcms_consistency_old/new_prepared_data/tensors/20250724/HYZ/1600_B19_1241_125071911.npz
B19_1242_125071913,/home/ubuntu/sunlong/gcms_consistency_old/dataset/20250724/1242#HYZCCS125071913.D,1242#HYZCCS125071913.D,19,20250724,1242.0,HYZ,云烟（紫）,C,125071913,CCS125071913,HYZ,HYZ,HYZ,HYZ,HYZ,False,/home/ubuntu/sunlong/gcms_consistency_old/new_prepared_data/tensors/20250724/HYZ/1601_B19_1242_125071913.npz
B19_1243_125071903,/home/ubuntu/sunlong/gcms_consistency_old/dataset/20250724/1243#YJDACS125071903.D,1243#YJDACS125071903.D,19,20250724,1243.0,YJD,红塔山（硬经典）,A,125071903,ACS125071903,YJD,YJD,YJD,YJD,YJD,False,/home/ubuntu/sunlong/gcms_consistency_old/new_prepared_data/tensors/20250724/YJD/1602_B19_1243_125071903.npz
B19_1244_125071906,/home/ubuntu/sunlong/gcms_consistency_old/dataset/20250724/1244#YJDACS125071906.D,1244#YJDACS125071906.D,19,20250724,1244.0,YJD,红塔山（硬经典）,A,125071906,ACS125071906,YJD,YJD,YJD,YJD,YJD,False,/home/ubuntu/sunlong/gcms_consistency_old/new_prepared_data/tensors/20250724/YJD/1603_B19_1244_125071906.npz
B19_1245_125071909,/home/ubuntu/sunlong/gcms_consistency_old/dataset/20250724/1245#YJDACS125071909.D,1245#YJDACS125071909.D,19,20250724,1245.0,YJD,红塔山（硬经典）,A,125071909,ACS125071909,YJD,YJD,YJD,YJD,YJD,False,/home/ubuntu/sunlong/gcms_consistency_old/new_prepared_data/tensors/20250724/YJD/1604_B19_1245_125071909.npz
B19_1246_125072102,/home/ubuntu/sunlong/gcms_consistency_old/dataset/20250724/1246#H88CCS125072102.D,1246#H88CCS125072102.D,19,20250724,1246.0,H88,红河（88）,C,125072102,CCS125072102,H88,H88,H88,H88,H88,False,/home/ubuntu/sunlong/gcms_consistency_old/new_prepared_data/tensors/20250724/H88/1605_B19_1246_125072102.npz
B19_1247_125072104,/home/ubuntu/sunlong/gcms_consistency_old/dataset/20250724/1247#H88CCS125072104.D,1247#H88CCS125072104.D,19,20250724,1247.0,H88,红河（88）,C,125072104,CCS125072104,H88,H88,H88,H88,H88,False,/home/ubuntu/sunlong/gcms_consistency_old/new_prepared_data/tensors/20250724/H88/1606_B19_1247_125072104.npz
B19_1248_125072110,/home/ubuntu/sunlong/gcms_consistency_old/dataset/20250724/1248#HRJBCS125072110.D,1248#HRJBCS125072110.D,19,20250724,1248.0,HRJ,红河（软甲）,B,125072110,BCS125072110,HRJ,HRJ,HRJ,HRJ,HRJ,False,/home/ubuntu/sunlong/gcms_consistency_old/new_prepared_data/tensors/20250724/HRJ/1607_B19_1248_125072110.npz
B19_1249_125072111,/home/ubuntu/sunlong/gcms_consistency_old/dataset/20250724/1249#HRYBCS125072111.D,1249#HRYBCS125072111.D,19,20250724,1249.0,HRY,云烟（软如意）,B,125072111,BCS125072111,HRY,HRY,HRY,HRY,HRY,False,/home/ubuntu/sunlong/gcms_consistency_old/new_prepared_data/tensors/20250724/HRY/1608_B19_1249_125072111.npz
B19_1250_125072101,/home/ubuntu/sunlong/gcms_consistency_old/dataset/20250724/1250#HYZBCS125072101.D,1250#HYZBCS125072101.D,19,20250724,1250.0,HYZ,云烟（紫）,B,125072101,BCS125072101,HYZ,HYZ,HYZ,HYZ,HYZ,False,/home/ubuntu/sunlong/gcms_consistency_old/new_prepared_data/tensors/20250724/HYZ/1609_B19_1250_125072101.npz
B19_1251_125072103,/home/ubuntu/sunlong/gcms_consistency_old/dataset/20250724/1251#HYZBCS125072103.D,1251#HYZBCS125072103.D,19,20250724,1251.0,HYZ,云烟（紫）,B,125072103,BCS125072103,HYZ,HYZ,HYZ,HYZ,HYZ,False,/home/ubuntu/sunlong/gcms_consistency_old/new_prepared_data/tensors/20250724/HYZ/1610_B19_1251_125072103.npz
B19_1252_125072105,/home/ubuntu/sunlong/gcms_consistency_old/dataset/20250724/1252#HYZBCS125072105.D,1252#HYZBCS125072105.D,19,20250724,1252.0,HYZ,云烟（紫）,B,125072105,BCS125072105,HYZ,HYZ,HYZ,HYZ,HYZ,False,/home/ubuntu/sunlong/gcms_consistency_old/new_prepared_data/tensors/20250724/HYZ/1611_B19_1252_125072105.npz
B19_1253_125072107,/home/ubuntu/sunlong/gcms_consistency_old/dataset/20250724/1253#HYZBCS125072107.D,1253#HYZBCS125072107.D,19,20250724,1253.0,HYZ,云烟（紫）,B,125072107,BCS125072107,HYZ,HYZ,HYZ,HYZ,HYZ,False,/home/ubuntu/sunlong/gcms_consistency_old/new_prepared_data/tensors/20250724/HYZ/1612_B19_1253_125072107.npz
B19_1254_125072106,/home/ubuntu/sunlong/gcms_consistency_old/dataset/20250724/1254#HYZCCS125072106.D,1254#HYZCCS125072106.D,19,20250724,1254.0,HYZ,云烟（紫）,C,125072106,CCS125072106,HYZ,HYZ,HYZ,HYZ,HYZ,False,/home/ubuntu/sunlong/gcms_consistency_old/new_prepared_data/tensors/20250724/HYZ/1613_B19_1254_125072106.npz
B19_1255_125072108,/home/ubuntu/sunlong/gcms_consistency_old/dataset/20250724/1255#HYZCCS125072108.D,1255#HYZCCS125072108.D,19,20250724,1255.0,HYZ,云烟（紫）,C,125072108,CCS125072108,HYZ,HYZ,HYZ,HYZ,HYZ,False,/home/ubuntu/sunlong/gcms_consistency_old/new_prepared_data/tensors/20250724/HYZ/1614_B19_1255_125072108.npz
B19_1256_125072109,/home/ubuntu/sunlong/gcms_consistency_old/dataset/20250724/1256#HYZCCS125072109.D,1256#HYZCCS125072109.D,19,20250724,1256.0,HYZ,云烟（紫）,C,125072109,CCS125072109,HYZ,HYZ,HYZ,HYZ,HYZ,False,/home/ubuntu/sunlong/gcms_consistency_old/new_prepared_data/tensors/20250724/HYZ/1615_B19_1256_125072109.npz
B19_1257_125072201,/home/ubuntu/sunlong/gcms_consistency_old/dataset/20250724/1257#H88ACS125072201.D,1257#H88ACS125072201.D,19,20250724,1257.0,H88,红河（88）,A,125072201,ACS125072201,H88,H88,H88,H88,H88,False,/home/ubuntu/sunlong/gcms_consistency_old/new_prepared_data/tensors/20250724/H88/1616_B19_1257_125072201.npz
B19_1258_125072205,/home/ubuntu/sunlong/gcms_consistency_old/dataset/20250724/1258#H88CCS125072205.D,1258#H88CCS125072205.D,19,20250724,1258.0,H88,红河（88）,C,125072205,CCS125072205,H88,H88,H88,H88,H88,False,/home/ubuntu/sunlong/gcms_consistency_old/new_prepared_data/tensors/20250724/H88/1617_B19_1258_125072205.npz
B19_1259_125072203,/home/ubuntu/sunlong/gcms_consistency_old/dataset/20250724/1259#HMDACS125072203.D,1259#HMDACS125072203.D,19,20250724,1259.0,HMD,牡丹（软）,A,125072203,ACS125072203,HMD,HMD,HMD,HMD,HMD,False,/home/ubuntu/sunlong/gcms_consistency_old/new_prepared_data/tensors/20250724/HMD/1618_B19_1259_125072203.npz
B19_1260_125072206,/home/ubuntu/sunlong/gcms_consistency_old/dataset/20250724/1260#HMDACS125072206.D,1260#HMDACS125072206.D,19,20250724,1260.0,HMD,牡丹（软）,A,125072206,ACS125072206,HMD,HMD,HMD,HMD,HMD,False,/home/ubuntu/sunlong/gcms_consistency_old/new_prepared_data/tensors/20250724/HMD/1619_B19_1260_125072206.npz
B19_1261_125072202,/home/ubuntu/sunlong/gcms_consistency_old/dataset/20250724/1261#HYZBCS125072202.D,1261#HYZBCS125072202.D,19,20250724,1261.0,HYZ,云烟（紫）,B,125072202,BCS125072202,HYZ,HYZ,HYZ,HYZ,HYZ,False,/home/ubuntu/sunlong/gcms_consistency_old/new_prepared_data/tensors/20250724/HYZ/1620_B19_1261_125072202.npz
B19_1262_125072204,/home/ubuntu/sunlong/gcms_consistency_old/dataset/20250724/1262#HYZBCS125072204.D,1262#HYZBCS125072204.D,19,20250724,1262.0,HYZ,云烟（紫）,B,125072204,BCS125072204,HYZ,HYZ,HYZ,HYZ,HYZ,False,/home/ubuntu/sunlong/gcms_consistency_old/new_prepared_data/tensors/20250724/HYZ/1621_B19_1262_125072204.npz
B19_1263_125072207,/home/ubuntu/sunlong/gcms_consistency_old/dataset/20250724/1263#HYZBCS125072207.D,1263#HYZBCS125072207.D,19,20250724,1263.0,HYZ,云烟（紫）,B,125072207,BCS125072207,HYZ,HYZ,HYZ,HYZ,HYZ,False,/home/ubuntu/sunlong/gcms_consistency_old/new_prepared_data/tensors/20250724/HYZ/1622_B19_1263_125072207.npz
B19_1264_125072209,/home/ubuntu/sunlong/gcms_consistency_old/dataset/20250724/1264#HYZBCS125072209.D,1264#HYZBCS125072209.D,19,20250724,1264.0,HYZ,云烟（紫）,B,125072209,BCS125072209,HYZ,HYZ,HYZ,HYZ,HYZ,False,/home/ubuntu/sunlong/gcms_consistency_old/new_prepared_data/tensors/20250724/HYZ/1623_B19_1264_125072209.npz
B19_1265_125072212,/home/ubuntu/sunlong/gcms_consistency_old/dataset/20250724/1265#HYZBCS125072212.D,1265#HYZBCS125072212.D,19,20250724,1265.0,HYZ,云烟（紫）,B,125072212,BCS125072212,HYZ,HYZ,HYZ,HYZ,HYZ,False,/home/ubuntu/sunlong/gcms_consistency_old/new_prepared_data/tensors/20250724/HYZ/1624_B19_1265_125072212.npz
B19_1266_125072214,/home/ubuntu/sunlong/gcms_consistency_old/dataset/20250724/1266#HYZBCS125072214.D,1266#HYZBCS125072214.D,19,20250724,1266.0,HYZ,云烟（紫）,B,125072214,BCS125072214,HYZ,HYZ,HYZ,HYZ,HYZ,False,/home/ubuntu/sunlong/gcms_consistency_old/new_prepared_data/tensors/20250724/HYZ/1625_B19_1266_125072214.npz
B19_1267_125072215,/home/ubuntu/sunlong/gcms_consistency_old/dataset/20250724/1267#HYZBCS125072215.D,1267#HYZBCS125072215.D,19,20250724,1267.0,HYZ,云烟（紫）,B,125072215,BCS125072215,HYZ,HYZ,HYZ,HYZ,HYZ,False,/home/ubuntu/sunlong/gcms_consistency_old/new_prepared_data/tensors/20250724/HYZ/1626_B19_1267_125072215.npz
B19_1268_125072208,/home/ubuntu/sunlong/gcms_consistency_old/dataset/20250724/1268#HYZCCS125072208.D,1268#HYZCCS125072208.D,19,20250724,1268.0,HYZ,云烟（紫）,C,125072208,CCS125072208,HYZ,HYZ,HYZ,HYZ,HYZ,False,/home/ubuntu/sunlong/gcms_consistency_old/new_prepared_data/tensors/20250724/HYZ/1627_B19_1268_125072208.npz
B19_1269_125072210,/home/ubuntu/sunlong/gcms_consistency_old/dataset/20250724/1269#HYZCCS125072210.D,1269#HYZCCS125072210.D,19,20250724,1269.0,HYZ,云烟（紫）,C,125072210,CCS125072210,HYZ,HYZ,HYZ,HYZ,HYZ,False,/home/ubuntu/sunlong/gcms_consistency_old/new_prepared_data/tensors/20250724/HYZ/1628_B19_1269_125072210.npz
B19_1270_125072213,/home/ubuntu/sunlong/gcms_consistency_old/dataset/20250724/1270#HYZCCS125072213.D,1270#HYZCCS125072213.D,19,20250724,1270.0,HYZ,云烟（紫）,C,125072213,CCS125072213,HYZ,HYZ,HYZ,HYZ,HYZ,False,/home/ubuntu/sunlong/gcms_consistency_old/new_prepared_data/tensors/20250724/HYZ/1629_B19_1270_125072213.npz
B19_1271_125072211,/home/ubuntu/sunlong/gcms_consistency_old/dataset/20250724/1271#YJDACS125072211.D,1271#YJDACS125072211.D,19,20250724,1271.0,YJD,红塔山（硬经典）,A,125072211,ACS125072211,YJD,YJD,YJD,YJD,YJD,False,/home/ubuntu/sunlong/gcms_consistency_old/new_prepared_data/tensors/20250724/YJD/1630_B19_1271_125072211.npz
B19_1272_125072304,/home/ubuntu/sunlong/gcms_consistency_old/dataset/20250724/1272#H88CCS125072304.D,1272#H88CCS125072304.D,19,20250724,1272.0,H88,红河（88）,C,125072304,CCS125072304,H88,H88,H88,H88,H88,False,/home/ubuntu/sunlong/gcms_consistency_old/new_prepared_data/tensors/20250724/H88/1631_B19_1272_125072304.npz
B19_1273_125072311,/home/ubuntu/sunlong/gcms_consistency_old/dataset/20250724/1273#H99CCS125072311.D,1273#H99CCS125072311.D,19,20250724,1273.0,H99,红河（99）,C,125072311,CCS125072311,H99,H99,H99,H99,H99,False,/home/ubuntu/sunlong/gcms_consistency_old/new_prepared_data/tensors/20250724/H99/1632_B19_1273_125072311.npz
B19_1274_125072312,/home/ubuntu/sunlong/gcms_consistency_old/dataset/20250724/1274#HRYBCS125072312.D,1274#HRYBCS125072312.D,19,20250724,1274.0,HRY,云烟（软如意）,B,125072312,BCS125072312,HRY,HRY,HRY,HRY,HRY,False,/home/ubuntu/sunlong/gcms_consistency_old/new_prepared_data/tensors/20250724/HRY/1633_B19_1274_125072312.npz
B19_1275_125072301,/home/ubuntu/sunlong/gcms_consistency_old/dataset/20250724/1275#HYZBCS125072301.D,1275#HYZBCS125072301.D,19,20250724,1275.0,HYZ,云烟（紫）,B,125072301,BCS125072301,HYZ,HYZ,HYZ,HYZ,HYZ,False,/home/ubuntu/sunlong/gcms_consistency_old/new_prepared_data/tensors/20250724/HYZ/1634_B19_1275_125072301.npz
B19_1276_125072303,/home/ubuntu/sunlong/gcms_consistency_old/dataset/20250724/1276#HYZBCS125072303.D,1276#HYZBCS125072303.D,19,20250724,1276.0,HYZ,云烟（紫）,B,125072303,BCS125072303,HYZ,HYZ,HYZ,HYZ,HYZ,False,/home/ubuntu/sunlong/gcms_consistency_old/new_prepared_data/tensors/20250724/HYZ/1635_B19_1276_125072303.npz
B19_1277_125072305,/home/ubuntu/sunlong/gcms_consistency_old/dataset/20250724/1277#HYZBCS125072305.D,1277#HYZBCS125072305.D,19,20250724,1277.0,HYZ,云烟（紫）,B,125072305,BCS125072305,HYZ,HYZ,HYZ,HYZ,HYZ,False,/home/ubuntu/sunlong/gcms_consistency_old/new_prepared_data/tensors/20250724/HYZ/1636_B19_1277_125072305.npz
B19_1278_125072307,/home/ubuntu/sunlong/gcms_consistency_old/dataset/20250724/1278#HYZBCS125072307.D,1278#HYZBCS125072307.D,19,20250724,1278.0,HYZ,云烟（紫）,B,125072307,BCS125072307,HYZ,HYZ,HYZ,HYZ,HYZ,False,/home/ubuntu/sunlong/gcms_consistency_old/new_prepared_data/tensors/20250724/HYZ/1637_B19_1278_125072307.npz
B19_1279_125072309,/home/ubuntu/sunlong/gcms_consistency_old/dataset/20250724/1279#HYZBCS125072309.D,1279#HYZBCS125072309.D,19,20250724,1279.0,HYZ,云烟（紫）,B,125072309,BCS125072309,HYZ,HYZ,HYZ,HYZ,HYZ,False,/home/ubuntu/sunlong/gcms_consistency_old/new_prepared_data/tensors/20250724/HYZ/1638_B19_1279_125072309.npz
B19_1280_125072313,/home/ubuntu/sunlong/gcms_consistency_old/dataset/20250724/1280#HYZBCS125072313.D,1280#HYZBCS125072313.D,19,20250724,1280.0,HYZ,云烟（紫）,B,125072313,BCS125072313,HYZ,HYZ,HYZ,HYZ,HYZ,False,/home/ubuntu/sunlong/gcms_consistency_old/new_prepared_data/tensors/20250724/HYZ/1639_B19_1280_125072313.npz
B19_1281_125072306,/home/ubuntu/sunlong/gcms_consistency_old/dataset/20250724/1281#HYZCCS125072306.D,1281#HYZCCS125072306.D,19,20250724,1281.0,HYZ,云烟（紫）,C,125072306,CCS125072306,HYZ,HYZ,HYZ,HYZ,HYZ,False,/home/ubuntu/sunlong/gcms_consistency_old/new_prepared_data/tensors/20250724/HYZ/1640_B19_1281_125072306.npz
B19_1282_125072308,/home/ubuntu/sunlong/gcms_consistency_old/dataset/20250724/1282#HYZCCS125072308.D,1282#HYZCCS125072308.D,19,20250724,1282.0,HYZ,云烟（紫）,C,125072308,CCS125072308,HYZ,HYZ,HYZ,HYZ,HYZ,False,/home/ubuntu/sunlong/gcms_consistency_old/new_prepared_data/tensors/20250724/HYZ/1641_B19_1282_125072308.npz
B19_1283_125072310,/home/ubuntu/sunlong/gcms_consistency_old/dataset/20250724/1283#HYZCCS125072310.D,1283#HYZCCS125072310.D,19,20250724,1283.0,HYZ,云烟（紫）,C,125072310,CCS125072310,HYZ,HYZ,HYZ,HYZ,HYZ,False,/home/ubuntu/sunlong/gcms_consistency_old/new_prepared_data/tensors/20250724/HYZ/1642_B19_1283_125072310.npz
B19_1284_225072301,/home/ubuntu/sunlong/gcms_consistency_old/dataset/20250724/1284#XCJACS225072301.D,1284#XCJACS225072301.D,19,20250724,1284.0,XCJ,云烟（中支小重九）,A,225072301,ACS225072301,XCJ,XCJ,XCJ,XCJ,XCJ,False,/home/ubuntu/sunlong/gcms_consistency_old/new_prepared_data/tensors/20250724/XCJ/1643_B19_1284_225072301.npz
B19_1285_225072302,/home/ubuntu/sunlong/gcms_consistency_old/dataset/20250724/1285#XCJACS225072302.D,1285#XCJACS225072302.D,19,20250724,1285.0,XCJ,云烟（中支小重九）,A,225072302,ACS225072302,XCJ,XCJ,XCJ,XCJ,XCJ,False,/home/ubuntu/sunlong/gcms_consistency_old/new_prepared_data/tensors/20250724/XCJ/1644_B19_1285_225072302.npz
B19_1286_125072302,/home/ubuntu/sunlong/gcms_consistency_old/dataset/20250724/1286#YJDACS125072302.D,1286#YJDACS125072302.D,19,20250724,1286.0,YJD,红塔山（硬经典）,A,125072302,ACS125072302,YJD,YJD,YJD,YJD,YJD,False,/home/ubuntu/sunlong/gcms_consistency_old/new_prepared_data/tensors/20250724/YJD/1645_B19_1286_125072302.npz
B19_1287_125072402,/home/ubuntu/sunlong/gcms_consistency_old/dataset/20250724/1287#H88CCS125072402.D,1287#H88CCS125072402.D,19,20250724,1287.0,H88,红河（88）,C,125072402,CCS125072402,H88,H88,H88,H88,H88,False,/home/ubuntu/sunlong/gcms_consistency_old/new_prepared_data/tensors/20250724/H88/1646_B19_1287_125072402.npz
B19_1288_125072407,/home/ubuntu/sunlong/gcms_consistency_old/dataset/20250724/1288#HMDACS125072407.D,1288#HMDACS125072407.D,19,20250724,1288.0,HMD,牡丹（软）,A,125072407,ACS125072407,HMD,HMD,HMD,HMD,HMD,False,/home/ubuntu/sunlong/gcms_consistency_old/new_prepared_data/tensors/20250724/HMD/1647_B19_1288_125072407.npz
B19_1289_125072401,/home/ubuntu/sunlong/gcms_consistency_old/dataset/20250724/1289#HYZBCS125072401.D,1289#HYZBCS125072401.D,19,20250724,1289.0,HYZ,云烟（紫）,B,125072401,BCS125072401,HYZ,HYZ,HYZ,HYZ,HYZ,False,/home/ubuntu/sunlong/gcms_consistency_old/new_prepared_data/tensors/20250724/HYZ/1648_B19_1289_125072401.npz
B19_1290_125072403,/home/ubuntu/sunlong/gcms_consistency_old/dataset/20250724/1290#HYZBCS125072403.D,1290#HYZBCS125072403.D,19,20250724,1290.0,HYZ,云烟（紫）,B,125072403,BCS125072403,HYZ,HYZ,HYZ,HYZ,HYZ,False,/home/ubuntu/sunlong/gcms_consistency_old/new_prepared_data/tensors/20250724/HYZ/1649_B19_1290_125072403.npz
B19_1291_125072405,/home/ubuntu/sunlong/gcms_consistency_old/dataset/20250724/1291#HYZBCS125072405.D,1291#HYZBCS125072405.D,19,20250724,1291.0,HYZ,云烟（紫）,B,125072405,BCS125072405,HYZ,HYZ,HYZ,HYZ,HYZ,False,/home/ubuntu/sunlong/gcms_consistency_old/new_prepared_data/tensors/20250724/HYZ/1650_B19_1291_125072405.npz
B19_1292_125072408,/home/ubuntu/sunlong/gcms_consistency_old/dataset/20250724/1292#HYZBCS125072408.D,1292#HYZBCS125072408.D,19,20250724,1292.0,HYZ,云烟（紫）,B,125072408,BCS125072408,HYZ,HYZ,HYZ,HYZ,HYZ,False,/home/ubuntu/sunlong/gcms_consistency_old/new_prepared_data/tensors/20250724/HYZ/1651_B19_1292_125072408.npz
B19_1293_125072411,/home/ubuntu/sunlong/gcms_consistency_old/dataset/20250724/1293#HYZBCS125072411.D,1293#HYZBCS125072411.D,19,20250724,1293.0,HYZ,云烟（紫）,B,125072411,BCS125072411,HYZ,HYZ,HYZ,HYZ,HYZ,False,/home/ubuntu/sunlong/gcms_consistency_old/new_prepared_data/tensors/20250724/HYZ/1652_B19_1293_125072411.npz
B19_1294_125072414,/home/ubuntu/sunlong/gcms_consistency_old/dataset/20250724/1294#HYZBCS125072414.D,1294#HYZBCS125072414.D,19,20250724,1294.0,HYZ,云烟（紫）,B,125072414,BCS125072414,HYZ,HYZ,HYZ,HYZ,HYZ,False,/home/ubuntu/sunlong/gcms_consistency_old/new_prepared_data/tensors/20250724/HYZ/1653_B19_1294_125072414.npz
B19_1295_125072404,/home/ubuntu/sunlong/gcms_consistency_old/dataset/20250724/1295#HYZCCS125072404.D,1295#HYZCCS125072404.D,19,20250724,1295.0,HYZ,云烟（紫）,C,125072404,CCS125072404,HYZ,HYZ,HYZ,HYZ,HYZ,False,/home/ubuntu/sunlong/gcms_consistency_old/new_prepared_data/tensors/20250724/HYZ/1654_B19_1295_125072404.npz
B19_1296_125072406,/home/ubuntu/sunlong/gcms_consistency_old/dataset/20250724/1296#HYZCCS125072406.D,1296#HYZCCS125072406.D,19,20250724,1296.0,HYZ,云烟（紫）,C,125072406,CCS125072406,HYZ,HYZ,HYZ,HYZ,HYZ,False,/home/ubuntu/sunlong/gcms_consistency_old/new_prepared_data/tensors/20250724/HYZ/1655_B19_1296_125072406.npz
B19_1297_125072409,/home/ubuntu/sunlong/gcms_consistency_old/dataset/20250724/1297#HYZCCS125072409.D,1297#HYZCCS125072409.D,19,20250724,1297.0,HYZ,云烟（紫）,C,125072409,CCS125072409,HYZ,HYZ,HYZ,HYZ,HYZ,False,/home/ubuntu/sunlong/gcms_consistency_old/new_prepared_data/tensors/20250724/HYZ/1656_B19_1297_125072409.npz
B19_1298_125072412,/home/ubuntu/sunlong/gcms_consistency_old/dataset/20250724/1298#HYZCCS125072412.D,1298#HYZCCS125072412.D,19,20250724,1298.0,HYZ,云烟（紫）,C,125072412,CCS125072412,HYZ,HYZ,HYZ,HYZ,HYZ,False,/home/ubuntu/sunlong/gcms_consistency_old/new_prepared_data/tensors/20250724/HYZ/1657_B19_1298_125072412.npz
B19_1299_125072415,/home/ubuntu/sunlong/gcms_consistency_old/dataset/20250724/1299#HYZCCS125072415.D,1299#HYZCCS125072415.D,19,20250724,1299.0,HYZ,云烟（紫）,C,125072415,CCS125072415,HYZ,HYZ,HYZ,HYZ,HYZ,False,/home/ubuntu/sunlong/gcms_consistency_old/new_prepared_data/tensors/20250724/HYZ/1658_B19_1299_125072415.npz
B19_1300_125072410,/home/ubuntu/sunlong/gcms_consistency_old/dataset/20250724/1300#YJDACS125072410.D,1300#YJDACS125072410.D,19,20250724,1300.0,YJD,红塔山（硬经典）,A,125072410,ACS125072410,YJD,YJD,YJD,YJD,YJD,False,/home/ubuntu/sunlong/gcms_consistency_old/new_prepared_data/tensors/20250724/YJD/1659_B19_1300_125072410.npz
B19_1301_125072413,/home/ubuntu/sunlong/gcms_consistency_old/dataset/20250724/1301#YJDACS125072413.D,1301#YJDACS125072413.D,19,20250724,1301.0,YJD,红塔山（硬经典）,A,125072413,ACS125072413,YJD,YJD,YJD,YJD,YJD,False,/home/ubuntu/sunlong/gcms_consistency_old/new_prepared_data/tensors/20250724/YJD/1660_B19_1301_125072413.npz
B19_0941_125062506,/home/ubuntu/sunlong/gcms_consistency_old/dataset/20250724/941#HRJBCS125062506.D,941#HRJBCS125062506.D,19,20250724,941.0,HRJ,红河（软甲）,B,125062506,BCS125062506,HRJ,HRJ,HRJ,HRJ,HRJ,False,/home/ubuntu/sunlong/gcms_consistency_old/new_prepared_data/tensors/20250724/HRJ/1661_B19_0941_125062506.npz
B19_0942_125062502,/home/ubuntu/sunlong/gcms_consistency_old/dataset/20250724/942#HYZBCS125062502.D,942#HYZBCS125062502.D,19,20250724,942.0,HYZ,云烟（紫）,B,125062502,BCS125062502,HYZ,HYZ,HYZ,HYZ,HYZ,False,/home/ubuntu/sunlong/gcms_consistency_old/new_prepared_data/tensors/20250724/HYZ/1662_B19_0942_125062502.npz
B19_0943_125062504,/home/ubuntu/sunlong/gcms_consistency_old/dataset/20250724/943#HYZBCS125062504.D,943#HYZBCS125062504.D,19,20250724,943.0,HYZ,云烟（紫）,B,125062504,BCS125062504,HYZ,HYZ,HYZ,HYZ,HYZ,False,/home/ubuntu/sunlong/gcms_consistency_old/new_prepared_data/tensors/20250724/HYZ/1663_B19_0943_125062504.npz
B19_0944_125062507,/home/ubuntu/sunlong/gcms_consistency_old/dataset/20250724/944#HYZBCS125062507.D,944#HYZBCS125062507.D,19,20250724,944.0,HYZ,云烟（紫）,B,125062507,BCS125062507,HYZ,HYZ,HYZ,HYZ,HYZ,False,/home/ubuntu/sunlong/gcms_consistency_old/new_prepared_data/tensors/20250724/HYZ/1664_B19_0944_125062507.npz
B19_0945_125062503,/home/ubuntu/sunlong/gcms_consistency_old/dataset/20250724/945#YJDACS125062503.D,945#YJDACS125062503.D,19,20250724,945.0,YJD,红塔山（硬经典）,A,125062503,ACS125062503,YJD,YJD,YJD,YJD,YJD,False,/home/ubuntu/sunlong/gcms_consistency_old/new_prepared_data/tensors/20250724/YJD/1665_B19_0945_125062503.npz
B19_0946_125062505,/home/ubuntu/sunlong/gcms_consistency_old/dataset/20250724/946#YJDACS125062505.D,946#YJDACS125062505.D,19,20250724,946.0,YJD,红塔山（硬经典）,A,125062505,ACS125062505,YJD,YJD,YJD,YJD,YJD,False,/home/ubuntu/sunlong/gcms_consistency_old/new_prepared_data/tensors/20250724/YJD/1666_B19_0946_125062505.npz
B19_0947_125062607,/home/ubuntu/sunlong/gcms_consistency_old/dataset/20250724/947#H88CCS125062607.D,947#H88CCS125062607.D,19,20250724,947.0,H88,红河（88）,C,125062607,CCS125062607,H88,H88,H88,H88,H88,False,/home/ubuntu/sunlong/gcms_consistency_old/new_prepared_data/tensors/20250724/H88/1667_B19_0947_125062607.npz
B19_0948_125062610,/home/ubuntu/sunlong/gcms_consistency_old/dataset/20250724/948#H88CCS125062610.D,948#H88CCS125062610.D,19,20250724,948.0,H88,红河（88）,C,125062610,CCS125062610,H88,H88,H88,H88,H88,False,/home/ubuntu/sunlong/gcms_consistency_old/new_prepared_data/tensors/20250724/H88/1668_B19_0948_125062610.npz
B19_0949_125062615,/home/ubuntu/sunlong/gcms_consistency_old/dataset/20250724/949#H88CCS125062615.D,949#H88CCS125062615.D,19,20250724,949.0,H88,红河（88）,C,125062615,CCS125062615,H88,H88,H88,H88,H88,False,/home/ubuntu/sunlong/gcms_consistency_old/new_prepared_data/tensors/20250724/H88/1669_B19_0949_125062615.npz
B19_0950_125062602,/home/ubuntu/sunlong/gcms_consistency_old/dataset/20250724/950#H99CCS125062602.D,950#H99CCS125062602.D,19,20250724,950.0,H99,红河（99）,C,125062602,CCS125062602,H99,H99,H99,H99,H99,False,/home/ubuntu/sunlong/gcms_consistency_old/new_prepared_data/tensors/20250724/H99/1670_B19_0950_125062602.npz
B19_0951_125062604,/home/ubuntu/sunlong/gcms_consistency_old/dataset/20250724/951#H99CCS125062604.D,951#H99CCS125062604.D,19,20250724,951.0,H99,红河（99）,C,125062604,CCS125062604,H99,H99,H99,H99,H99,False,/home/ubuntu/sunlong/gcms_consistency_old/new_prepared_data/tensors/20250724/H99/1671_B19_0951_125062604.npz
B19_0952_125062613,/home/ubuntu/sunlong/gcms_consistency_old/dataset/20250724/952#H99CCS125062613.D,952#H99CCS125062613.D,19,20250724,952.0,H99,红河（99）,C,125062613,CCS125062613,H99,H99,H99,H99,H99,False,/home/ubuntu/sunlong/gcms_consistency_old/new_prepared_data/tensors/20250724/H99/1672_B19_0952_125062613.npz
B19_0953_125062605,/home/ubuntu/sunlong/gcms_consistency_old/dataset/20250724/953#HRJACS125062605.D,953#HRJACS125062605.D,19,20250724,953.0,HRJ,红河（软甲）,A,125062605,ACS125062605,HRJ,HRJ,HRJ,HRJ,HRJ,False,/home/ubuntu/sunlong/gcms_consistency_old/new_prepared_data/tensors/20250724/HRJ/1673_B19_0953_125062605.npz
B19_0954_125062612,/home/ubuntu/sunlong/gcms_consistency_old/dataset/20250724/954#HRJACS125062612.D,954#HRJACS125062612.D,19,20250724,954.0,HRJ,红河（软甲）,A,125062612,ACS125062612,HRJ,HRJ,HRJ,HRJ,HRJ,False,/home/ubuntu/sunlong/gcms_consistency_old/new_prepared_data/tensors/20250724/HRJ/1674_B19_0954_125062612.npz
B19_0955_125062601,/home/ubuntu/sunlong/gcms_consistency_old/dataset/20250724/955#HYZBCS125062601.D,955#HYZBCS125062601.D,19,20250724,955.0,HYZ,云烟（紫）,B,125062601,BCS125062601,HYZ,HYZ,HYZ,HYZ,HYZ,False,/home/ubuntu/sunlong/gcms_consistency_old/new_prepared_data/tensors/20250724/HYZ/1675_B19_0955_125062601.npz
B19_0956_125062603,/home/ubuntu/sunlong/gcms_consistency_old/dataset/20250724/956#HYZBCS125062603.D,956#HYZBCS125062603.D,19,20250724,956.0,HYZ,云烟（紫）,B,125062603,BCS125062603,HYZ,HYZ,HYZ,HYZ,HYZ,False,/home/ubuntu/sunlong/gcms_consistency_old/new_prepared_data/tensors/20250724/HYZ/1676_B19_0956_125062603.npz
B19_0957_125062606,/home/ubuntu/sunlong/gcms_consistency_old/dataset/20250724/957#HYZBCS125062606.D,957#HYZBCS125062606.D,19,20250724,957.0,HYZ,云烟（紫）,B,125062606,BCS125062606,HYZ,HYZ,HYZ,HYZ,HYZ,False,/home/ubuntu/sunlong/gcms_consistency_old/new_prepared_data/tensors/20250724/HYZ/1677_B19_0957_125062606.npz
B19_0958_125062611,/home/ubuntu/sunlong/gcms_consistency_old/dataset/20250724/958#HYZBCS125062611.D,958#HYZBCS125062611.D,19,20250724,958.0,HYZ,云烟（紫）,B,125062611,BCS125062611,HYZ,HYZ,HYZ,HYZ,HYZ,False,/home/ubuntu/sunlong/gcms_consistency_old/new_prepared_data/tensors/20250724/HYZ/1678_B19_0958_125062611.npz
B19_0959_125062614,/home/ubuntu/sunlong/gcms_consistency_old/dataset/20250724/959#HYZBCS125062614.D,959#HYZBCS125062614.D,19,20250724,959.0,HYZ,云烟（紫）,B,125062614,BCS125062614,HYZ,HYZ,HYZ,HYZ,HYZ,False,/home/ubuntu/sunlong/gcms_consistency_old/new_prepared_data/tensors/20250724/HYZ/1679_B19_0959_125062614.npz
B19_0960_125062616,/home/ubuntu/sunlong/gcms_consistency_old/dataset/20250724/960#HYZBCS125062616.D,960#HYZBCS125062616.D,19,20250724,960.0,HYZ,云烟（紫）,B,125062616,BCS125062616,HYZ,HYZ,HYZ,HYZ,HYZ,False,/home/ubuntu/sunlong/gcms_consistency_old/new_prepared_data/tensors/20250724/HYZ/1680_B19_0960_125062616.npz
B19_0961_125062618,/home/ubuntu/sunlong/gcms_consistency_old/dataset/20250724/961#HYZBCS125062618.D,961#HYZBCS125062618.D,19,20250724,961.0,HYZ,云烟（紫）,B,125062618,BCS125062618,HYZ,HYZ,HYZ,HYZ,HYZ,False,/home/ubuntu/sunlong/gcms_consistency_old/new_prepared_data/tensors/20250724/HYZ/1681_B19_0961_125062618.npz
B19_0962_125062608,/home/ubuntu/sunlong/gcms_consistency_old/dataset/20250724/962#YJDACS125062608.D,962#YJDACS125062608.D,19,20250724,962.0,YJD,红塔山（硬经典）,A,125062608,ACS125062608,YJD,YJD,YJD,YJD,YJD,False,/home/ubuntu/sunlong/gcms_consistency_old/new_prepared_data/tensors/20250724/YJD/1682_B19_0962_125062608.npz
B19_0963_125062609,/home/ubuntu/sunlong/gcms_consistency_old/dataset/20250724/963#YJDACS125062609.D,963#YJDACS125062609.D,19,20250724,963.0,YJD,红塔山（硬经典）,A,125062609,ACS125062609,YJD,YJD,YJD,YJD,YJD,False,/home/ubuntu/sunlong/gcms_consistency_old/new_prepared_data/tensors/20250724/YJD/1683_B19_0963_125062609.npz
B19_0964_125062617,/home/ubuntu/sunlong/gcms_consistency_old/dataset/20250724/964#YJDACS125062617.D,964#YJDACS125062617.D,19,20250724,964.0,YJD,红塔山（硬经典）,A,125062617,ACS125062617,YJD,YJD,YJD,YJD,YJD,False,/home/ubuntu/sunlong/gcms_consistency_old/new_prepared_data/tensors/20250724/YJD/1684_B19_0964_125062617.npz
B19_0965_125062703,/home/ubuntu/sunlong/gcms_consistency_old/dataset/20250724/965#H88CCS125062703.D,965#H88CCS125062703.D,19,20250724,965.0,H88,红河（88）,C,125062703,CCS125062703,H88,H88,H88,H88,H88,False,/home/ubuntu/sunlong/gcms_consistency_old/new_prepared_data/tensors/20250724/H88/1685_B19_0965_125062703.npz
B19_0966_125062706,/home/ubuntu/sunlong/gcms_consistency_old/dataset/20250724/966#H88CCS125062706.D,966#H88CCS125062706.D,19,20250724,966.0,H88,红河（88）,C,125062706,CCS125062706,H88,H88,H88,H88,H88,False,/home/ubuntu/sunlong/gcms_consistency_old/new_prepared_data/tensors/20250724/H88/1686_B19_0966_125062706.npz
B19_0967_125062709,/home/ubuntu/sunlong/gcms_consistency_old/dataset/20250724/967#H88CCS125062709.D,967#H88CCS125062709.D,19,20250724,967.0,H88,红河（88）,C,125062709,CCS125062709,H88,H88,H88,H88,H88,False,/home/ubuntu/sunlong/gcms_consistency_old/new_prepared_data/tensors/20250724/H88/1687_B19_0967_125062709.npz
B19_0968_125062711,/home/ubuntu/sunlong/gcms_consistency_old/dataset/20250724/968#H88CCS125062711.D,968#H88CCS125062711.D,19,20250724,968.0,H88,红河（88）,C,125062711,CCS125062711,H88,H88,H88,H88,H88,False,/home/ubuntu/sunlong/gcms_consistency_old/new_prepared_data/tensors/20250724/H88/1688_B19_0968_125062711.npz
B19_0969_125062713,/home/ubuntu/sunlong/gcms_consistency_old/dataset/20250724/969#H88CCS125062713.D,969#H88CCS125062713.D,19,20250724,969.0,H88,红河（88）,C,125062713,CCS125062713,H88,H88,H88,H88,H88,False,/home/ubuntu/sunlong/gcms_consistency_old/new_prepared_data/tensors/20250724/H88/1689_B19_0969_125062713.npz
B19_0970_125062702,/home/ubuntu/sunlong/gcms_consistency_old/dataset/20250724/970#HRJBCS125062702.D,970#HRJBCS125062702.D,19,20250724,970.0,HRJ,红河（软甲）,B,125062702,BCS125062702,HRJ,HRJ,HRJ,HRJ,HRJ,False,/home/ubuntu/sunlong/gcms_consistency_old/new_prepared_data/tensors/20250724/HRJ/1690_B19_0970_125062702.npz
B19_0971_125062705,/home/ubuntu/sunlong/gcms_consistency_old/dataset/20250724/971#HRJBCS125062705.D,971#HRJBCS125062705.D,19,20250724,971.0,HRJ,红河（软甲）,B,125062705,BCS125062705,HRJ,HRJ,HRJ,HRJ,HRJ,False,/home/ubuntu/sunlong/gcms_consistency_old/new_prepared_data/tensors/20250724/HRJ/1691_B19_0971_125062705.npz
B19_0972_125062708,/home/ubuntu/sunlong/gcms_consistency_old/dataset/20250724/972#HYZBCS125062708.D,972#HYZBCS125062708.D,19,20250724,972.0,HYZ,云烟（紫）,B,125062708,BCS125062708,HYZ,HYZ,HYZ,HYZ,HYZ,False,/home/ubuntu/sunlong/gcms_consistency_old/new_prepared_data/tensors/20250724/HYZ/1692_B19_0972_125062708.npz
B19_0973_125062710,/home/ubuntu/sunlong/gcms_consistency_old/dataset/20250724/973#HYZBCS125062710.D,973#HYZBCS125062710.D,19,20250724,973.0,HYZ,云烟（紫）,B,125062710,BCS125062710,HYZ,HYZ,HYZ,HYZ,HYZ,False,/home/ubuntu/sunlong/gcms_consistency_old/new_prepared_data/tensors/20250724/HYZ/1693_B19_0973_125062710.npz
B19_0974_125062712,/home/ubuntu/sunlong/gcms_consistency_old/dataset/20250724/974#HYZBCS125062712.D,974#HYZBCS125062712.D,19,20250724,974.0,HYZ,云烟（紫）,B,125062712,BCS125062712,HYZ,HYZ,HYZ,HYZ,HYZ,False,/home/ubuntu/sunlong/gcms_consistency_old/new_prepared_data/tensors/20250724/HYZ/1694_B19_0974_125062712.npz
B19_0975_125062714,/home/ubuntu/sunlong/gcms_consistency_old/dataset/20250724/975#HYZBCS125062714.D,975#HYZBCS125062714.D,19,20250724,975.0,HYZ,云烟（紫）,B,125062714,BCS125062714,HYZ,HYZ,HYZ,HYZ,HYZ,False,/home/ubuntu/sunlong/gcms_consistency_old/new_prepared_data/tensors/20250724/HYZ/1695_B19_0975_125062714.npz
B19_0976_125062701,/home/ubuntu/sunlong/gcms_consistency_old/dataset/20250724/976#YJDACS125062701.D,976#YJDACS125062701.D,19,20250724,976.0,YJD,红塔山（硬经典）,A,125062701,ACS125062701,YJD,YJD,YJD,YJD,YJD,False,/home/ubuntu/sunlong/gcms_consistency_old/new_prepared_data/tensors/20250724/YJD/1696_B19_0976_125062701.npz
B19_0977_125062704,/home/ubuntu/sunlong/gcms_consistency_old/dataset/20250724/977#YJDACS125062704.D,977#YJDACS125062704.D,19,20250724,977.0,YJD,红塔山（硬经典）,A,125062704,ACS125062704,YJD,YJD,YJD,YJD,YJD,False,/home/ubuntu/sunlong/gcms_consistency_old/new_prepared_data/tensors/20250724/YJD/1697_B19_0977_125062704.npz
B19_0978_125062707,/home/ubuntu/sunlong/gcms_consistency_old/dataset/20250724/978#YJDACS125062707.D,978#YJDACS125062707.D,19,20250724,978.0,YJD,红塔山（硬经典）,A,125062707,ACS125062707,YJD,YJD,YJD,YJD,YJD,False,/home/ubuntu/sunlong/gcms_consistency_old/new_prepared_data/tensors/20250724/YJD/1698_B19_0978_125062707.npz
B19_0979_125070101,/home/ubuntu/sunlong/gcms_consistency_old/dataset/20250724/979#H99CCS125070101.D,979#H99CCS125070101.D,19,20250724,979.0,H99,红河（99）,C,125070101,CCS125070101,H99,H99,H99,H99,H99,False,/home/ubuntu/sunlong/gcms_consistency_old/new_prepared_data/tensors/20250724/H99/1699_B19_0979_125070101.npz
B19_0980_125070104,/home/ubuntu/sunlong/gcms_consistency_old/dataset/20250724/980#H99CCS125070104.D,980#H99CCS125070104.D,19,20250724,980.0,H99,红河（99）,C,125070104,CCS125070104,H99,H99,H99,H99,H99,False,/home/ubuntu/sunlong/gcms_consistency_old/new_prepared_data/tensors/20250724/H99/1700_B19_0980_125070104.npz
B19_0981_125070107,/home/ubuntu/sunlong/gcms_consistency_old/dataset/20250724/981#H99CCS125070107.D,981#H99CCS125070107.D,19,20250724,981.0,H99,红河（99）,C,125070107,CCS125070107,H99,H99,H99,H99,H99,False,/home/ubuntu/sunlong/gcms_consistency_old/new_prepared_data/tensors/20250724/H99/1701_B19_0981_125070107.npz
B19_0982_125070102,/home/ubuntu/sunlong/gcms_consistency_old/dataset/20250724/982#HRJACS125070102.D,982#HRJACS125070102.D,19,20250724,982.0,HRJ,红河（软甲）,A,125070102,ACS125070102,HRJ,HRJ,HRJ,HRJ,HRJ,False,/home/ubuntu/sunlong/gcms_consistency_old/new_prepared_data/tensors/20250724/HRJ/1702_B19_0982_125070102.npz
B19_0983_125070105,/home/ubuntu/sunlong/gcms_consistency_old/dataset/20250724/983#HRJACS125070105.D,983#HRJACS125070105.D,19,20250724,983.0,HRJ,红河（软甲）,A,125070105,ACS125070105,HRJ,HRJ,HRJ,HRJ,HRJ,False,/home/ubuntu/sunlong/gcms_consistency_old/new_prepared_data/tensors/20250724/HRJ/1703_B19_0983_125070105.npz
B19_0984_125070108,/home/ubuntu/sunlong/gcms_consistency_old/dataset/20250724/984#HRJBCS125070108.D,984#HRJBCS125070108.D,19,20250724,984.0,HRJ,红河（软甲）,B,125070108,BCS125070108,HRJ,HRJ,HRJ,HRJ,HRJ,False,/home/ubuntu/sunlong/gcms_consistency_old/new_prepared_data/tensors/20250724/HRJ/1704_B19_0984_125070108.npz
B19_0985_125070106,/home/ubuntu/sunlong/gcms_consistency_old/dataset/20250724/985#HYZBCS125070106.D,985#HYZBCS125070106.D,19,20250724,985.0,HYZ,云烟（紫）,B,125070106,BCS125070106,HYZ,HYZ,HYZ,HYZ,HYZ,False,/home/ubuntu/sunlong/gcms_consistency_old/new_prepared_data/tensors/20250724/HYZ/1705_B19_0985_125070106.npz
B19_0986_125080103,/home/ubuntu/sunlong/gcms_consistency_old/dataset/20250724/986#HYZBCS125080103.D,986#HYZBCS125080103.D,19,20250724,986.0,HYZ,云烟（紫）,B,125080103,BCS125080103,HYZ,HYZ,HYZ,HYZ,HYZ,False,/home/ubuntu/sunlong/gcms_consistency_old/new_prepared_data/tensors/20250724/HYZ/1706_B19_0986_125080103.npz
B19_0987_125070203,/home/ubuntu/sunlong/gcms_consistency_old/dataset/20250724/987#H88CCS125070203.D,987#H88CCS125070203.D,19,20250724,987.0,H88,红河（88）,C,125070203,CCS125070203,H88,H88,H88,H88,H88,False,/home/ubuntu/sunlong/gcms_consistency_old/new_prepared_data/tensors/20250724/H88/1707_B19_0987_125070203.npz
B19_0988_125070206,/home/ubuntu/sunlong/gcms_consistency_old/dataset/20250724/988#H88CCS125070206.D,988#H88CCS125070206.D,19,20250724,988.0,H88,红河（88）,C,125070206,CCS125070206,H88,H88,H88,H88,H88,False,/home/ubuntu/sunlong/gcms_consistency_old/new_prepared_data/tensors/20250724/H88/1708_B19_0988_125070206.npz
B19_0989_125070209,/home/ubuntu/sunlong/gcms_consistency_old/dataset/20250724/989#H88CCS125070209.D,989#H88CCS125070209.D,19,20250724,989.0,H88,红河（88）,C,125070209,CCS125070209,H88,H88,H88,H88,H88,False,/home/ubuntu/sunlong/gcms_consistency_old/new_prepared_data/tensors/20250724/H88/1709_B19_0989_125070209.npz
B19_0990_125070212,/home/ubuntu/sunlong/gcms_consistency_old/dataset/20250724/990#H88CCS125070212.D,990#H88CCS125070212.D,19,20250724,990.0,H88,红河（88）,C,125070212,CCS125070212,H88,H88,H88,H88,H88,False,/home/ubuntu/sunlong/gcms_consistency_old/new_prepared_data/tensors/20250724/H88/1710_B19_0990_125070212.npz
B19_0991_125070215,/home/ubuntu/sunlong/gcms_consistency_old/dataset/20250724/991#H88CCS125070215.D,991#H88CCS125070215.D,19,20250724,991.0,H88,红河（88）,C,125070215,CCS125070215,H88,H88,H88,H88,H88,False,/home/ubuntu/sunlong/gcms_consistency_old/new_prepared_data/tensors/20250724/H88/1711_B19_0991_125070215.npz
B19_0992_125070214,/home/ubuntu/sunlong/gcms_consistency_old/dataset/20250724/992#HRJACS125070214.D,992#HRJACS125070214.D,19,20250724,992.0,HRJ,红河（软甲）,A,125070214,ACS125070214,HRJ,HRJ,HRJ,HRJ,HRJ,False,/home/ubuntu/sunlong/gcms_consistency_old/new_prepared_data/tensors/20250724/HRJ/1712_B19_0992_125070214.npz
B19_0993_125070202,/home/ubuntu/sunlong/gcms_consistency_old/dataset/20250724/993#HYZBCS125070202.D,993#HYZBCS125070202.D,19,20250724,993.0,HYZ,云烟（紫）,B,125070202,BCS125070202,HYZ,HYZ,HYZ,HYZ,HYZ,False,/home/ubuntu/sunlong/gcms_consistency_old/new_prepared_data/tensors/20250724/HYZ/1713_B19_0993_125070202.npz
B19_0994_125070205,/home/ubuntu/sunlong/gcms_consistency_old/dataset/20250724/994#HYZBCS125070205.D,994#HYZBCS125070205.D,19,20250724,994.0,HYZ,云烟（紫）,B,125070205,BCS125070205,HYZ,HYZ,HYZ,HYZ,HYZ,False,/home/ubuntu/sunlong/gcms_consistency_old/new_prepared_data/tensors/20250724/HYZ/1714_B19_0994_125070205.npz
B19_0995_125070208,/home/ubuntu/sunlong/gcms_consistency_old/dataset/20250724/995#HYZBCS125070208.D,995#HYZBCS125070208.D,19,20250724,995.0,HYZ,云烟（紫）,B,125070208,BCS125070208,HYZ,HYZ,HYZ,HYZ,HYZ,False,/home/ubuntu/sunlong/gcms_consistency_old/new_prepared_data/tensors/20250724/HYZ/1715_B19_0995_125070208.npz
B19_0996_125070211,/home/ubuntu/sunlong/gcms_consistency_old/dataset/20250724/996#HYZBCS125070211.D,996#HYZBCS125070211.D,19,20250724,996.0,HYZ,云烟（紫）,B,125070211,BCS125070211,HYZ,HYZ,HYZ,HYZ,HYZ,False,/home/ubuntu/sunlong/gcms_consistency_old/new_prepared_data/tensors/20250724/HYZ/1716_B19_0996_125070211.npz
B19_0997_125070213,/home/ubuntu/sunlong/gcms_consistency_old/dataset/20250724/997#HYZBCS125070213.D,997#HYZBCS125070213.D,19,20250724,997.0,HYZ,云烟（紫）,B,125070213,BCS125070213,HYZ,HYZ,HYZ,HYZ,HYZ,False,/home/ubuntu/sunlong/gcms_consistency_old/new_prepared_data/tensors/20250724/HYZ/1717_B19_0997_125070213.npz
B19_0998_125070216,/home/ubuntu/sunlong/gcms_consistency_old/dataset/20250724/998#HYZBCS125070216.D,998#HYZBCS125070216.D,19,20250724,998.0,HYZ,云烟（紫）,B,125070216,BCS125070216,HYZ,HYZ,HYZ,HYZ,HYZ,False,/home/ubuntu/sunlong/gcms_consistency_old/new_prepared_data/tensors/20250724/HYZ/1718_B19_0998_125070216.npz
B19_0999_125070217,/home/ubuntu/sunlong/gcms_consistency_old/dataset/20250724/999#HYZBCS125070217.D,999#HYZBCS125070217.D,19,20250724,999.0,HYZ,云烟（紫）,B,125070217,BCS125070217,HYZ,HYZ,HYZ,HYZ,HYZ,False,/home/ubuntu/sunlong/gcms_consistency_old/new_prepared_data/tensors/20250724/HYZ/1719_B19_0999_125070217.npz
B20_1302_125080203,/home/ubuntu/sunlong/gcms_consistency_old/dataset/20250808/1302#H88CCS125080203.D,1302#H88CCS125080203.D,20,20250808,1302.0,H88,红河（88）,C,125080203,CCS125080203,H88,H88,H88,H88,H88,False,/home/ubuntu/sunlong/gcms_consistency_old/new_prepared_data/tensors/20250808/H88/1720_B20_1302_125080203.npz
B20_1303_125080202,/home/ubuntu/sunlong/gcms_consistency_old/dataset/20250808/1303#HRJACS125080202.D,1303#HRJACS125080202.D,20,20250808,1303.0,HRJ,红河（软甲）,A,125080202,ACS125080202,HRJ,HRJ,HRJ,HRJ,HRJ,False,/home/ubuntu/sunlong/gcms_consistency_old/new_prepared_data/tensors/20250808/HRJ/1721_B20_1303_125080202.npz
B20_1304_125080201,/home/ubuntu/sunlong/gcms_consistency_old/dataset/20250808/1304#HRYBCS125080201.D,1304#HRYBCS125080201.D,20,20250808,1304.0,HRY,云烟（软如意）,B,125080201,BCS125080201,HRY,HRY,HRY,HRY,HRY,False,/home/ubuntu/sunlong/gcms_consistency_old/new_prepared_data/tensors/20250808/HRY/1722_B20_1304_125080201.npz
B20_1305_125080307,/home/ubuntu/sunlong/gcms_consistency_old/dataset/20250808/1305#H88CCS125080307.D,1305#H88CCS125080307.D,20,20250808,1305.0,H88,红河（88）,C,125080307,CCS125080307,H88,H88,H88,H88,H88,False,/home/ubuntu/sunlong/gcms_consistency_old/new_prepared_data/tensors/20250808/H88/1723_B20_1305_125080307.npz
B20_1306_125080311,/home/ubuntu/sunlong/gcms_consistency_old/dataset/20250808/1306#H88CCS125080311.D,1306#H88CCS125080311.D,20,20250808,1306.0,H88,红河（88）,C,125080311,CCS125080311,H88,H88,H88,H88,H88,False,/home/ubuntu/sunlong/gcms_consistency_old/new_prepared_data/tensors/20250808/H88/1724_B20_1306_125080311.npz
B20_1307_125080304,/home/ubuntu/sunlong/gcms_consistency_old/dataset/20250808/1307#H99CCS125080304.D,1307#H99CCS125080304.D,20,20250808,1307.0,H99,红河（99）,C,125080304,CCS125080304,H99,H99,H99,H99,H99,False,/home/ubuntu/sunlong/gcms_consistency_old/new_prepared_data/tensors/20250808/H99/1725_B20_1307_125080304.npz
B20_1308_125080302,/home/ubuntu/sunlong/gcms_consistency_old/dataset/20250808/1308#HMDACS125080302.D,1308#HMDACS125080302.D,20,20250808,1308.0,HMD,牡丹（软）,A,125080302,ACS125080302,HMD,HMD,HMD,HMD,HMD,False,/home/ubuntu/sunlong/gcms_consistency_old/new_prepared_data/tensors/20250808/HMD/1726_B20_1308_125080302.npz
B20_1309_125080313,/home/ubuntu/sunlong/gcms_consistency_old/dataset/20250808/1309#HRYBCS125080313.D,1309#HRYBCS125080313.D,20,20250808,1309.0,HRY,云烟（软如意）,B,125080313,BCS125080313,HRY,HRY,HRY,HRY,HRY,False,/home/ubuntu/sunlong/gcms_consistency_old/new_prepared_data/tensors/20250808/HRY/1727_B20_1309_125080313.npz
B20_1310_125080301,/home/ubuntu/sunlong/gcms_consistency_old/dataset/20250808/1310#HYZBCS125080301.D,1310#HYZBCS125080301.D,20,20250808,1310.0,HYZ,云烟（紫）,B,125080301,BCS125080301,HYZ,HYZ,HYZ,HYZ,HYZ,False,/home/ubuntu/sunlong/gcms_consistency_old/new_prepared_data/tensors/20250808/HYZ/1728_B20_1310_125080301.npz
B20_1311_125080303,/home/ubuntu/sunlong/gcms_consistency_old/dataset/20250808/1311#HYZBCS125080303.D,1311#HYZBCS125080303.D,20,20250808,1311.0,HYZ,云烟（紫）,B,125080303,BCS125080303,HYZ,HYZ,HYZ,HYZ,HYZ,False,/home/ubuntu/sunlong/gcms_consistency_old/new_prepared_data/tensors/20250808/HYZ/1729_B20_1311_125080303.npz
B20_1312_125080306,/home/ubuntu/sunlong/gcms_consistency_old/dataset/20250808/1312#HYZBCS125080306.D,1312#HYZBCS125080306.D,20,20250808,1312.0,HYZ,云烟（紫）,B,125080306,BCS125080306,HYZ,HYZ,HYZ,HYZ,HYZ,False,/home/ubuntu/sunlong/gcms_consistency_old/new_prepared_data/tensors/20250808/HYZ/1730_B20_1312_125080306.npz
B20_1313_125080309,/home/ubuntu/sunlong/gcms_consistency_old/dataset/20250808/1313#HYZBCS125080309.D,1313#HYZBCS125080309.D,20,20250808,1313.0,HYZ,云烟（紫）,B,125080309,BCS125080309,HYZ,HYZ,HYZ,HYZ,HYZ,False,/home/ubuntu/sunlong/gcms_consistency_old/new_prepared_data/tensors/20250808/HYZ/1731_B20_1313_125080309.npz
B20_1314_125080310,/home/ubuntu/sunlong/gcms_consistency_old/dataset/20250808/1314#HYZBCS125080310.D,1314#HYZBCS125080310.D,20,20250808,1314.0,HYZ,云烟（紫）,B,125080310,BCS125080310,HYZ,HYZ,HYZ,HYZ,HYZ,False,/home/ubuntu/sunlong/gcms_consistency_old/new_prepared_data/tensors/20250808/HYZ/1732_B20_1314_125080310.npz
B20_1315_125080312,/home/ubuntu/sunlong/gcms_consistency_old/dataset/20250808/1315#HYZBCS125080312.D,1315#HYZBCS125080312.D,20,20250808,1315.0,HYZ,云烟（紫）,B,125080312,BCS125080312,HYZ,HYZ,HYZ,HYZ,HYZ,False,/home/ubuntu/sunlong/gcms_consistency_old/new_prepared_data/tensors/20250808/HYZ/1733_B20_1315_125080312.npz
B20_1316_125080314,/home/ubuntu/sunlong/gcms_consistency_old/dataset/20250808/1316#HYZBCS125080314.D,1316#HYZBCS125080314.D,20,20250808,1316.0,HYZ,云烟（紫）,B,125080314,BCS125080314,HYZ,HYZ,HYZ,HYZ,HYZ,False,/home/ubuntu/sunlong/gcms_consistency_old/new_prepared_data/tensors/20250808/HYZ/1734_B20_1316_125080314.npz
B20_1317_425080301,/home/ubuntu/sunlong/gcms_consistency_old/dataset/20250808/1317#HYZCCS425080301.D,1317#HYZCCS425080301.D,20,20250808,1317.0,HYZ,云烟（紫）,C,425080301,CCS425080301,HYZ,HYZ,HYZ,HYZ,HYZ,False,/home/ubuntu/sunlong/gcms_consistency_old/new_prepared_data/tensors/20250808/HYZ/1735_B20_1317_425080301.npz
B20_1318_225080301,/home/ubuntu/sunlong/gcms_consistency_old/dataset/20250808/1318#XCJACS225080301.D,1318#XCJACS225080301.D,20,20250808,1318.0,XCJ,云烟（中支小重九）,A,225080301,ACS225080301,XCJ,XCJ,XCJ,XCJ,XCJ,False,/home/ubuntu/sunlong/gcms_consistency_old/new_prepared_data/tensors/20250808/XCJ/1736_B20_1318_225080301.npz
B20_1319_225080302,/home/ubuntu/sunlong/gcms_consistency_old/dataset/20250808/1319#XCJACS225080302.D,1319#XCJACS225080302.D,20,20250808,1319.0,XCJ,云烟（中支小重九）,A,225080302,ACS225080302,XCJ,XCJ,XCJ,XCJ,XCJ,False,/home/ubuntu/sunlong/gcms_consistency_old/new_prepared_data/tensors/20250808/XCJ/1737_B20_1319_225080302.npz
B20_1320_125080305,/home/ubuntu/sunlong/gcms_consistency_old/dataset/20250808/1320#YJDACS125080305.D,1320#YJDACS125080305.D,20,20250808,1320.0,YJD,红塔山（硬经典）,A,125080305,ACS125080305,YJD,YJD,YJD,YJD,YJD,False,/home/ubuntu/sunlong/gcms_consistency_old/new_prepared_data/tensors/20250808/YJD/1738_B20_1320_125080305.npz
B20_1321_125080308,/home/ubuntu/sunlong/gcms_consistency_old/dataset/20250808/1321#YJDACS125080308.D,1321#YJDACS125080308.D,20,20250808,1321.0,YJD,红塔山（硬经典）,A,125080308,ACS125080308,YJD,YJD,YJD,YJD,YJD,False,/home/ubuntu/sunlong/gcms_consistency_old/new_prepared_data/tensors/20250808/YJD/1739_B20_1321_125080308.npz
B20_1322_125080404,/home/ubuntu/sunlong/gcms_consistency_old/dataset/20250808/1322#H88CCS125080404.D,1322#H88CCS125080404.D,20,20250808,1322.0,H88,红河（88）,C,125080404,CCS125080404,H88,H88,H88,H88,H88,False,/home/ubuntu/sunlong/gcms_consistency_old/new_prepared_data/tensors/20250808/H88/1740_B20_1322_125080404.npz
B20_1323_125080407,/home/ubuntu/sunlong/gcms_consistency_old/dataset/20250808/1323#H88CCS125080407.D,1323#H88CCS125080407.D,20,20250808,1323.0,H88,红河（88）,C,125080407,CCS125080407,H88,H88,H88,H88,H88,False,/home/ubuntu/sunlong/gcms_consistency_old/new_prepared_data/tensors/20250808/H88/1741_B20_1323_125080407.npz
B20_1324_125080410,/home/ubuntu/sunlong/gcms_consistency_old/dataset/20250808/1324#H88CCS125080410.D,1324#H88CCS125080410.D,20,20250808,1324.0,H88,红河（88）,C,125080410,CCS125080410,H88,H88,H88,H88,H88,False,/home/ubuntu/sunlong/gcms_consistency_old/new_prepared_data/tensors/20250808/H88/1742_B20_1324_125080410.npz
B20_1325_125080412,/home/ubuntu/sunlong/gcms_consistency_old/dataset/20250808/1325#H88CCS125080412.D,1325#H88CCS125080412.D,20,20250808,1325.0,H88,红河（88）,C,125080412,CCS125080412,H88,H88,H88,H88,H88,False,/home/ubuntu/sunlong/gcms_consistency_old/new_prepared_data/tensors/20250808/H88/1743_B20_1325_125080412.npz
B20_1326_125080420,/home/ubuntu/sunlong/gcms_consistency_old/dataset/20250808/1326#H88CCS125080420.D,1326#H88CCS125080420.D,20,20250808,1326.0,H88,红河（88）,C,125080420,CCS125080420,H88,H88,H88,H88,H88,False,/home/ubuntu/sunlong/gcms_consistency_old/new_prepared_data/tensors/20250808/H88/1744_B20_1326_125080420.npz
B20_1327_125080415,/home/ubuntu/sunlong/gcms_consistency_old/dataset/20250808/1327#H99CCS125080415.D,1327#H99CCS125080415.D,20,20250808,1327.0,H99,红河（99）,C,125080415,CCS125080415,H99,H99,H99,H99,H99,False,/home/ubuntu/sunlong/gcms_consistency_old/new_prepared_data/tensors/20250808/H99/1745_B20_1327_125080415.npz
B20_1328_125080402,/home/ubuntu/sunlong/gcms_consistency_old/dataset/20250808/1328#HMDACS125080402.D,1328#HMDACS125080402.D,20,20250808,1328.0,HMD,牡丹（软）,A,125080402,ACS125080402,HMD,HMD,HMD,HMD,HMD,False,/home/ubuntu/sunlong/gcms_consistency_old/new_prepared_data/tensors/20250808/HMD/1746_B20_1328_125080402.npz
B20_1329_125080405,/home/ubuntu/sunlong/gcms_consistency_old/dataset/20250808/1329#HMDACS125080405.D,1329#HMDACS125080405.D,20,20250808,1329.0,HMD,牡丹（软）,A,125080405,ACS125080405,HMD,HMD,HMD,HMD,HMD,False,/home/ubuntu/sunlong/gcms_consistency_old/new_prepared_data/tensors/20250808/HMD/1747_B20_1329_125080405.npz
B20_1330_125080414,/home/ubuntu/sunlong/gcms_consistency_old/dataset/20250808/1330#HRJACS125080414.D,1330#HRJACS125080414.D,20,20250808,1330.0,HRJ,红河（软甲）,A,125080414,ACS125080414,HRJ,HRJ,HRJ,HRJ,HRJ,False,/home/ubuntu/sunlong/gcms_consistency_old/new_prepared_data/tensors/20250808/HRJ/1748_B20_1330_125080414.npz
B20_1331_125080416,/home/ubuntu/sunlong/gcms_consistency_old/dataset/20250808/1331#HRYBCS125080416.D,1331#HRYBCS125080416.D,20,20250808,1331.0,HRY,云烟（软如意）,B,125080416,BCS125080416,HRY,HRY,HRY,HRY,HRY,False,/home/ubuntu/sunlong/gcms_consistency_old/new_prepared_data/tensors/20250808/HRY/1749_B20_1331_125080416.npz
B20_1332_125080417,/home/ubuntu/sunlong/gcms_consistency_old/dataset/20250808/1332#HYXACS125080417.D,1332#HYXACS125080417.D,20,20250808,1332.0,HYX,云烟（印象）,A,125080417,ACS125080417,HYX,HYX,HYX,HYX,HYX,False,/home/ubuntu/sunlong/gcms_consistency_old/new_prepared_data/tensors/20250808/HYX/1750_B20_1332_125080417.npz
B20_1333_125080401,/home/ubuntu/sunlong/gcms_consistency_old/dataset/20250808/1333#HYZBCS125080401.D,1333#HYZBCS125080401.D,20,20250808,1333.0,HYZ,云烟（紫）,B,125080401,BCS125080401,HYZ,HYZ,HYZ,HYZ,HYZ,False,/home/ubuntu/sunlong/gcms_consistency_old/new_prepared_data/tensors/20250808/HYZ/1751_B20_1333_125080401.npz
B20_1334_125080403,/home/ubuntu/sunlong/gcms_consistency_old/dataset/20250808/1334#HYZBCS125080403.D,1334#HYZBCS125080403.D,20,20250808,1334.0,HYZ,云烟（紫）,B,125080403,BCS125080403,HYZ,HYZ,HYZ,HYZ,HYZ,False,/home/ubuntu/sunlong/gcms_consistency_old/new_prepared_data/tensors/20250808/HYZ/1752_B20_1334_125080403.npz
B20_1335_125080406,/home/ubuntu/sunlong/gcms_consistency_old/dataset/20250808/1335#HYZBCS125080406.D,1335#HYZBCS125080406.D,20,20250808,1335.0,HYZ,云烟（紫）,B,125080406,BCS125080406,HYZ,HYZ,HYZ,HYZ,HYZ,False,/home/ubuntu/sunlong/gcms_consistency_old/new_prepared_data/tensors/20250808/HYZ/1753_B20_1335_125080406.npz
B20_1336_125080409,/home/ubuntu/sunlong/gcms_consistency_old/dataset/20250808/1336#HYZBCS125080409.D,1336#HYZBCS125080409.D,20,20250808,1336.0,HYZ,云烟（紫）,B,125080409,BCS125080409,HYZ,HYZ,HYZ,HYZ,HYZ,False,/home/ubuntu/sunlong/gcms_consistency_old/new_prepared_data/tensors/20250808/HYZ/1754_B20_1336_125080409.npz
B20_1337_125080411,/home/ubuntu/sunlong/gcms_consistency_old/dataset/20250808/1337#HYZBCS125080411.D,1337#HYZBCS125080411.D,20,20250808,1337.0,HYZ,云烟（紫）,B,125080411,BCS125080411,HYZ,HYZ,HYZ,HYZ,HYZ,False,/home/ubuntu/sunlong/gcms_consistency_old/new_prepared_data/tensors/20250808/HYZ/1755_B20_1337_125080411.npz
B20_1338_125080413,/home/ubuntu/sunlong/gcms_consistency_old/dataset/20250808/1338#HYZBCS125080413.D,1338#HYZBCS125080413.D,20,20250808,1338.0,HYZ,云烟（紫）,B,125080413,BCS125080413,HYZ,HYZ,HYZ,HYZ,HYZ,False,/home/ubuntu/sunlong/gcms_consistency_old/new_prepared_data/tensors/20250808/HYZ/1756_B20_1338_125080413.npz
B20_1339_125080418,/home/ubuntu/sunlong/gcms_consistency_old/dataset/20250808/1339#HYZBCS125080418.D,1339#HYZBCS125080418.D,20,20250808,1339.0,HYZ,云烟（紫）,B,125080418,BCS125080418,HYZ,HYZ,HYZ,HYZ,HYZ,False,/home/ubuntu/sunlong/gcms_consistency_old/new_prepared_data/tensors/20250808/HYZ/1757_B20_1339_125080418.npz
B20_1340_125080419,/home/ubuntu/sunlong/gcms_consistency_old/dataset/20250808/1340#HYZCCS125080419.D,1340#HYZCCS125080419.D,20,20250808,1340.0,HYZ,云烟（紫）,C,125080419,CCS125080419,HYZ,HYZ,HYZ,HYZ,HYZ,False,/home/ubuntu/sunlong/gcms_consistency_old/new_prepared_data/tensors/20250808/HYZ/1758_B20_1340_125080419.npz
B20_1341_225080401,/home/ubuntu/sunlong/gcms_consistency_old/dataset/20250808/1341#XCJACS225080401.D,1341#XCJACS225080401.D,20,20250808,1341.0,XCJ,云烟（中支小重九）,A,225080401,ACS225080401,XCJ,XCJ,XCJ,XCJ,XCJ,False,/home/ubuntu/sunlong/gcms_consistency_old/new_prepared_data/tensors/20250808/XCJ/1759_B20_1341_225080401.npz
B20_1342_125080408,/home/ubuntu/sunlong/gcms_consistency_old/dataset/20250808/1342#YJDACS125080408.D,1342#YJDACS125080408.D,20,20250808,1342.0,YJD,红塔山（硬经典）,A,125080408,ACS125080408,YJD,YJD,YJD,YJD,YJD,False,/home/ubuntu/sunlong/gcms_consistency_old/new_prepared_data/tensors/20250808/YJD/1760_B20_1342_125080408.npz
B20_1344_125080510,/home/ubuntu/sunlong/gcms_consistency_old/dataset/20250808/1344#H88CCS125080510.D,1344#H88CCS125080510.D,20,20250808,1344.0,H88,红河（88）,C,125080510,CCS125080510,H88,H88,H88,H88,H88,False,/home/ubuntu/sunlong/gcms_consistency_old/new_prepared_data/tensors/20250808/H88/1761_B20_1344_125080510.npz
B20_13443_125080507,/home/ubuntu/sunlong/gcms_consistency_old/dataset/20250808/13443#88CCS125080507.D,13443#88CCS125080507.D,20,20250808,13443.0,H88,红河（88）,C,125080507,CCS125080507,H88,H88,H88,H88,H88,False,/home/ubuntu/sunlong/gcms_consistency_old/new_prepared_data/tensors/20250808/H88/1762_B20_13443_125080507.npz
B20_1345_125080516,/home/ubuntu/sunlong/gcms_consistency_old/dataset/20250808/1345#H99CCS125080516.D,1345#H99CCS125080516.D,20,20250808,1345.0,H99,红河（99）,C,125080516,CCS125080516,H99,H99,H99,H99,H99,False,/home/ubuntu/sunlong/gcms_consistency_old/new_prepared_data/tensors/20250808/H99/1763_B20_1345_125080516.npz
B20_1346_125080514,/home/ubuntu/sunlong/gcms_consistency_old/dataset/20250808/1346#HMDACS125080514.D,1346#HMDACS125080514.D,20,20250808,1346.0,HMD,牡丹（软）,A,125080514,ACS125080514,HMD,HMD,HMD,HMD,HMD,False,/home/ubuntu/sunlong/gcms_consistency_old/new_prepared_data/tensors/20250808/HMD/1764_B20_1346_125080514.npz
B20_1347_125080515,/home/ubuntu/sunlong/gcms_consistency_old/dataset/20250808/1347#HRYBCS125080515.D,1347#HRYBCS125080515.D,20,20250808,1347.0,HRY,云烟（软如意）,B,125080515,BCS125080515,HRY,HRY,HRY,HRY,HRY,False,/home/ubuntu/sunlong/gcms_consistency_old/new_prepared_data/tensors/20250808/HRY/1765_B20_1347_125080515.npz
B20_1348_125080502,/home/ubuntu/sunlong/gcms_consistency_old/dataset/20250808/1348#HYZBC S125080502.D,1348#HYZBC S125080502.D,20,20250808,1348.0,HYZ,云烟（紫）,B,125080502,BCS125080502,HYZ,HYZ,HYZ,HYZ,HYZ,False,/home/ubuntu/sunlong/gcms_consistency_old/new_prepared_data/tensors/20250808/HYZ/1766_B20_1348_125080502.npz
B20_1349_125080501,/home/ubuntu/sunlong/gcms_consistency_old/dataset/20250808/1349#HYZBCS125080501.D,1349#HYZBCS125080501.D,20,20250808,1349.0,HYZ,云烟（紫）,B,125080501,BCS125080501,HYZ,HYZ,HYZ,HYZ,HYZ,False,/home/ubuntu/sunlong/gcms_consistency_old/new_prepared_data/tensors/20250808/HYZ/1767_B20_1349_125080501.npz
B20_1350_125080504,/home/ubuntu/sunlong/gcms_consistency_old/dataset/20250808/1350#HYZBCS125080504.D,1350#HYZBCS125080504.D,20,20250808,1350.0,HYZ,云烟（紫）,B,125080504,BCS125080504,HYZ,HYZ,HYZ,HYZ,HYZ,False,/home/ubuntu/sunlong/gcms_consistency_old/new_prepared_data/tensors/20250808/HYZ/1768_B20_1350_125080504.npz
B20_1351_125080506,/home/ubuntu/sunlong/gcms_consistency_old/dataset/20250808/1351#HYZBCS125080506.D,1351#HYZBCS125080506.D,20,20250808,1351.0,HYZ,云烟（紫）,B,125080506,BCS125080506,HYZ,HYZ,HYZ,HYZ,HYZ,False,/home/ubuntu/sunlong/gcms_consistency_old/new_prepared_data/tensors/20250808/HYZ/1769_B20_1351_125080506.npz
B20_1352_125080508,/home/ubuntu/sunlong/gcms_consistency_old/dataset/20250808/1352#HYZBCS125080508.D,1352#HYZBCS125080508.D,20,20250808,1352.0,HYZ,云烟（紫）,B,125080508,BCS125080508,HYZ,HYZ,HYZ,HYZ,HYZ,False,/home/ubuntu/sunlong/gcms_consistency_old/new_prepared_data/tensors/20250808/HYZ/1770_B20_1352_125080508.npz
B20_1353_125080511,/home/ubuntu/sunlong/gcms_consistency_old/dataset/20250808/1353#HYZBCS125080511.D,1353#HYZBCS125080511.D,20,20250808,1353.0,HYZ,云烟（紫）,B,125080511,BCS125080511,HYZ,HYZ,HYZ,HYZ,HYZ,False,/home/ubuntu/sunlong/gcms_consistency_old/new_prepared_data/tensors/20250808/HYZ/1771_B20_1353_125080511.npz
B20_1354_125080517,/home/ubuntu/sunlong/gcms_consistency_old/dataset/20250808/1354#HYZBCS125080517.D,1354#HYZBCS125080517.D,20,20250808,1354.0,HYZ,云烟（紫）,B,125080517,BCS125080517,HYZ,HYZ,HYZ,HYZ,HYZ,False,/home/ubuntu/sunlong/gcms_consistency_old/new_prepared_data/tensors/20250808/HYZ/1772_B20_1354_125080517.npz
B20_1355_125080503,/home/ubuntu/sunlong/gcms_consistency_old/dataset/20250808/1355#HYZCCS125080503.D,1355#HYZCCS125080503.D,20,20250808,1355.0,HYZ,云烟（紫）,C,125080503,CCS125080503,HYZ,HYZ,HYZ,HYZ,HYZ,False,/home/ubuntu/sunlong/gcms_consistency_old/new_prepared_data/tensors/20250808/HYZ/1773_B20_1355_125080503.npz
B20_1356_125080505,/home/ubuntu/sunlong/gcms_consistency_old/dataset/20250808/1356#HYZCCS125080505.D,1356#HYZCCS125080505.D,20,20250808,1356.0,HYZ,云烟（紫）,C,125080505,CCS125080505,HYZ,HYZ,HYZ,HYZ,HYZ,False,/home/ubuntu/sunlong/gcms_consistency_old/new_prepared_data/tensors/20250808/HYZ/1774_B20_1356_125080505.npz
B20_1357_125080513,/home/ubuntu/sunlong/gcms_consistency_old/dataset/20250808/1357#HYZCCS125080513.D,1357#HYZCCS125080513.D,20,20250808,1357.0,HYZ,云烟（紫）,C,125080513,CCS125080513,HYZ,HYZ,HYZ,HYZ,HYZ,False,/home/ubuntu/sunlong/gcms_consistency_old/new_prepared_data/tensors/20250808/HYZ/1775_B20_1357_125080513.npz
B20_1358_125080518,/home/ubuntu/sunlong/gcms_consistency_old/dataset/20250808/1358#HYZCCS125080518.D,1358#HYZCCS125080518.D,20,20250808,1358.0,HYZ,云烟（紫）,C,125080518,CCS125080518,HYZ,HYZ,HYZ,HYZ,HYZ,False,/home/ubuntu/sunlong/gcms_consistency_old/new_prepared_data/tensors/20250808/HYZ/1776_B20_1358_125080518.npz
B20_1359_125080509,/home/ubuntu/sunlong/gcms_consistency_old/dataset/20250808/1359#YJDACS125080509.D,1359#YJDACS125080509.D,20,20250808,1359.0,YJD,红塔山（硬经典）,A,125080509,ACS125080509,YJD,YJD,YJD,YJD,YJD,False,/home/ubuntu/sunlong/gcms_consistency_old/new_prepared_data/tensors/20250808/YJD/1777_B20_1359_125080509.npz
B20_1360_125080512,/home/ubuntu/sunlong/gcms_consistency_old/dataset/20250808/1360#YJDACS125080512.D,1360#YJDACS125080512.D,20,20250808,1360.0,YJD,红塔山（硬经典）,A,125080512,ACS125080512,YJD,YJD,YJD,YJD,YJD,False,/home/ubuntu/sunlong/gcms_consistency_old/new_prepared_data/tensors/20250808/YJD/1778_B20_1360_125080512.npz
B20_1361_125080609,/home/ubuntu/sunlong/gcms_consistency_old/dataset/20250808/1361#H88CCS125080609.D,1361#H88CCS125080609.D,20,20250808,1361.0,H88,红河（88）,C,125080609,CCS125080609,H88,H88,H88,H88,H88,False,/home/ubuntu/sunlong/gcms_consistency_old/new_prepared_data/tensors/20250808/H88/1779_B20_1361_125080609.npz
B20_1362_125080613,/home/ubuntu/sunlong/gcms_consistency_old/dataset/20250808/1362#H88CCS125080613.D,1362#H88CCS125080613.D,20,20250808,1362.0,H88,红河（88）,C,125080613,CCS125080613,H88,H88,H88,H88,H88,False,/home/ubuntu/sunlong/gcms_consistency_old/new_prepared_data/tensors/20250808/H88/1780_B20_1362_125080613.npz
B20_1363_125080616,/home/ubuntu/sunlong/gcms_consistency_old/dataset/20250808/1363#H88CCS125080616.D,1363#H88CCS125080616.D,20,20250808,1363.0,H88,红河（88）,C,125080616,CCS125080616,H88,H88,H88,H88,H88,False,/home/ubuntu/sunlong/gcms_consistency_old/new_prepared_data/tensors/20250808/H88/1781_B20_1363_125080616.npz
B20_1364_125080619,/home/ubuntu/sunlong/gcms_consistency_old/dataset/20250808/1364#H99CCS125080619.D,1364#H99CCS125080619.D,20,20250808,1364.0,H99,红河（99）,C,125080619,CCS125080619,H99,H99,H99,H99,H99,False,/home/ubuntu/sunlong/gcms_consistency_old/new_prepared_data/tensors/20250808/H99/1782_B20_1364_125080619.npz
B20_1365_125080617,/home/ubuntu/sunlong/gcms_consistency_old/dataset/20250808/1365#HMDACS125080617.D,1365#HMDACS125080617.D,20,20250808,1365.0,HMD,牡丹（软）,A,125080617,ACS125080617,HMD,HMD,HMD,HMD,HMD,False,/home/ubuntu/sunlong/gcms_consistency_old/new_prepared_data/tensors/20250808/HMD/1783_B20_1365_125080617.npz
B20_1366_125080603,/home/ubuntu/sunlong/gcms_consistency_old/dataset/20250808/1366#HRJACS125080603.D,1366#HRJACS125080603.D,20,20250808,1366.0,HRJ,红河（软甲）,A,125080603,ACS125080603,HRJ,HRJ,HRJ,HRJ,HRJ,False,/home/ubuntu/sunlong/gcms_consistency_old/new_prepared_data/tensors/20250808/HRJ/1784_B20_1366_125080603.npz
B20_1367_125080607,/home/ubuntu/sunlong/gcms_consistency_old/dataset/20250808/1367#HRYBCS125080607.D,1367#HRYBCS125080607.D,20,20250808,1367.0,HRY,云烟（软如意）,B,125080607,BCS125080607,HRY,HRY,HRY,HRY,HRY,False,/home/ubuntu/sunlong/gcms_consistency_old/new_prepared_data/tensors/20250808/HRY/1785_B20_1367_125080607.npz
B20_1368_125080601,/home/ubuntu/sunlong/gcms_consistency_old/dataset/20250808/1368#HYZBCS125080601.D,1368#HYZBCS125080601.D,20,20250808,1368.0,HYZ,云烟（紫）,B,125080601,BCS125080601,HYZ,HYZ,HYZ,HYZ,HYZ,False,/home/ubuntu/sunlong/gcms_consistency_old/new_prepared_data/tensors/20250808/HYZ/1786_B20_1368_125080601.npz
B20_1369_125080604,/home/ubuntu/sunlong/gcms_consistency_old/dataset/20250808/1369#HYZBCS125080604.D,1369#HYZBCS125080604.D,20,20250808,1369.0,HYZ,云烟（紫）,B,125080604,BCS125080604,HYZ,HYZ,HYZ,HYZ,HYZ,False,/home/ubuntu/sunlong/gcms_consistency_old/new_prepared_data/tensors/20250808/HYZ/1787_B20_1369_125080604.npz
B20_1370_125080610,/home/ubuntu/sunlong/gcms_consistency_old/dataset/20250808/1370#HYZBCS125080610.D,1370#HYZBCS125080610.D,20,20250808,1370.0,HYZ,云烟（紫）,B,125080610,BCS125080610,HYZ,HYZ,HYZ,HYZ,HYZ,False,/home/ubuntu/sunlong/gcms_consistency_old/new_prepared_data/tensors/20250808/HYZ/1788_B20_1370_125080610.npz
B20_1371_125080612,/home/ubuntu/sunlong/gcms_consistency_old/dataset/20250808/1371#HYZBCS125080612.D,1371#HYZBCS125080612.D,20,20250808,1371.0,HYZ,云烟（紫）,B,125080612,BCS125080612,HYZ,HYZ,HYZ,HYZ,HYZ,False,/home/ubuntu/sunlong/gcms_consistency_old/new_prepared_data/tensors/20250808/HYZ/1789_B20_1371_125080612.npz
B20_1372_125080615,/home/ubuntu/sunlong/gcms_consistency_old/dataset/20250808/1372#HYZBCS125080615.D,1372#HYZBCS125080615.D,20,20250808,1372.0,HYZ,云烟（紫）,B,125080615,BCS125080615,HYZ,HYZ,HYZ,HYZ,HYZ,False,/home/ubuntu/sunlong/gcms_consistency_old/new_prepared_data/tensors/20250808/HYZ/1790_B20_1372_125080615.npz
B20_1373_125080618,/home/ubuntu/sunlong/gcms_consistency_old/dataset/20250808/1373#HYZBCS125080618.D,1373#HYZBCS125080618.D,20,20250808,1373.0,HYZ,云烟（紫）,B,125080618,BCS125080618,HYZ,HYZ,HYZ,HYZ,HYZ,False,/home/ubuntu/sunlong/gcms_consistency_old/new_prepared_data/tensors/20250808/HYZ/1791_B20_1373_125080618.npz
B20_1374_125080620,/home/ubuntu/sunlong/gcms_consistency_old/dataset/20250808/1374#HYZBCS125080620.D,1374#HYZBCS125080620.D,20,20250808,1374.0,HYZ,云烟（紫）,B,125080620,BCS125080620,HYZ,HYZ,HYZ,HYZ,HYZ,False,/home/ubuntu/sunlong/gcms_consistency_old/new_prepared_data/tensors/20250808/HYZ/1792_B20_1374_125080620.npz
B20_1375_125080622,/home/ubuntu/sunlong/gcms_consistency_old/dataset/20250808/1375#HYZBCS125080622.D,1375#HYZBCS125080622.D,20,20250808,1375.0,HYZ,云烟（紫）,B,125080622,BCS125080622,HYZ,HYZ,HYZ,HYZ,HYZ,False,/home/ubuntu/sunlong/gcms_consistency_old/new_prepared_data/tensors/20250808/HYZ/1793_B20_1375_125080622.npz
B20_1376_125080602,/home/ubuntu/sunlong/gcms_consistency_old/dataset/20250808/1376#HYZCCS125080602.D,1376#HYZCCS125080602.D,20,20250808,1376.0,HYZ,云烟（紫）,C,125080602,CCS125080602,HYZ,HYZ,HYZ,HYZ,HYZ,False,/home/ubuntu/sunlong/gcms_consistency_old/new_prepared_data/tensors/20250808/HYZ/1794_B20_1376_125080602.npz
B20_1377_125080605,/home/ubuntu/sunlong/gcms_consistency_old/dataset/20250808/1377#HYZCCS125080605.D,1377#HYZCCS125080605.D,20,20250808,1377.0,HYZ,云烟（紫）,C,125080605,CCS125080605,HYZ,HYZ,HYZ,HYZ,HYZ,False,/home/ubuntu/sunlong/gcms_consistency_old/new_prepared_data/tensors/20250808/HYZ/1795_B20_1377_125080605.npz
B20_1378_125080606,/home/ubuntu/sunlong/gcms_consistency_old/dataset/20250808/1378#HYZCCS125080606.D,1378#HYZCCS125080606.D,20,20250808,1378.0,HYZ,云烟（紫）,C,125080606,CCS125080606,HYZ,HYZ,HYZ,HYZ,HYZ,False,/home/ubuntu/sunlong/gcms_consistency_old/new_prepared_data/tensors/20250808/HYZ/1796_B20_1378_125080606.npz
B20_1379_125080621,/home/ubuntu/sunlong/gcms_consistency_old/dataset/20250808/1379#HYZCCS125080621.D,1379#HYZCCS125080621.D,20,20250808,1379.0,HYZ,云烟（紫）,C,125080621,CCS125080621,HYZ,HYZ,HYZ,HYZ,HYZ,False,/home/ubuntu/sunlong/gcms_consistency_old/new_prepared_data/tensors/20250808/HYZ/1797_B20_1379_125080621.npz
B20_1380_125080608,/home/ubuntu/sunlong/gcms_consistency_old/dataset/20250808/1380#RJDACS125080608.D,1380#RJDACS125080608.D,20,20250808,1380.0,RJD,红塔山（软经典）,A,125080608,ACS125080608,RJD,RJD,RJD,RJD,RJD,False,/home/ubuntu/sunlong/gcms_consistency_old/new_prepared_data/tensors/20250808/RJD/1798_B20_1380_125080608.npz
B20_1381_125080611,/home/ubuntu/sunlong/gcms_consistency_old/dataset/20250808/1381#YJDACS125080611.D,1381#YJDACS125080611.D,20,20250808,1381.0,YJD,红塔山（硬经典）,A,125080611,ACS125080611,YJD,YJD,YJD,YJD,YJD,False,/home/ubuntu/sunlong/gcms_consistency_old/new_prepared_data/tensors/20250808/YJD/1799_B20_1381_125080611.npz
B20_1382_125080614,/home/ubuntu/sunlong/gcms_consistency_old/dataset/20250808/1382#YJDACS125080614.D,1382#YJDACS125080614.D,20,20250808,1382.0,YJD,红塔山（硬经典）,A,125080614,ACS125080614,YJD,YJD,YJD,YJD,YJD,False,/home/ubuntu/sunlong/gcms_consistency_old/new_prepared_data/tensors/20250808/YJD/1800_B20_1382_125080614.npz
B20_1383_125080710,/home/ubuntu/sunlong/gcms_consistency_old/dataset/20250808/1383#H88CCS125080710.D,1383#H88CCS125080710.D,20,20250808,1383.0,H88,红河（88）,C,125080710,CCS125080710,H88,H88,H88,H88,H88,False,/home/ubuntu/sunlong/gcms_consistency_old/new_prepared_data/tensors/20250808/H88/1801_B20_1383_125080710.npz
B20_1384_125080713,/home/ubuntu/sunlong/gcms_consistency_old/dataset/20250808/1384#H88CCS125080713.D,1384#H88CCS125080713.D,20,20250808,1384.0,H88,红河（88）,C,125080713,CCS125080713,H88,H88,H88,H88,H88,False,/home/ubuntu/sunlong/gcms_consistency_old/new_prepared_data/tensors/20250808/H88/1802_B20_1384_125080713.npz
B20_1385_125080716,/home/ubuntu/sunlong/gcms_consistency_old/dataset/20250808/1385#H88CCS125080716.D,1385#H88CCS125080716.D,20,20250808,1385.0,H88,红河（88）,C,125080716,CCS125080716,H88,H88,H88,H88,H88,False,/home/ubuntu/sunlong/gcms_consistency_old/new_prepared_data/tensors/20250808/H88/1803_B20_1385_125080716.npz
B20_1386_125080719,/home/ubuntu/sunlong/gcms_consistency_old/dataset/20250808/1386#H99CCS125080719.D,1386#H99CCS125080719.D,20,20250808,1386.0,H99,红河（99）,C,125080719,CCS125080719,H99,H99,H99,H99,H99,False,/home/ubuntu/sunlong/gcms_consistency_old/new_prepared_data/tensors/20250808/H99/1804_B20_1386_125080719.npz
B20_1387_125080714,/home/ubuntu/sunlong/gcms_consistency_old/dataset/20250808/1387#HMDACS125080714.D,1387#HMDACS125080714.D,20,20250808,1387.0,HMD,牡丹（软）,A,125080714,ACS125080714,HMD,HMD,HMD,HMD,HMD,False,/home/ubuntu/sunlong/gcms_consistency_old/new_prepared_data/tensors/20250808/HMD/1805_B20_1387_125080714.npz
B20_1388_125080718,/home/ubuntu/sunlong/gcms_consistency_old/dataset/20250808/1388#HRJBCS125080718.D,1388#HRJBCS125080718.D,20,20250808,1388.0,HRJ,红河（软甲）,B,125080718,BCS125080718,HRJ,HRJ,HRJ,HRJ,HRJ,False,/home/ubuntu/sunlong/gcms_consistency_old/new_prepared_data/tensors/20250808/HRJ/1806_B20_1388_125080718.npz
B20_1389_125080708,/home/ubuntu/sunlong/gcms_consistency_old/dataset/20250808/1389#HRYBCS125080708.D,1389#HRYBCS125080708.D,20,20250808,1389.0,HRY,云烟（软如意）,B,125080708,BCS125080708,HRY,HRY,HRY,HRY,HRY,False,/home/ubuntu/sunlong/gcms_consistency_old/new_prepared_data/tensors/20250808/HRY/1807_B20_1389_125080708.npz
B20_1390_125080701,/home/ubuntu/sunlong/gcms_consistency_old/dataset/20250808/1390#HYZBCS125080701.D,1390#HYZBCS125080701.D,20,20250808,1390.0,HYZ,云烟（紫）,B,125080701,BCS125080701,HYZ,HYZ,HYZ,HYZ,HYZ,False,/home/ubuntu/sunlong/gcms_consistency_old/new_prepared_data/tensors/20250808/HYZ/1808_B20_1390_125080701.npz
B20_1391_125080704,/home/ubuntu/sunlong/gcms_consistency_old/dataset/20250808/1391#HYZBCS125080704.D,1391#HYZBCS125080704.D,20,20250808,1391.0,HYZ,云烟（紫）,B,125080704,BCS125080704,HYZ,HYZ,HYZ,HYZ,HYZ,False,/home/ubuntu/sunlong/gcms_consistency_old/new_prepared_data/tensors/20250808/HYZ/1809_B20_1391_125080704.npz
B20_1392_125080711,/home/ubuntu/sunlong/gcms_consistency_old/dataset/20250808/1392#HYZBCS125080711.D,1392#HYZBCS125080711.D,20,20250808,1392.0,HYZ,云烟（紫）,B,125080711,BCS125080711,HYZ,HYZ,HYZ,HYZ,HYZ,False,/home/ubuntu/sunlong/gcms_consistency_old/new_prepared_data/tensors/20250808/HYZ/1810_B20_1392_125080711.npz
B20_1393_125080712,/home/ubuntu/sunlong/gcms_consistency_old/dataset/20250808/1393#HYZBCS125080712.D,1393#HYZBCS125080712.D,20,20250808,1393.0,HYZ,云烟（紫）,B,125080712,BCS125080712,HYZ,HYZ,HYZ,HYZ,HYZ,False,/home/ubuntu/sunlong/gcms_consistency_old/new_prepared_data/tensors/20250808/HYZ/1811_B20_1393_125080712.npz
B20_1394_125080715,/home/ubuntu/sunlong/gcms_consistency_old/dataset/20250808/1394#HYZBCS125080715.D,1394#HYZBCS125080715.D,20,20250808,1394.0,HYZ,云烟（紫）,B,125080715,BCS125080715,HYZ,HYZ,HYZ,HYZ,HYZ,False,/home/ubuntu/sunlong/gcms_consistency_old/new_prepared_data/tensors/20250808/HYZ/1812_B20_1394_125080715.npz
B20_1395_125080720,/home/ubuntu/sunlong/gcms_consistency_old/dataset/20250808/1395#HYZBCS125080720.D,1395#HYZBCS125080720.D,20,20250808,1395.0,HYZ,云烟（紫）,B,125080720,BCS125080720,HYZ,HYZ,HYZ,HYZ,HYZ,False,/home/ubuntu/sunlong/gcms_consistency_old/new_prepared_data/tensors/20250808/HYZ/1813_B20_1395_125080720.npz
B20_1396_125080702,/home/ubuntu/sunlong/gcms_consistency_old/dataset/20250808/1396#HYZCCS125080702.D,1396#HYZCCS125080702.D,20,20250808,1396.0,HYZ,云烟（紫）,C,125080702,CCS125080702,HYZ,HYZ,HYZ,HYZ,HYZ,False,/home/ubuntu/sunlong/gcms_consistency_old/new_prepared_data/tensors/20250808/HYZ/1814_B20_1396_125080702.npz
B20_1397_125080705,/home/ubuntu/sunlong/gcms_consistency_old/dataset/20250808/1397#HYZCCS125080705.D,1397#HYZCCS125080705.D,20,20250808,1397.0,HYZ,云烟（紫）,C,125080705,CCS125080705,HYZ,HYZ,HYZ,HYZ,HYZ,False,/home/ubuntu/sunlong/gcms_consistency_old/new_prepared_data/tensors/20250808/HYZ/1815_B20_1397_125080705.npz
B20_1398_125080707,/home/ubuntu/sunlong/gcms_consistency_old/dataset/20250808/1398#HYZCCS125080707.D,1398#HYZCCS125080707.D,20,20250808,1398.0,HYZ,云烟（紫）,C,125080707,CCS125080707,HYZ,HYZ,HYZ,HYZ,HYZ,False,/home/ubuntu/sunlong/gcms_consistency_old/new_prepared_data/tensors/20250808/HYZ/1816_B20_1398_125080707.npz
B20_1399_125080721,/home/ubuntu/sunlong/gcms_consistency_old/dataset/20250808/1399#HYZCCS125080721.D,1399#HYZCCS125080721.D,20,20250808,1399.0,HYZ,云烟（紫）,C,125080721,CCS125080721,HYZ,HYZ,HYZ,HYZ,HYZ,False,/home/ubuntu/sunlong/gcms_consistency_old/new_prepared_data/tensors/20250808/HYZ/1817_B20_1399_125080721.npz
B20_1400_125080703,/home/ubuntu/sunlong/gcms_consistency_old/dataset/20250808/1400#RJDACS125080703.D,1400#RJDACS125080703.D,20,20250808,1400.0,RJD,红塔山（软经典）,A,125080703,ACS125080703,RJD,RJD,RJD,RJD,RJD,False,/home/ubuntu/sunlong/gcms_consistency_old/new_prepared_data/tensors/20250808/RJD/1818_B20_1400_125080703.npz
B20_1401_125080717,/home/ubuntu/sunlong/gcms_consistency_old/dataset/20250808/1401#RJDACS125080717.D,1401#RJDACS125080717.D,20,20250808,1401.0,RJD,红塔山（软经典）,A,125080717,ACS125080717,RJD,RJD,RJD,RJD,RJD,False,/home/ubuntu/sunlong/gcms_consistency_old/new_prepared_data/tensors/20250808/RJD/1819_B20_1401_125080717.npz
B20_1402_125080706,/home/ubuntu/sunlong/gcms_consistency_old/dataset/20250808/1402#YJDACS125080706.D,1402#YJDACS125080706.D,20,20250808,1402.0,YJD,红塔山（硬经典）,A,125080706,ACS125080706,YJD,YJD,YJD,YJD,YJD,False,/home/ubuntu/sunlong/gcms_consistency_old/new_prepared_data/tensors/20250808/YJD/1820_B20_1402_125080706.npz
B20_1403_125080709,/home/ubuntu/sunlong/gcms_consistency_old/dataset/20250808/1403#YJDACS125080709.D,1403#YJDACS125080709.D,20,20250808,1403.0,YJD,红塔山（硬经典）,A,125080709,ACS125080709,YJD,YJD,YJD,YJD,YJD,False,/home/ubuntu/sunlong/gcms_consistency_old/new_prepared_data/tensors/20250808/YJD/1821_B20_1403_125080709.npz
B20_1404_125080806,/home/ubuntu/sunlong/gcms_consistency_old/dataset/20250808/1404#H88CCS125080806.D,1404#H88CCS125080806.D,20,20250808,1404.0,H88,红河（88）,C,125080806,CCS125080806,H88,H88,H88,H88,H88,False,/home/ubuntu/sunlong/gcms_consistency_old/new_prepared_data/tensors/20250808/H88/1822_B20_1404_125080806.npz
B20_1405_125080808,/home/ubuntu/sunlong/gcms_consistency_old/dataset/20250808/1405#H88CCS125080808.D,1405#H88CCS125080808.D,20,20250808,1405.0,H88,红河（88）,C,125080808,CCS125080808,H88,H88,H88,H88,H88,False,/home/ubuntu/sunlong/gcms_consistency_old/new_prepared_data/tensors/20250808/H88/1823_B20_1405_125080808.npz
B20_1406_125080811,/home/ubuntu/sunlong/gcms_consistency_old/dataset/20250808/1406#H88CCS125080811.D,1406#H88CCS125080811.D,20,20250808,1406.0,H88,红河（88）,C,125080811,CCS125080811,H88,H88,H88,H88,H88,False,/home/ubuntu/sunlong/gcms_consistency_old/new_prepared_data/tensors/20250808/H88/1824_B20_1406_125080811.npz
B20_1407_125080814,/home/ubuntu/sunlong/gcms_consistency_old/dataset/20250808/1407#H88CCS125080814.D,1407#H88CCS125080814.D,20,20250808,1407.0,H88,红河（88）,C,125080814,CCS125080814,H88,H88,H88,H88,H88,False,/home/ubuntu/sunlong/gcms_consistency_old/new_prepared_data/tensors/20250808/H88/1825_B20_1407_125080814.npz
B20_1408_125080820,/home/ubuntu/sunlong/gcms_consistency_old/dataset/20250808/1408#H88CCS125080820.D,1408#H88CCS125080820.D,20,20250808,1408.0,H88,红河（88）,C,125080820,CCS125080820,H88,H88,H88,H88,H88,False,/home/ubuntu/sunlong/gcms_consistency_old/new_prepared_data/tensors/20250808/H88/1826_B20_1408_125080820.npz
B20_1409_125080818,/home/ubuntu/sunlong/gcms_consistency_old/dataset/20250808/1409#H99CCS125080818.D,1409#H99CCS125080818.D,20,20250808,1409.0,H99,红河（99）,C,125080818,CCS125080818,H99,H99,H99,H99,H99,False,/home/ubuntu/sunlong/gcms_consistency_old/new_prepared_data/tensors/20250808/H99/1827_B20_1409_125080818.npz
B20_1410_125080809,/home/ubuntu/sunlong/gcms_consistency_old/dataset/20250808/1410#HMDACS125080809.D,1410#HMDACS125080809.D,20,20250808,1410.0,HMD,牡丹（软）,A,125080809,ACS125080809,HMD,HMD,HMD,HMD,HMD,False,/home/ubuntu/sunlong/gcms_consistency_old/new_prepared_data/tensors/20250808/HMD/1828_B20_1410_125080809.npz
B20_1411_125080812,/home/ubuntu/sunlong/gcms_consistency_old/dataset/20250808/1411#HMDACS125080812.D,1411#HMDACS125080812.D,20,20250808,1411.0,HMD,牡丹（软）,A,125080812,ACS125080812,HMD,HMD,HMD,HMD,HMD,False,/home/ubuntu/sunlong/gcms_consistency_old/new_prepared_data/tensors/20250808/HMD/1829_B20_1411_125080812.npz
B20_1412_125080802,/home/ubuntu/sunlong/gcms_consistency_old/dataset/20250808/1412#HYZBCS125080802.D,1412#HYZBCS125080802.D,20,20250808,1412.0,HYZ,云烟（紫）,B,125080802,BCS125080802,HYZ,HYZ,HYZ,HYZ,HYZ,False,/home/ubuntu/sunlong/gcms_consistency_old/new_prepared_data/tensors/20250808/HYZ/1830_B20_1412_125080802.npz
B20_1413_125080805,/home/ubuntu/sunlong/gcms_consistency_old/dataset/20250808/1413#HYZBCS125080805.D,1413#HYZBCS125080805.D,20,20250808,1413.0,HYZ,云烟（紫）,B,125080805,BCS125080805,HYZ,HYZ,HYZ,HYZ,HYZ,False,/home/ubuntu/sunlong/gcms_consistency_old/new_prepared_data/tensors/20250808/HYZ/1831_B20_1413_125080805.npz
B20_1414_125080807,/home/ubuntu/sunlong/gcms_consistency_old/dataset/20250808/1414#HYZBCS125080807.D,1414#HYZBCS125080807.D,20,20250808,1414.0,HYZ,云烟（紫）,B,125080807,BCS125080807,HYZ,HYZ,HYZ,HYZ,HYZ,False,/home/ubuntu/sunlong/gcms_consistency_old/new_prepared_data/tensors/20250808/HYZ/1832_B20_1414_125080807.npz
B20_1415_125080810,/home/ubuntu/sunlong/gcms_consistency_old/dataset/20250808/1415#HYZBCS125080810.D,1415#HYZBCS125080810.D,20,20250808,1415.0,HYZ,云烟（紫）,B,125080810,BCS125080810,HYZ,HYZ,HYZ,HYZ,HYZ,False,/home/ubuntu/sunlong/gcms_consistency_old/new_prepared_data/tensors/20250808/HYZ/1833_B20_1415_125080810.npz
B20_1416_125080813,/home/ubuntu/sunlong/gcms_consistency_old/dataset/20250808/1416#HYZBCS125080813.D,1416#HYZBCS125080813.D,20,20250808,1416.0,HYZ,云烟（紫）,B,125080813,BCS125080813,HYZ,HYZ,HYZ,HYZ,HYZ,False,/home/ubuntu/sunlong/gcms_consistency_old/new_prepared_data/tensors/20250808/HYZ/1834_B20_1416_125080813.npz
B20_1417_125080815,/home/ubuntu/sunlong/gcms_consistency_old/dataset/20250808/1417#HYZBCS125080815.D,1417#HYZBCS125080815.D,20,20250808,1417.0,HYZ,云烟（紫）,B,125080815,BCS125080815,HYZ,HYZ,HYZ,HYZ,HYZ,False,/home/ubuntu/sunlong/gcms_consistency_old/new_prepared_data/tensors/20250808/HYZ/1835_B20_1417_125080815.npz
B20_1418_125080817,/home/ubuntu/sunlong/gcms_consistency_old/dataset/20250808/1418#HYZBCS125080817.D,1418#HYZBCS125080817.D,20,20250808,1418.0,HYZ,云烟（紫）,B,125080817,BCS125080817,HYZ,HYZ,HYZ,HYZ,HYZ,False,/home/ubuntu/sunlong/gcms_consistency_old/new_prepared_data/tensors/20250808/HYZ/1836_B20_1418_125080817.npz
B20_1419_125080819,/home/ubuntu/sunlong/gcms_consistency_old/dataset/20250808/1419#HYZBCS125080819.D,1419#HYZBCS125080819.D,20,20250808,1419.0,HYZ,云烟（紫）,B,125080819,BCS125080819,HYZ,HYZ,HYZ,HYZ,HYZ,False,/home/ubuntu/sunlong/gcms_consistency_old/new_prepared_data/tensors/20250808/HYZ/1837_B20_1419_125080819.npz
B20_1420_125080821,/home/ubuntu/sunlong/gcms_consistency_old/dataset/20250808/1420#HYZBCS125080821.D,1420#HYZBCS125080821.D,20,20250808,1420.0,HYZ,云烟（紫）,B,125080821,BCS125080821,HYZ,HYZ,HYZ,HYZ,HYZ,False,/home/ubuntu/sunlong/gcms_consistency_old/new_prepared_data/tensors/20250808/HYZ/1838_B20_1420_125080821.npz
B20_1421_125080803,/home/ubuntu/sunlong/gcms_consistency_old/dataset/20250808/1421#HYZCCS125080803.D,1421#HYZCCS125080803.D,20,20250808,1421.0,HYZ,云烟（紫）,C,125080803,CCS125080803,HYZ,HYZ,HYZ,HYZ,HYZ,False,/home/ubuntu/sunlong/gcms_consistency_old/new_prepared_data/tensors/20250808/HYZ/1839_B20_1421_125080803.npz
B20_1422_125080816,/home/ubuntu/sunlong/gcms_consistency_old/dataset/20250808/1422#RJDACS125080816.D,1422#RJDACS125080816.D,20,20250808,1422.0,RJD,红塔山（软经典）,A,125080816,ACS125080816,RJD,RJD,RJD,RJD,RJD,False,/home/ubuntu/sunlong/gcms_consistency_old/new_prepared_data/tensors/20250808/RJD/1840_B20_1422_125080816.npz
B20_1423_125080801,/home/ubuntu/sunlong/gcms_consistency_old/dataset/20250808/1423#YJDACS125080801.D,1423#YJDACS125080801.D,20,20250808,1423.0,YJD,红塔山（硬经典）,A,125080801,ACS125080801,YJD,YJD,YJD,YJD,YJD,False,/home/ubuntu/sunlong/gcms_consistency_old/new_prepared_data/tensors/20250808/YJD/1841_B20_1423_125080801.npz
B20_1424_125080804,/home/ubuntu/sunlong/gcms_consistency_old/dataset/20250808/1424#YJDACS125080804.D,1424#YJDACS125080804.D,20,20250808,1424.0,YJD,红塔山（硬经典）,A,125080804,ACS125080804,YJD,YJD,YJD,YJD,YJD,False,/home/ubuntu/sunlong/gcms_consistency_old/new_prepared_data/tensors/20250808/YJD/1842_B20_1424_125080804.npz
B20_1425_125080908,/home/ubuntu/sunlong/gcms_consistency_old/dataset/20250808/1425#H88CCS125080908.D,1425#H88CCS125080908.D,20,20250808,1425.0,H88,红河（88）,C,125080908,CCS125080908,H88,H88,H88,H88,H88,False,/home/ubuntu/sunlong/gcms_consistency_old/new_prepared_data/tensors/20250808/H88/1843_B20_1425_125080908.npz
B20_1426_125080911,/home/ubuntu/sunlong/gcms_consistency_old/dataset/20250808/1426#H88CCS125080911.D,1426#H88CCS125080911.D,20,20250808,1426.0,H88,红河（88）,C,125080911,CCS125080911,H88,H88,H88,H88,H88,False,/home/ubuntu/sunlong/gcms_consistency_old/new_prepared_data/tensors/20250808/H88/1844_B20_1426_125080911.npz
B20_1427_125080903,/home/ubuntu/sunlong/gcms_consistency_old/dataset/20250808/1427#HMDACS125080903.D,1427#HMDACS125080903.D,20,20250808,1427.0,HMD,牡丹（软）,A,125080903,ACS125080903,HMD,HMD,HMD,HMD,HMD,False,/home/ubuntu/sunlong/gcms_consistency_old/new_prepared_data/tensors/20250808/HMD/1845_B20_1427_125080903.npz
B20_1428_125080901,/home/ubuntu/sunlong/gcms_consistency_old/dataset/20250808/1428#HYZBCS125080901.D,1428#HYZBCS125080901.D,20,20250808,1428.0,HYZ,云烟（紫）,B,125080901,BCS125080901,HYZ,HYZ,HYZ,HYZ,HYZ,False,/home/ubuntu/sunlong/gcms_consistency_old/new_prepared_data/tensors/20250808/HYZ/1846_B20_1428_125080901.npz
B20_1429_125080904,/home/ubuntu/sunlong/gcms_consistency_old/dataset/20250808/1429#HYZBCS125080904.D,1429#HYZBCS125080904.D,20,20250808,1429.0,HYZ,云烟（紫）,B,125080904,BCS125080904,HYZ,HYZ,HYZ,HYZ,HYZ,False,/home/ubuntu/sunlong/gcms_consistency_old/new_prepared_data/tensors/20250808/HYZ/1847_B20_1429_125080904.npz
B20_1430_125080906,/home/ubuntu/sunlong/gcms_consistency_old/dataset/20250808/1430#HYZBCS125080906.D,1430#HYZBCS125080906.D,20,20250808,1430.0,HYZ,云烟（紫）,B,125080906,BCS125080906,HYZ,HYZ,HYZ,HYZ,HYZ,False,/home/ubuntu/sunlong/gcms_consistency_old/new_prepared_data/tensors/20250808/HYZ/1848_B20_1430_125080906.npz
B20_1431_125080909,/home/ubuntu/sunlong/gcms_consistency_old/dataset/20250808/1431#HYZBCS125080909.D,1431#HYZBCS125080909.D,20,20250808,1431.0,HYZ,云烟（紫）,B,125080909,BCS125080909,HYZ,HYZ,HYZ,HYZ,HYZ,False,/home/ubuntu/sunlong/gcms_consistency_old/new_prepared_data/tensors/20250808/HYZ/1849_B20_1431_125080909.npz
B20_1432_125080902,/home/ubuntu/sunlong/gcms_consistency_old/dataset/20250808/1432#HYZCCS125080902.D,1432#HYZCCS125080902.D,20,20250808,1432.0,HYZ,云烟（紫）,C,125080902,CCS125080902,HYZ,HYZ,HYZ,HYZ,HYZ,False,/home/ubuntu/sunlong/gcms_consistency_old/new_prepared_data/tensors/20250808/HYZ/1850_B20_1432_125080902.npz
B20_1433_125080905,/home/ubuntu/sunlong/gcms_consistency_old/dataset/20250808/1433#HYZCCS125080905.D,1433#HYZCCS125080905.D,20,20250808,1433.0,HYZ,云烟（紫）,C,125080905,CCS125080905,HYZ,HYZ,HYZ,HYZ,HYZ,False,/home/ubuntu/sunlong/gcms_consistency_old/new_prepared_data/tensors/20250808/HYZ/1851_B20_1433_125080905.npz
B20_1434_125080907,/home/ubuntu/sunlong/gcms_consistency_old/dataset/20250808/1434#RJDACS125080907.D,1434#RJDACS125080907.D,20,20250808,1434.0,RJD,红塔山（软经典）,A,125080907,ACS125080907,RJD,RJD,RJD,RJD,RJD,False,/home/ubuntu/sunlong/gcms_consistency_old/new_prepared_data/tensors/20250808/RJD/1852_B20_1434_125080907.npz
B20_1435_125080910,/home/ubuntu/sunlong/gcms_consistency_old/dataset/20250808/1435#YJDACS125080910.D,1435#YJDACS125080910.D,20,20250808,1435.0,YJD,红塔山（硬经典）,A,125080910,ACS125080910,YJD,YJD,YJD,YJD,YJD,False,/home/ubuntu/sunlong/gcms_consistency_old/new_prepared_data/tensors/20250808/YJD/1853_B20_1435_125080910.npz
B20_1436_125081104,/home/ubuntu/sunlong/gcms_consistency_old/dataset/20250808/1436#H88CCS125081104.D,1436#H88CCS125081104.D,20,20250808,1436.0,H88,红河（88）,C,125081104,CCS125081104,H88,H88,H88,H88,H88,False,/home/ubuntu/sunlong/gcms_consistency_old/new_prepared_data/tensors/20250808/H88/1854_B20_1436_125081104.npz
B20_1437_125081106,/home/ubuntu/sunlong/gcms_consistency_old/dataset/20250808/1437#H88CCS125081106.D,1437#H88CCS125081106.D,20,20250808,1437.0,H88,红河（88）,C,125081106,CCS125081106,H88,H88,H88,H88,H88,False,/home/ubuntu/sunlong/gcms_consistency_old/new_prepared_data/tensors/20250808/H88/1855_B20_1437_125081106.npz
B20_1438_125081108,/home/ubuntu/sunlong/gcms_consistency_old/dataset/20250808/1438#H88CCS125081108.D,1438#H88CCS125081108.D,20,20250808,1438.0,H88,红河（88）,C,125081108,CCS125081108,H88,H88,H88,H88,H88,False,/home/ubuntu/sunlong/gcms_consistency_old/new_prepared_data/tensors/20250808/H88/1856_B20_1438_125081108.npz
B20_1439_125081110,/home/ubuntu/sunlong/gcms_consistency_old/dataset/20250808/1439#H99CCS125081110.D,1439#H99CCS125081110.D,20,20250808,1439.0,H99,红河（99）,C,125081110,CCS125081110,H99,H99,H99,H99,H99,False,/home/ubuntu/sunlong/gcms_consistency_old/new_prepared_data/tensors/20250808/H99/1857_B20_1439_125081110.npz
B20_1440_125081112,/home/ubuntu/sunlong/gcms_consistency_old/dataset/20250808/1440#HMDACS125081112.D,1440#HMDACS125081112.D,20,20250808,1440.0,HMD,牡丹（软）,A,125081112,ACS125081112,HMD,HMD,HMD,HMD,HMD,False,/home/ubuntu/sunlong/gcms_consistency_old/new_prepared_data/tensors/20250808/HMD/1858_B20_1440_125081112.npz
B20_1441_125081103,/home/ubuntu/sunlong/gcms_consistency_old/dataset/20250808/1441#HRJBCS125081103.D,1441#HRJBCS125081103.D,20,20250808,1441.0,HRJ,红河（软甲）,B,125081103,BCS125081103,HRJ,HRJ,HRJ,HRJ,HRJ,False,/home/ubuntu/sunlong/gcms_consistency_old/new_prepared_data/tensors/20250808/HRJ/1859_B20_1441_125081103.npz
B20_1442_125081101,/home/ubuntu/sunlong/gcms_consistency_old/dataset/20250808/1442#HYZBCS125081101.D,1442#HYZBCS125081101.D,20,20250808,1442.0,HYZ,云烟（紫）,B,125081101,BCS125081101,HYZ,HYZ,HYZ,HYZ,HYZ,False,/home/ubuntu/sunlong/gcms_consistency_old/new_prepared_data/tensors/20250808/HYZ/1860_B20_1442_125081101.npz
B20_1443_125081107,/home/ubuntu/sunlong/gcms_consistency_old/dataset/20250808/1443#HYZBCS125081107.D,1443#HYZBCS125081107.D,20,20250808,1443.0,HYZ,云烟（紫）,B,125081107,BCS125081107,HYZ,HYZ,HYZ,HYZ,HYZ,False,/home/ubuntu/sunlong/gcms_consistency_old/new_prepared_data/tensors/20250808/HYZ/1861_B20_1443_125081107.npz
B20_1444_125081109,/home/ubuntu/sunlong/gcms_consistency_old/dataset/20250808/1444#HYZBCS125081109.D,1444#HYZBCS125081109.D,20,20250808,1444.0,HYZ,云烟（紫）,B,125081109,BCS125081109,HYZ,HYZ,HYZ,HYZ,HYZ,False,/home/ubuntu/sunlong/gcms_consistency_old/new_prepared_data/tensors/20250808/HYZ/1862_B20_1444_125081109.npz
B20_1445_125081111,/home/ubuntu/sunlong/gcms_consistency_old/dataset/20250808/1445#HYZBCS125081111.D,1445#HYZBCS125081111.D,20,20250808,1445.0,HYZ,云烟（紫）,B,125081111,BCS125081111,HYZ,HYZ,HYZ,HYZ,HYZ,False,/home/ubuntu/sunlong/gcms_consistency_old/new_prepared_data/tensors/20250808/HYZ/1863_B20_1445_125081111.npz
B20_1446_125081105,/home/ubuntu/sunlong/gcms_consistency_old/dataset/20250808/1446#HYZBCS125081105.D,1446#HYZBCS125081105.D,20,20250808,1446.0,HYZ,云烟（紫）,B,125081105,BCS125081105,HYZ,HYZ,HYZ,HYZ,HYZ,False,/home/ubuntu/sunlong/gcms_consistency_old/new_prepared_data/tensors/20250808/HYZ/1864_B20_1446_125081105.npz
B20_1447_125081102,/home/ubuntu/sunlong/gcms_consistency_old/dataset/20250808/1447#YJDACS125081102.D,1447#YJDACS125081102.D,20,20250808,1447.0,YJD,红塔山（硬经典）,A,125081102,ACS125081102,YJD,YJD,YJD,YJD,YJD,False,/home/ubuntu/sunlong/gcms_consistency_old/new_prepared_data/tensors/20250808/YJD/1865_B20_1447_125081102.npz
B20_1448_425081209,/home/ubuntu/sunlong/gcms_consistency_old/dataset/20250808/1448#H88CCS425081209.D,1448#H88CCS425081209.D,20,20250808,1448.0,H88,红河（88）,C,425081209,CCS425081209,H88,H88,H88,H88,H88,False,/home/ubuntu/sunlong/gcms_consistency_old/new_prepared_data/tensors/20250808/H88/1866_B20_1448_425081209.npz
B20_1449_125081205,/home/ubuntu/sunlong/gcms_consistency_old/dataset/20250808/1449#HYZBCS125081205.D,1449#HYZBCS125081205.D,20,20250808,1449.0,HYZ,云烟（紫）,B,125081205,BCS125081205,HYZ,HYZ,HYZ,HYZ,HYZ,False,/home/ubuntu/sunlong/gcms_consistency_old/new_prepared_data/tensors/20250808/HYZ/1867_B20_1449_125081205.npz
B20_1450_125081204,/home/ubuntu/sunlong/gcms_consistency_old/dataset/20250808/1450#YJDACS125081204.D,1450#YJDACS125081204.D,20,20250808,1450.0,YJD,红塔山（硬经典）,A,125081204,ACS125081204,YJD,YJD,YJD,YJD,YJD,False,/home/ubuntu/sunlong/gcms_consistency_old/new_prepared_data/tensors/20250808/YJD/1868_B20_1450_125081204.npz
B20_0000_blank,/home/ubuntu/sunlong/gcms_consistency_old/dataset/20250808/blank.D,blank.D,20,20250808,,BLANK,空白样,,,blank,BLANK,BLANK,BLANK,BLANK,BLANK,True,/home/ubuntu/sunlong/gcms_consistency_old/new_prepared_data/tensors/20250808/BLANK/1869_B20_0000_blank.npz
B21_0000_0#balnk,/home/ubuntu/sunlong/gcms_consistency_old/dataset/20250815/0#balnk.D,0#balnk.D,21,20250815,0.0,BLANK,空白样,,,0#balnk,BLANK,BLANK,BLANK,BLANK,BLANK,True,/home/ubuntu/sunlong/gcms_consistency_old/new_prepared_data/tensors/20250815/BLANK/1870_B21_0000_0_balnk.npz
B21_1451_125081212,/home/ubuntu/sunlong/gcms_consistency_old/dataset/20250815/1451#H88ACS125081212.D,1451#H88ACS125081212.D,21,20250815,1451.0,H88,红河（88）,A,125081212,ACS125081212,H88,H88,H88,H88,H88,False,/home/ubuntu/sunlong/gcms_consistency_old/new_prepared_data/tensors/20250815/H88/1871_B21_1451_125081212.npz
B21_1453_125081202,/home/ubuntu/sunlong/gcms_consistency_old/dataset/20250815/1453#H88BCS125081202.D,1453#H88BCS125081202.D,21,20250815,1453.0,H88,红河（88）,B,125081202,BCS125081202,H88,H88,H88,H88,H88,False,/home/ubuntu/sunlong/gcms_consistency_old/new_prepared_data/tensors/20250815/H88/1872_B21_1453_125081202.npz
B21_1454_125081217,/home/ubuntu/sunlong/gcms_consistency_old/dataset/20250815/1454#H88CCS125081217.D,1454#H88CCS125081217.D,21,20250815,1454.0,H88,红河（88）,C,125081217,CCS125081217,H88,H88,H88,H88,H88,False,/home/ubuntu/sunlong/gcms_consistency_old/new_prepared_data/tensors/20250815/H88/1873_B21_1454_125081217.npz
B21_1455_425081213,/home/ubuntu/sunlong/gcms_consistency_old/dataset/20250815/1455#H88CCS425081213.D,1455#H88CCS425081213.D,21,20250815,1455.0,H88,红河（88）,C,425081213,CCS425081213,H88,H88,H88,H88,H88,False,/home/ubuntu/sunlong/gcms_consistency_old/new_prepared_data/tensors/20250815/H88/1874_B21_1455_425081213.npz
B21_1456_125081218,/home/ubuntu/sunlong/gcms_consistency_old/dataset/20250815/1456#H99CCS125081218.D,1456#H99CCS125081218.D,21,20250815,1456.0,H99,红河（99）,C,125081218,CCS125081218,H99,H99,H99,H99,H99,False,/home/ubuntu/sunlong/gcms_consistency_old/new_prepared_data/tensors/20250815/H99/1875_B21_1456_125081218.npz
B21_1457_125081219,/home/ubuntu/sunlong/gcms_consistency_old/dataset/20250815/1457#H99CCS125081219.D,1457#H99CCS125081219.D,21,20250815,1457.0,H99,红河（99）,C,125081219,CCS125081219,H99,H99,H99,H99,H99,False,/home/ubuntu/sunlong/gcms_consistency_old/new_prepared_data/tensors/20250815/H99/1876_B21_1457_125081219.npz
B21_1458_125081201,/home/ubuntu/sunlong/gcms_consistency_old/dataset/20250815/1458#HMDACS125081201.D,1458#HMDACS125081201.D,21,20250815,1458.0,HMD,牡丹（软）,A,125081201,ACS125081201,HMD,HMD,HMD,HMD,HMD,False,/home/ubuntu/sunlong/gcms_consistency_old/new_prepared_data/tensors/20250815/HMD/1877_B21_1458_125081201.npz
B21_1459_125081211,/home/ubuntu/sunlong/gcms_consistency_old/dataset/20250815/1459#HRJBCS125081211.D,1459#HRJBCS125081211.D,21,20250815,1459.0,HRJ,红河（软甲）,B,125081211,BCS125081211,HRJ,HRJ,HRJ,HRJ,HRJ,False,/home/ubuntu/sunlong/gcms_consistency_old/new_prepared_data/tensors/20250815/HRJ/1878_B21_1459_125081211.npz
B21_1460_125081216,/home/ubuntu/sunlong/gcms_consistency_old/dataset/20250815/1460#HYZBCS125081216.D,1460#HYZBCS125081216.D,21,20250815,1460.0,HYZ,云烟（紫）,B,125081216,BCS125081216,HYZ,HYZ,HYZ,HYZ,HYZ,False,/home/ubuntu/sunlong/gcms_consistency_old/new_prepared_data/tensors/20250815/HYZ/1879_B21_1460_125081216.npz
B21_1461_425081202,/home/ubuntu/sunlong/gcms_consistency_old/dataset/20250815/1461#HYZBCS425081202.D,1461#HYZBCS425081202.D,21,20250815,1461.0,HYZ,云烟（紫）,B,425081202,BCS425081202,HYZ,HYZ,HYZ,HYZ,HYZ,False,/home/ubuntu/sunlong/gcms_consistency_old/new_prepared_data/tensors/20250815/HYZ/1880_B21_1461_425081202.npz
B21_1462_425081204,/home/ubuntu/sunlong/gcms_consistency_old/dataset/20250815/1462#HYZBCS425081204.D,1462#HYZBCS425081204.D,21,20250815,1462.0,HYZ,云烟（紫）,B,425081204,BCS425081204,HYZ,HYZ,HYZ,HYZ,HYZ,False,/home/ubuntu/sunlong/gcms_consistency_old/new_prepared_data/tensors/20250815/HYZ/1881_B21_1462_425081204.npz
B21_1463_425081206,/home/ubuntu/sunlong/gcms_consistency_old/dataset/20250815/1463#HYZBCS425081206.D,1463#HYZBCS425081206.D,21,20250815,1463.0,HYZ,云烟（紫）,B,425081206,BCS425081206,HYZ,HYZ,HYZ,HYZ,HYZ,False,/home/ubuntu/sunlong/gcms_consistency_old/new_prepared_data/tensors/20250815/HYZ/1882_B21_1463_425081206.npz
B21_1464_425081208,/home/ubuntu/sunlong/gcms_consistency_old/dataset/20250815/1464#HYZBCS425081208.D,1464#HYZBCS425081208.D,21,20250815,1464.0,HYZ,云烟（紫）,B,425081208,BCS425081208,HYZ,HYZ,HYZ,HYZ,HYZ,False,/home/ubuntu/sunlong/gcms_consistency_old/new_prepared_data/tensors/20250815/HYZ/1883_B21_1464_425081208.npz
B21_1465_425081210,/home/ubuntu/sunlong/gcms_consistency_old/dataset/20250815/1465#HYZCCS425081210.D,1465#HYZCCS425081210.D,21,20250815,1465.0,HYZ,云烟（紫）,C,425081210,CCS425081210,HYZ,HYZ,HYZ,HYZ,HYZ,False,/home/ubuntu/sunlong/gcms_consistency_old/new_prepared_data/tensors/20250815/HYZ/1884_B21_1465_425081210.npz
B21_1466_425081211,/home/ubuntu/sunlong/gcms_consistency_old/dataset/20250815/1466#HYZCCS425081211.D,1466#HYZCCS425081211.D,21,20250815,1466.0,HYZ,云烟（紫）,C,425081211,CCS425081211,HYZ,HYZ,HYZ,HYZ,HYZ,False,/home/ubuntu/sunlong/gcms_consistency_old/new_prepared_data/tensors/20250815/HYZ/1885_B21_1466_425081211.npz
B21_1467_425081212,/home/ubuntu/sunlong/gcms_consistency_old/dataset/20250815/1467#HYZCCS425081212.D,1467#HYZCCS425081212.D,21,20250815,1467.0,HYZ,云烟（紫）,C,425081212,CCS425081212,HYZ,HYZ,HYZ,HYZ,HYZ,False,/home/ubuntu/sunlong/gcms_consistency_old/new_prepared_data/tensors/20250815/HYZ/1886_B21_1467_425081212.npz
B21_1468_125081206,/home/ubuntu/sunlong/gcms_consistency_old/dataset/20250815/1468#RJDACS125081206.D,1468#RJDACS125081206.D,21,20250815,1468.0,RJD,红塔山（软经典）,A,125081206,ACS125081206,RJD,RJD,RJD,RJD,RJD,False,/home/ubuntu/sunlong/gcms_consistency_old/new_prepared_data/tensors/20250815/RJD/1887_B21_1468_125081206.npz
B21_1469_125081207,/home/ubuntu/sunlong/gcms_consistency_old/dataset/20250815/1469#RJDACS125081207.D,1469#RJDACS125081207.D,21,20250815,1469.0,RJD,红塔山（软经典）,A,125081207,ACS125081207,RJD,RJD,RJD,RJD,RJD,False,/home/ubuntu/sunlong/gcms_consistency_old/new_prepared_data/tensors/20250815/RJD/1888_B21_1469_125081207.npz
B21_1470_125081208,/home/ubuntu/sunlong/gcms_consistency_old/dataset/20250815/1470#YJDACS125081208.D,1470#YJDACS125081208.D,21,20250815,1470.0,YJD,红塔山（硬经典）,A,125081208,ACS125081208,YJD,YJD,YJD,YJD,YJD,False,/home/ubuntu/sunlong/gcms_consistency_old/new_prepared_data/tensors/20250815/YJD/1889_B21_1470_125081208.npz
B21_1471_125081209,/home/ubuntu/sunlong/gcms_consistency_old/dataset/20250815/1471#YJDACS125081209.D,1471#YJDACS125081209.D,21,20250815,1471.0,YJD,红塔山（硬经典）,A,125081209,ACS125081209,YJD,YJD,YJD,YJD,YJD,False,/home/ubuntu/sunlong/gcms_consistency_old/new_prepared_data/tensors/20250815/YJD/1890_B21_1471_125081209.npz
B21_1472_125081301,/home/ubuntu/sunlong/gcms_consistency_old/dataset/20250815/1472#H88ACS125081301.D,1472#H88ACS125081301.D,21,20250815,1472.0,H88,红河（88）,A,125081301,ACS125081301,H88,H88,H88,H88,H88,False,/home/ubuntu/sunlong/gcms_consistency_old/new_prepared_data/tensors/20250815/H88/1891_B21_1472_125081301.npz
B21_1473_125081318,/home/ubuntu/sunlong/gcms_consistency_old/dataset/20250815/1473#H88ACS125081318.D,1473#H88ACS125081318.D,21,20250815,1473.0,H88,红河（88）,A,125081318,ACS125081318,H88,H88,H88,H88,H88,False,/home/ubuntu/sunlong/gcms_consistency_old/new_prepared_data/tensors/20250815/H88/1892_B21_1473_125081318.npz
B21_1474_225081301,/home/ubuntu/sunlong/gcms_consistency_old/dataset/20250815/1474#H88ACS225081301.D,1474#H88ACS225081301.D,21,20250815,1474.0,H88,红河（88）,A,225081301,ACS225081301,H88,H88,H88,H88,H88,False,/home/ubuntu/sunlong/gcms_consistency_old/new_prepared_data/tensors/20250815/H88/1893_B21_1474_225081301.npz
B21_1475_425081304,/home/ubuntu/sunlong/gcms_consistency_old/dataset/20250815/1475#H88BCS425081304.D,1475#H88BCS425081304.D,21,20250815,1475.0,H88,红河（88）,B,425081304,BCS425081304,H88,H88,H88,H88,H88,False,/home/ubuntu/sunlong/gcms_consistency_old/new_prepared_data/tensors/20250815/H88/1894_B21_1475_425081304.npz
B21_1476_125081316,/home/ubuntu/sunlong/gcms_consistency_old/dataset/20250815/1476#H88CCS125081316.D,1476#H88CCS125081316.D,21,20250815,1476.0,H88,红河（88）,C,125081316,CCS125081316,H88,H88,H88,H88,H88,False,/home/ubuntu/sunlong/gcms_consistency_old/new_prepared_data/tensors/20250815/H88/1895_B21_1476_125081316.npz
B21_1477_425081302,/home/ubuntu/sunlong/gcms_consistency_old/dataset/20250815/1477#H88CCS425081302.D,1477#H88CCS425081302.D,21,20250815,1477.0,H88,红河（88）,C,425081302,CCS425081302,H88,H88,H88,H88,H88,False,/home/ubuntu/sunlong/gcms_consistency_old/new_prepared_data/tensors/20250815/H88/1896_B21_1477_425081302.npz
B21_1478_425081303,/home/ubuntu/sunlong/gcms_consistency_old/dataset/20250815/1478#H88CCS425081303.D,1478#H88CCS425081303.D,21,20250815,1478.0,H88,红河（88）,C,425081303,CCS425081303,H88,H88,H88,H88,H88,False,/home/ubuntu/sunlong/gcms_consistency_old/new_prepared_data/tensors/20250815/H88/1897_B21_1478_425081303.npz
B21_1479_125081310,/home/ubuntu/sunlong/gcms_consistency_old/dataset/20250815/1479#H99CCS125081310.D,1479#H99CCS125081310.D,21,20250815,1479.0,H99,红河（99）,C,125081310,CCS125081310,H99,H99,H99,H99,H99,False,/home/ubuntu/sunlong/gcms_consistency_old/new_prepared_data/tensors/20250815/H99/1898_B21_1479_125081310.npz
B21_1480_125081313,/home/ubuntu/sunlong/gcms_consistency_old/dataset/20250815/1480#H99CCS125081313.D,1480#H99CCS125081313.D,21,20250815,1480.0,H99,红河（99）,C,125081313,CCS125081313,H99,H99,H99,H99,H99,False,/home/ubuntu/sunlong/gcms_consistency_old/new_prepared_data/tensors/20250815/H99/1899_B21_1480_125081313.npz
B21_1481_125081323,/home/ubuntu/sunlong/gcms_consistency_old/dataset/20250815/1481#HRJBCS125081323.D,1481#HRJBCS125081323.D,21,20250815,1481.0,HRJ,红河（软甲）,B,125081323,BCS125081323,HRJ,HRJ,HRJ,HRJ,HRJ,False,/home/ubuntu/sunlong/gcms_consistency_old/new_prepared_data/tensors/20250815/HRJ/1900_B21_1481_125081323.npz
B21_1482_125081319,/home/ubuntu/sunlong/gcms_consistency_old/dataset/20250815/1482#HYZBCS125081319.D,1482#HYZBCS125081319.D,21,20250815,1482.0,HYZ,云烟（紫）,B,125081319,BCS125081319,HYZ,HYZ,HYZ,HYZ,HYZ,False,/home/ubuntu/sunlong/gcms_consistency_old/new_prepared_data/tensors/20250815/HYZ/1901_B21_1482_125081319.npz
B21_1483_125081320,/home/ubuntu/sunlong/gcms_consistency_old/dataset/20250815/1483#HYZBCS125081320.D,1483#HYZBCS125081320.D,21,20250815,1483.0,HYZ,云烟（紫）,B,125081320,BCS125081320,HYZ,HYZ,HYZ,HYZ,HYZ,False,/home/ubuntu/sunlong/gcms_consistency_old/new_prepared_data/tensors/20250815/HYZ/1902_B21_1483_125081320.npz
B21_1484_125081321,/home/ubuntu/sunlong/gcms_consistency_old/dataset/20250815/1484#HYZBCS125081321.D,1484#HYZBCS125081321.D,21,20250815,1484.0,HYZ,云烟（紫）,B,125081321,BCS125081321,HYZ,HYZ,HYZ,HYZ,HYZ,False,/home/ubuntu/sunlong/gcms_consistency_old/new_prepared_data/tensors/20250815/HYZ/1903_B21_1484_125081321.npz
B21_1485_125081322,/home/ubuntu/sunlong/gcms_consistency_old/dataset/20250815/1485#HYZBCS125081322.D,1485#HYZBCS125081322.D,21,20250815,1485.0,HYZ,云烟（紫）,B,125081322,BCS125081322,HYZ,HYZ,HYZ,HYZ,HYZ,False,/home/ubuntu/sunlong/gcms_consistency_old/new_prepared_data/tensors/20250815/HYZ/1904_B21_1485_125081322.npz
B21_1486_125081324,/home/ubuntu/sunlong/gcms_consistency_old/dataset/20250815/1486#HYZBCS125081324.D,1486#HYZBCS125081324.D,21,20250815,1486.0,HYZ,云烟（紫）,B,125081324,BCS125081324,HYZ,HYZ,HYZ,HYZ,HYZ,False,/home/ubuntu/sunlong/gcms_consistency_old/new_prepared_data/tensors/20250815/HYZ/1905_B21_1486_125081324.npz
B21_1487_125081325,/home/ubuntu/sunlong/gcms_consistency_old/dataset/20250815/1487#HYZBCS125081325.D,1487#HYZBCS125081325.D,21,20250815,1487.0,HYZ,云烟（紫）,B,125081325,BCS125081325,HYZ,HYZ,HYZ,HYZ,HYZ,False,/home/ubuntu/sunlong/gcms_consistency_old/new_prepared_data/tensors/20250815/HYZ/1906_B21_1487_125081325.npz
B21_1488_125081304,/home/ubuntu/sunlong/gcms_consistency_old/dataset/20250815/1488#HYZCCS125081304.D,1488#HYZCCS125081304.D,21,20250815,1488.0,HYZ,云烟（紫）,C,125081304,CCS125081304,HYZ,HYZ,HYZ,HYZ,HYZ,False,/home/ubuntu/sunlong/gcms_consistency_old/new_prepared_data/tensors/20250815/HYZ/1907_B21_1488_125081304.npz
B21_1489_125081306,/home/ubuntu/sunlong/gcms_consistency_old/dataset/20250815/1489#HYZCCS125081306.D,1489#HYZCCS125081306.D,21,20250815,1489.0,HYZ,云烟（紫）,C,125081306,CCS125081306,HYZ,HYZ,HYZ,HYZ,HYZ,False,/home/ubuntu/sunlong/gcms_consistency_old/new_prepared_data/tensors/20250815/HYZ/1908_B21_1489_125081306.npz
B21_1490_225081302,/home/ubuntu/sunlong/gcms_consistency_old/dataset/20250815/1490#HYZCCS225081302.D,1490#HYZCCS225081302.D,21,20250815,1490.0,HYZ,云烟（紫）,C,225081302,CCS225081302,HYZ,HYZ,HYZ,HYZ,HYZ,False,/home/ubuntu/sunlong/gcms_consistency_old/new_prepared_data/tensors/20250815/HYZ/1909_B21_1490_225081302.npz
B21_1491_125081311,/home/ubuntu/sunlong/gcms_consistency_old/dataset/20250815/1491#RJDACS125081311.D,1491#RJDACS125081311.D,21,20250815,1491.0,RJD,红塔山（软经典）,A,125081311,ACS125081311,RJD,RJD,RJD,RJD,RJD,False,/home/ubuntu/sunlong/gcms_consistency_old/new_prepared_data/tensors/20250815/RJD/1910_B21_1491_125081311.npz
B21_1492_125081314,/home/ubuntu/sunlong/gcms_consistency_old/dataset/20250815/1492#RJDACS125081314.D,1492#RJDACS125081314.D,21,20250815,1492.0,RJD,红塔山（软经典）,A,125081314,ACS125081314,RJD,RJD,RJD,RJD,RJD,False,/home/ubuntu/sunlong/gcms_consistency_old/new_prepared_data/tensors/20250815/RJD/1911_B21_1492_125081314.npz
B21_1493_125081307,/home/ubuntu/sunlong/gcms_consistency_old/dataset/20250815/1493#YJDACS125081307.D,1493#YJDACS125081307.D,21,20250815,1493.0,YJD,红塔山（硬经典）,A,125081307,ACS125081307,YJD,YJD,YJD,YJD,YJD,False,/home/ubuntu/sunlong/gcms_consistency_old/new_prepared_data/tensors/20250815/YJD/1912_B21_1493_125081307.npz
B21_1494_125081309,/home/ubuntu/sunlong/gcms_consistency_old/dataset/20250815/1494#YJDACS125081309.D,1494#YJDACS125081309.D,21,20250815,1494.0,YJD,红塔山（硬经典）,A,125081309,ACS125081309,YJD,YJD,YJD,YJD,YJD,False,/home/ubuntu/sunlong/gcms_consistency_old/new_prepared_data/tensors/20250815/YJD/1913_B21_1494_125081309.npz
B21_1495_125081401,/home/ubuntu/sunlong/gcms_consistency_old/dataset/20250815/1495#H88ACS125081401.D,1495#H88ACS125081401.D,21,20250815,1495.0,H88,红河（88）,A,125081401,ACS125081401,H88,H88,H88,H88,H88,False,/home/ubuntu/sunlong/gcms_consistency_old/new_prepared_data/tensors/20250815/H88/1914_B21_1495_125081401.npz
B21_1496_125081403,/home/ubuntu/sunlong/gcms_consistency_old/dataset/20250815/1496#H88ACS125081403.D,1496#H88ACS125081403.D,21,20250815,1496.0,H88,红河（88）,A,125081403,ACS125081403,H88,H88,H88,H88,H88,False,/home/ubuntu/sunlong/gcms_consistency_old/new_prepared_data/tensors/20250815/H88/1915_B21_1496_125081403.npz
B21_1497_425081405,/home/ubuntu/sunlong/gcms_consistency_old/dataset/20250815/1497#H88ACS425081405.D,1497#H88ACS425081405.D,21,20250815,1497.0,H88,红河（88）,A,425081405,ACS425081405,H88,H88,H88,H88,H88,False,/home/ubuntu/sunlong/gcms_consistency_old/new_prepared_data/tensors/20250815/H88/1916_B21_1497_425081405.npz
B21_1498_425081406,/home/ubuntu/sunlong/gcms_consistency_old/dataset/20250815/1498#H88ACS425081406.D,1498#H88ACS425081406.D,21,20250815,1498.0,H88,红河（88）,A,425081406,ACS425081406,H88,H88,H88,H88,H88,False,/home/ubuntu/sunlong/gcms_consistency_old/new_prepared_data/tensors/20250815/H88/1917_B21_1498_425081406.npz
B21_1499_425081404,/home/ubuntu/sunlong/gcms_consistency_old/dataset/20250815/1499#H88CCS425081404.D,1499#H88CCS425081404.D,21,20250815,1499.0,H88,红河（88）,C,425081404,CCS425081404,H88,H88,H88,H88,H88,False,/home/ubuntu/sunlong/gcms_consistency_old/new_prepared_data/tensors/20250815/H88/1918_B21_1499_425081404.npz
B21_1500_125081412,/home/ubuntu/sunlong/gcms_consistency_old/dataset/20250815/1500#H99CCS125081412.D,1500#H99CCS125081412.D,21,20250815,1500.0,H99,红河（99）,C,125081412,CCS125081412,H99,H99,H99,H99,H99,False,/home/ubuntu/sunlong/gcms_consistency_old/new_prepared_data/tensors/20250815/H99/1919_B21_1500_125081412.npz
B21_1501_125081416,/home/ubuntu/sunlong/gcms_consistency_old/dataset/20250815/1501#H99CCS125081416.D,1501#H99CCS125081416.D,21,20250815,1501.0,H99,红河（99）,C,125081416,CCS125081416,H99,H99,H99,H99,H99,False,/home/ubuntu/sunlong/gcms_consistency_old/new_prepared_data/tensors/20250815/H99/1920_B21_1501_125081416.npz
B21_1502_125081404,/home/ubuntu/sunlong/gcms_consistency_old/dataset/20250815/1502#HRJBCS125081404.D,1502#HRJBCS125081404.D,21,20250815,1502.0,HRJ,红河（软甲）,B,125081404,BCS125081404,HRJ,HRJ,HRJ,HRJ,HRJ,False,/home/ubuntu/sunlong/gcms_consistency_old/new_prepared_data/tensors/20250815/HRJ/1921_B21_1502_125081404.npz
B21_1503_125081417,/home/ubuntu/sunlong/gcms_consistency_old/dataset/20250815/1503#HRJBCS125081417.D,1503#HRJBCS125081417.D,21,20250815,1503.0,HRJ,红河（软甲）,B,125081417,BCS125081417,HRJ,HRJ,HRJ,HRJ,HRJ,False,/home/ubuntu/sunlong/gcms_consistency_old/new_prepared_data/tensors/20250815/HRJ/1922_B21_1503_125081417.npz
B21_1504_125081410,/home/ubuntu/sunlong/gcms_consistency_old/dataset/20250815/1504#HYZBCS125081410.D,1504#HYZBCS125081410.D,21,20250815,1504.0,HYZ,云烟（紫）,B,125081410,BCS125081410,HYZ,HYZ,HYZ,HYZ,HYZ,False,/home/ubuntu/sunlong/gcms_consistency_old/new_prepared_data/tensors/20250815/HYZ/1923_B21_1504_125081410.npz
B21_1505_125081413,/home/ubuntu/sunlong/gcms_consistency_old/dataset/20250815/1505#HYZBCS125081413.D,1505#HYZBCS125081413.D,21,20250815,1505.0,HYZ,云烟（紫）,B,125081413,BCS125081413,HYZ,HYZ,HYZ,HYZ,HYZ,False,/home/ubuntu/sunlong/gcms_consistency_old/new_prepared_data/tensors/20250815/HYZ/1924_B21_1505_125081413.npz
B21_1506_425081401,/home/ubuntu/sunlong/gcms_consistency_old/dataset/20250815/1506#HYZBCS425081401.D,1506#HYZBCS425081401.D,21,20250815,1506.0,HYZ,云烟（紫）,B,425081401,BCS425081401,HYZ,HYZ,HYZ,HYZ,HYZ,False,/home/ubuntu/sunlong/gcms_consistency_old/new_prepared_data/tensors/20250815/HYZ/1925_B21_1506_425081401.npz
B21_1507_425081402,/home/ubuntu/sunlong/gcms_consistency_old/dataset/20250815/1507#HYZBCS425081402.D,1507#HYZBCS425081402.D,21,20250815,1507.0,HYZ,云烟（紫）,B,425081402,BCS425081402,HYZ,HYZ,HYZ,HYZ,HYZ,False,/home/ubuntu/sunlong/gcms_consistency_old/new_prepared_data/tensors/20250815/HYZ/1926_B21_1507_425081402.npz
B21_1508_425081403,/home/ubuntu/sunlong/gcms_consistency_old/dataset/20250815/1508#HYZBCS425081403.D,1508#HYZBCS425081403.D,21,20250815,1508.0,HYZ,云烟（紫）,B,425081403,BCS425081403,HYZ,HYZ,HYZ,HYZ,HYZ,False,/home/ubuntu/sunlong/gcms_consistency_old/new_prepared_data/tensors/20250815/HYZ/1927_B21_1508_425081403.npz
B21_1509_425081415,/home/ubuntu/sunlong/gcms_consistency_old/dataset/20250815/1509#HYZBCS425081415.D,1509#HYZBCS425081415.D,21,20250815,1509.0,HYZ,云烟（紫）,B,425081415,BCS425081415,HYZ,HYZ,HYZ,HYZ,HYZ,False,/home/ubuntu/sunlong/gcms_consistency_old/new_prepared_data/tensors/20250815/HYZ/1928_B21_1509_425081415.npz
B21_1510_125081405,/home/ubuntu/sunlong/gcms_consistency_old/dataset/20250815/1510#HYZCCS125081405.D,1510#HYZCCS125081405.D,21,20250815,1510.0,HYZ,云烟（紫）,C,125081405,CCS125081405,HYZ,HYZ,HYZ,HYZ,HYZ,False,/home/ubuntu/sunlong/gcms_consistency_old/new_prepared_data/tensors/20250815/HYZ/1929_B21_1510_125081405.npz
B21_1511_125081407,/home/ubuntu/sunlong/gcms_consistency_old/dataset/20250815/1511#HYZCCS125081407.D,1511#HYZCCS125081407.D,21,20250815,1511.0,HYZ,云烟（紫）,C,125081407,CCS125081407,HYZ,HYZ,HYZ,HYZ,HYZ,False,/home/ubuntu/sunlong/gcms_consistency_old/new_prepared_data/tensors/20250815/HYZ/1930_B21_1511_125081407.npz
B21_1512_125081409,/home/ubuntu/sunlong/gcms_consistency_old/dataset/20250815/1512#HYZCCS125081409.D,1512#HYZCCS125081409.D,21,20250815,1512.0,HYZ,云烟（紫）,C,125081409,CCS125081409,HYZ,HYZ,HYZ,HYZ,HYZ,False,/home/ubuntu/sunlong/gcms_consistency_old/new_prepared_data/tensors/20250815/HYZ/1931_B21_1512_125081409.npz
B21_1513_425081402,/home/ubuntu/sunlong/gcms_consistency_old/dataset/20250815/1513#HYZCCS425081402.D,1513#HYZCCS425081402.D,21,20250815,1513.0,HYZ,云烟（紫）,C,425081402,CCS425081402,HYZ,HYZ,HYZ,HYZ,HYZ,False,/home/ubuntu/sunlong/gcms_consistency_old/new_prepared_data/tensors/20250815/HYZ/1932_B21_1513_425081402.npz
B21_1514_125081411,/home/ubuntu/sunlong/gcms_consistency_old/dataset/20250815/1514#RJDACS125081411.D,1514#RJDACS125081411.D,21,20250815,1514.0,RJD,红塔山（软经典）,A,125081411,ACS125081411,RJD,RJD,RJD,RJD,RJD,False,/home/ubuntu/sunlong/gcms_consistency_old/new_prepared_data/tensors/20250815/RJD/1933_B21_1514_125081411.npz
B21_1515_125081414,/home/ubuntu/sunlong/gcms_consistency_old/dataset/20250815/1515#RJDACS125081414.D,1515#RJDACS125081414.D,21,20250815,1515.0,RJD,红塔山（软经典）,A,125081414,ACS125081414,RJD,RJD,RJD,RJD,RJD,False,/home/ubuntu/sunlong/gcms_consistency_old/new_prepared_data/tensors/20250815/RJD/1934_B21_1515_125081414.npz
B21_1516_125081406,/home/ubuntu/sunlong/gcms_consistency_old/dataset/20250815/1516#YJDACS125081406.D,1516#YJDACS125081406.D,21,20250815,1516.0,YJD,红塔山（硬经典）,A,125081406,ACS125081406,YJD,YJD,YJD,YJD,YJD,False,/home/ubuntu/sunlong/gcms_consistency_old/new_prepared_data/tensors/20250815/YJD/1935_B21_1516_125081406.npz
B21_1517_125081408,/home/ubuntu/sunlong/gcms_consistency_old/dataset/20250815/1517#YJDACS125081408.D,1517#YJDACS125081408.D,21,20250815,1517.0,YJD,红塔山（硬经典）,A,125081408,ACS125081408,YJD,YJD,YJD,YJD,YJD,False,/home/ubuntu/sunlong/gcms_consistency_old/new_prepared_data/tensors/20250815/YJD/1936_B21_1517_125081408.npz
B21_1542_125081214,/home/ubuntu/sunlong/gcms_consistency_old/dataset/20250815/1542#H88ACS125081214.D,1542#H88ACS125081214.D,21,20250815,1542.0,H88,红河（88）,A,125081214,ACS125081214,H88,H88,H88,H88,H88,False,/home/ubuntu/sunlong/gcms_consistency_old/new_prepared_data/tensors/20250815/H88/1937_B21_1542_125081214.npz
B22_0000_0#balnk,/home/ubuntu/sunlong/gcms_consistency_old/dataset/20250821/0#balnk.D,0#balnk.D,22,20250821,0.0,BLANK,空白样,,,0#balnk,BLANK,BLANK,BLANK,BLANK,BLANK,True,/home/ubuntu/sunlong/gcms_consistency_old/new_prepared_data/tensors/20250821/BLANK/1938_B22_0000_0_balnk.npz
B22_1459_125081211,/home/ubuntu/sunlong/gcms_consistency_old/dataset/20250821/1459#HRJBCS125081211.D,1459#HRJBCS125081211.D,22,20250821,1459.0,HRJ,红河（软甲）,B,125081211,BCS125081211,HRJ,HRJ,HRJ,HRJ,HRJ,False,/home/ubuntu/sunlong/gcms_consistency_old/new_prepared_data/tensors/20250821/HRJ/1939_B22_1459_125081211.npz
B22_1518_425081513,/home/ubuntu/sunlong/gcms_consistency_old/dataset/20250821/1518#H88ACS425081513.D,1518#H88ACS425081513.D,22,20250821,1518.0,H88,红河（88）,A,425081513,ACS425081513,H88,H88,H88,H88,H88,False,/home/ubuntu/sunlong/gcms_consistency_old/new_prepared_data/tensors/20250821/H88/1940_B22_1518_425081513.npz
B22_1519_425081514,/home/ubuntu/sunlong/gcms_consistency_old/dataset/20250821/1519#H88ACS425081514.D,1519#H88ACS425081514.D,22,20250821,1519.0,H88,红河（88）,A,425081514,ACS425081514,H88,H88,H88,H88,H88,False,/home/ubuntu/sunlong/gcms_consistency_old/new_prepared_data/tensors/20250821/H88/1941_B22_1519_425081514.npz
B22_1520_125081501,/home/ubuntu/sunlong/gcms_consistency_old/dataset/20250821/1520#H99CCS125081501.D,1520#H99CCS125081501.D,22,20250821,1520.0,H99,红河（99）,C,125081501,CCS125081501,H99,H99,H99,H99,H99,False,/home/ubuntu/sunlong/gcms_consistency_old/new_prepared_data/tensors/20250821/H99/1942_B22_1520_125081501.npz
B22_1521_125081503,/home/ubuntu/sunlong/gcms_consistency_old/dataset/20250821/1521#H99CCS125081503.D,1521#H99CCS125081503.D,22,20250821,1521.0,H99,红河（99）,C,125081503,CCS125081503,H99,H99,H99,H99,H99,False,/home/ubuntu/sunlong/gcms_consistency_old/new_prepared_data/tensors/20250821/H99/1943_B22_1521_125081503.npz
B22_1522_125081504,/home/ubuntu/sunlong/gcms_consistency_old/dataset/20250821/1522#HMDACS125081504.D,1522#HMDACS125081504.D,22,20250821,1522.0,HMD,牡丹（软）,A,125081504,ACS125081504,HMD,HMD,HMD,HMD,HMD,False,/home/ubuntu/sunlong/gcms_consistency_old/new_prepared_data/tensors/20250821/HMD/1944_B22_1522_125081504.npz
B22_1523_125081505,/home/ubuntu/sunlong/gcms_consistency_old/dataset/20250821/1523#HMDACS125081505.D,1523#HMDACS125081505.D,22,20250821,1523.0,HMD,牡丹（软）,A,125081505,ACS125081505,HMD,HMD,HMD,HMD,HMD,False,/home/ubuntu/sunlong/gcms_consistency_old/new_prepared_data/tensors/20250821/HMD/1945_B22_1523_125081505.npz
B22_1524_125081506,/home/ubuntu/sunlong/gcms_consistency_old/dataset/20250821/1524#HMDACS125081506.D,1524#HMDACS125081506.D,22,20250821,1524.0,HMD,牡丹（软）,A,125081506,ACS125081506,HMD,HMD,HMD,HMD,HMD,False,/home/ubuntu/sunlong/gcms_consistency_old/new_prepared_data/tensors/20250821/HMD/1946_B22_1524_125081506.npz
B22_1525_125081502,/home/ubuntu/sunlong/gcms_consistency_old/dataset/20250821/1525#HRJBCS125081502.D,1525#HRJBCS125081502.D,22,20250821,1525.0,HRJ,红河（软甲）,B,125081502,BCS125081502,HRJ,HRJ,HRJ,HRJ,HRJ,False,/home/ubuntu/sunlong/gcms_consistency_old/new_prepared_data/tensors/20250821/HRJ/1947_B22_1525_125081502.npz
B22_1526_125081509,/home/ubuntu/sunlong/gcms_consistency_old/dataset/20250821/1526#HV8ACS125081509.D,1526#HV8ACS125081509.D,22,20250821,1526.0,HV8,红河（V8）,A,125081509,ACS125081509,HV8,HV8,HV8,HV8,HV8,False,/home/ubuntu/sunlong/gcms_consistency_old/new_prepared_data/tensors/20250821/HV8/1948_B22_1526_125081509.npz
B22_1527_425081501,/home/ubuntu/sunlong/gcms_consistency_old/dataset/20250821/1527#HYZBCS425081501.D,1527#HYZBCS425081501.D,22,20250821,1527.0,HYZ,云烟（紫）,B,425081501,BCS425081501,HYZ,HYZ,HYZ,HYZ,HYZ,False,/home/ubuntu/sunlong/gcms_consistency_old/new_prepared_data/tensors/20250821/HYZ/1949_B22_1527_425081501.npz
B22_1528_425081503,/home/ubuntu/sunlong/gcms_consistency_old/dataset/20250821/1528#HYZBCS425081503.D,1528#HYZBCS425081503.D,22,20250821,1528.0,HYZ,云烟（紫）,B,425081503,BCS425081503,HYZ,HYZ,HYZ,HYZ,HYZ,False,/home/ubuntu/sunlong/gcms_consistency_old/new_prepared_data/tensors/20250821/HYZ/1950_B22_1528_425081503.npz
B22_1529_425081505,/home/ubuntu/sunlong/gcms_consistency_old/dataset/20250821/1529#HYZBCS425081505.D,1529#HYZBCS425081505.D,22,20250821,1529.0,HYZ,云烟（紫）,B,425081505,BCS425081505,HYZ,HYZ,HYZ,HYZ,HYZ,False,/home/ubuntu/sunlong/gcms_consistency_old/new_prepared_data/tensors/20250821/HYZ/1951_B22_1529_425081505.npz
B22_1530_425081507,/home/ubuntu/sunlong/gcms_consistency_old/dataset/20250821/1530#HYZBCS425081507.D,1530#HYZBCS425081507.D,22,20250821,1530.0,HYZ,云烟（紫）,B,425081507,BCS425081507,HYZ,HYZ,HYZ,HYZ,HYZ,False,/home/ubuntu/sunlong/gcms_consistency_old/new_prepared_data/tensors/20250821/HYZ/1952_B22_1530_425081507.npz
B22_1531_425081509,/home/ubuntu/sunlong/gcms_consistency_old/dataset/20250821/1531#HYZBCS425081509.D,1531#HYZBCS425081509.D,22,20250821,1531.0,HYZ,云烟（紫）,B,425081509,BCS425081509,HYZ,HYZ,HYZ,HYZ,HYZ,False,/home/ubuntu/sunlong/gcms_consistency_old/new_prepared_data/tensors/20250821/HYZ/1953_B22_1531_425081509.npz
B22_1532_425081510,/home/ubuntu/sunlong/gcms_consistency_old/dataset/20250821/1532#HYZBCS425081510.D,1532#HYZBCS425081510.D,22,20250821,1532.0,HYZ,云烟（紫）,B,425081510,BCS425081510,HYZ,HYZ,HYZ,HYZ,HYZ,False,/home/ubuntu/sunlong/gcms_consistency_old/new_prepared_data/tensors/20250821/HYZ/1954_B22_1532_425081510.npz
B22_1533_425081511,/home/ubuntu/sunlong/gcms_consistency_old/dataset/20250821/1533#HYZBCS425081511.D,1533#HYZBCS425081511.D,22,20250821,1533.0,HYZ,云烟（紫）,B,425081511,BCS425081511,HYZ,HYZ,HYZ,HYZ,HYZ,False,/home/ubuntu/sunlong/gcms_consistency_old/new_prepared_data/tensors/20250821/HYZ/1955_B22_1533_425081511.npz
B22_1534_425081502,/home/ubuntu/sunlong/gcms_consistency_old/dataset/20250821/1534#HYZCCS425081502.D,1534#HYZCCS425081502.D,22,20250821,1534.0,HYZ,云烟（紫）,C,425081502,CCS425081502,HYZ,HYZ,HYZ,HYZ,HYZ,False,/home/ubuntu/sunlong/gcms_consistency_old/new_prepared_data/tensors/20250821/HYZ/1956_B22_1534_425081502.npz
B22_1535_425081504,/home/ubuntu/sunlong/gcms_consistency_old/dataset/20250821/1535#HYZCCS425081504.D,1535#HYZCCS425081504.D,22,20250821,1535.0,HYZ,云烟（紫）,C,425081504,CCS425081504,HYZ,HYZ,HYZ,HYZ,HYZ,False,/home/ubuntu/sunlong/gcms_consistency_old/new_prepared_data/tensors/20250821/HYZ/1957_B22_1535_425081504.npz
B22_1536_425081506,/home/ubuntu/sunlong/gcms_consistency_old/dataset/20250821/1536#HYZCCS425081506.D,1536#HYZCCS425081506.D,22,20250821,1536.0,HYZ,云烟（紫）,C,425081506,CCS425081506,HYZ,HYZ,HYZ,HYZ,HYZ,False,/home/ubuntu/sunlong/gcms_consistency_old/new_prepared_data/tensors/20250821/HYZ/1958_B22_1536_425081506.npz
B22_1537_425081508,/home/ubuntu/sunlong/gcms_consistency_old/dataset/20250821/1537#HYZCCS425081508.D,1537#HYZCCS425081508.D,22,20250821,1537.0,HYZ,云烟（紫）,C,425081508,CCS425081508,HYZ,HYZ,HYZ,HYZ,HYZ,False,/home/ubuntu/sunlong/gcms_consistency_old/new_prepared_data/tensors/20250821/HYZ/1959_B22_1537_425081508.npz
B22_1538_425081512,/home/ubuntu/sunlong/gcms_consistency_old/dataset/20250821/1538#HYZCCS425081512.D,1538#HYZCCS425081512.D,22,20250821,1538.0,HYZ,云烟（紫）,C,425081512,CCS425081512,HYZ,HYZ,HYZ,HYZ,HYZ,False,/home/ubuntu/sunlong/gcms_consistency_old/new_prepared_data/tensors/20250821/HYZ/1960_B22_1538_425081512.npz
B22_1539_425081515,/home/ubuntu/sunlong/gcms_consistency_old/dataset/20250821/1539#HYZCCS425081515.D,1539#HYZCCS425081515.D,22,20250821,1539.0,HYZ,云烟（紫）,C,425081515,CCS425081515,HYZ,HYZ,HYZ,HYZ,HYZ,False,/home/ubuntu/sunlong/gcms_consistency_old/new_prepared_data/tensors/20250821/HYZ/1961_B22_1539_425081515.npz
B22_1540_125081510,/home/ubuntu/sunlong/gcms_consistency_old/dataset/20250821/1540#RJDACS125081510.D,1540#RJDACS125081510.D,22,20250821,1540.0,RJD,红塔山（软经典）,A,125081510,ACS125081510,RJD,RJD,RJD,RJD,RJD,False,/home/ubuntu/sunlong/gcms_consistency_old/new_prepared_data/tensors/20250821/RJD/1962_B22_1540_125081510.npz
B22_1541_125081507,/home/ubuntu/sunlong/gcms_consistency_old/dataset/20250821/1541#YJDACS125081507.D,1541#YJDACS125081507.D,22,20250821,1541.0,YJD,红塔山（硬经典）,A,125081507,ACS125081507,YJD,YJD,YJD,YJD,YJD,False,/home/ubuntu/sunlong/gcms_consistency_old/new_prepared_data/tensors/20250821/YJD/1963_B22_1541_125081507.npz
B22_1542_125081508,/home/ubuntu/sunlong/gcms_consistency_old/dataset/20250821/1542#YJDACS125081508.D,1542#YJDACS125081508.D,22,20250821,1542.0,YJD,红塔山（硬经典）,A,125081508,ACS125081508,YJD,YJD,YJD,YJD,YJD,False,/home/ubuntu/sunlong/gcms_consistency_old/new_prepared_data/tensors/20250821/YJD/1964_B22_1542_125081508.npz
B22_1543_425081601,/home/ubuntu/sunlong/gcms_consistency_old/dataset/20250821/1543#H88ACS425081601.D,1543#H88ACS425081601.D,22,20250821,1543.0,H88,红河（88）,A,425081601,ACS425081601,H88,H88,H88,H88,H88,False,/home/ubuntu/sunlong/gcms_consistency_old/new_prepared_data/tensors/20250821/H88/1965_B22_1543_425081601.npz
B22_1544_425081604,/home/ubuntu/sunlong/gcms_consistency_old/dataset/20250821/1544#H88ACS425081604.D,1544#H88ACS425081604.D,22,20250821,1544.0,H88,红河（88）,A,425081604,ACS425081604,H88,H88,H88,H88,H88,False,/home/ubuntu/sunlong/gcms_consistency_old/new_prepared_data/tensors/20250821/H88/1966_B22_1544_425081604.npz
B22_1545_425081607,/home/ubuntu/sunlong/gcms_consistency_old/dataset/20250821/1545#H88ACS425081607.D,1545#H88ACS425081607.D,22,20250821,1545.0,H88,红河（88）,A,425081607,ACS425081607,H88,H88,H88,H88,H88,False,/home/ubuntu/sunlong/gcms_consistency_old/new_prepared_data/tensors/20250821/H88/1967_B22_1545_425081607.npz
B22_1546_425081602,/home/ubuntu/sunlong/gcms_consistency_old/dataset/20250821/1546#HYZBCS425081602.D,1546#HYZBCS425081602.D,22,20250821,1546.0,HYZ,云烟（紫）,B,425081602,BCS425081602,HYZ,HYZ,HYZ,HYZ,HYZ,False,/home/ubuntu/sunlong/gcms_consistency_old/new_prepared_data/tensors/20250821/HYZ/1968_B22_1546_425081602.npz
B22_1547_425081605,/home/ubuntu/sunlong/gcms_consistency_old/dataset/20250821/1547#HYZBCS425081605.D,1547#HYZBCS425081605.D,22,20250821,1547.0,HYZ,云烟（紫）,B,425081605,BCS425081605,HYZ,HYZ,HYZ,HYZ,HYZ,False,/home/ubuntu/sunlong/gcms_consistency_old/new_prepared_data/tensors/20250821/HYZ/1969_B22_1547_425081605.npz
B22_1548_425081608,/home/ubuntu/sunlong/gcms_consistency_old/dataset/20250821/1548#HYZBCS425081608.D,1548#HYZBCS425081608.D,22,20250821,1548.0,HYZ,云烟（紫）,B,425081608,BCS425081608,HYZ,HYZ,HYZ,HYZ,HYZ,False,/home/ubuntu/sunlong/gcms_consistency_old/new_prepared_data/tensors/20250821/HYZ/1970_B22_1548_425081608.npz
B22_1549_425081610,/home/ubuntu/sunlong/gcms_consistency_old/dataset/20250821/1549#HYZBCS425081610.D,1549#HYZBCS425081610.D,22,20250821,1549.0,HYZ,云烟（紫）,B,425081610,BCS425081610,HYZ,HYZ,HYZ,HYZ,HYZ,False,/home/ubuntu/sunlong/gcms_consistency_old/new_prepared_data/tensors/20250821/HYZ/1971_B22_1549_425081610.npz
B22_1550_425081611,/home/ubuntu/sunlong/gcms_consistency_old/dataset/20250821/1550#HYZCCS425081611.D,1550#HYZCCS425081611.D,22,20250821,1550.0,HYZ,云烟（紫）,C,425081611,CCS425081611,HYZ,HYZ,HYZ,HYZ,HYZ,False,/home/ubuntu/sunlong/gcms_consistency_old/new_prepared_data/tensors/20250821/HYZ/1972_B22_1550_425081611.npz
B22_1551_425081612,/home/ubuntu/sunlong/gcms_consistency_old/dataset/20250821/1551#HYZCCS425081612.D,1551#HYZCCS425081612.D,22,20250821,1551.0,HYZ,云烟（紫）,C,425081612,CCS425081612,HYZ,HYZ,HYZ,HYZ,HYZ,False,/home/ubuntu/sunlong/gcms_consistency_old/new_prepared_data/tensors/20250821/HYZ/1973_B22_1551_425081612.npz
B22_1552_425081613,/home/ubuntu/sunlong/gcms_consistency_old/dataset/20250821/1552#HYZCCS425081613.D,1552#HYZCCS425081613.D,22,20250821,1552.0,HYZ,云烟（紫）,C,425081613,CCS425081613,HYZ,HYZ,HYZ,HYZ,HYZ,False,/home/ubuntu/sunlong/gcms_consistency_old/new_prepared_data/tensors/20250821/HYZ/1974_B22_1552_425081613.npz
B22_1553_425081803,/home/ubuntu/sunlong/gcms_consistency_old/dataset/20250821/1553#H88ACS425081803.D,1553#H88ACS425081803.D,22,20250821,1553.0,H88,红河（88）,A,425081803,ACS425081803,H88,H88,H88,H88,H88,False,/home/ubuntu/sunlong/gcms_consistency_old/new_prepared_data/tensors/20250821/H88/1975_B22_1553_425081803.npz
B22_1554_425081805,/home/ubuntu/sunlong/gcms_consistency_old/dataset/20250821/1554#H88ACS425081805.D,1554#H88ACS425081805.D,22,20250821,1554.0,H88,红河（88）,A,425081805,ACS425081805,H88,H88,H88,H88,H88,False,/home/ubuntu/sunlong/gcms_consistency_old/new_prepared_data/tensors/20250821/H88/1976_B22_1554_425081805.npz
B22_1555_425081808,/home/ubuntu/sunlong/gcms_consistency_old/dataset/20250821/1555#H88ACS425081808.D,1555#H88ACS425081808.D,22,20250821,1555.0,H88,红河（88）,A,425081808,ACS425081808,H88,H88,H88,H88,H88,False,/home/ubuntu/sunlong/gcms_consistency_old/new_prepared_data/tensors/20250821/H88/1977_B22_1555_425081808.npz
B22_1556_425081812,/home/ubuntu/sunlong/gcms_consistency_old/dataset/20250821/1556#H88ACS425081812.D,1556#H88ACS425081812.D,22,20250821,1556.0,H88,红河（88）,A,425081812,ACS425081812,H88,H88,H88,H88,H88,False,/home/ubuntu/sunlong/gcms_consistency_old/new_prepared_data/tensors/20250821/H88/1978_B22_1556_425081812.npz
B22_1557_125081802,/home/ubuntu/sunlong/gcms_consistency_old/dataset/20250821/1557#H99CCS125081802.D,1557#H99CCS125081802.D,22,20250821,1557.0,H99,红河（99）,C,125081802,CCS125081802,H99,H99,H99,H99,H99,False,/home/ubuntu/sunlong/gcms_consistency_old/new_prepared_data/tensors/20250821/H99/1979_B22_1557_125081802.npz
B22_1558_125081804,/home/ubuntu/sunlong/gcms_consistency_old/dataset/20250821/1558#H99CCS125081804.D,1558#H99CCS125081804.D,22,20250821,1558.0,H99,红河（99）,C,125081804,CCS125081804,H99,H99,H99,H99,H99,False,/home/ubuntu/sunlong/gcms_consistency_old/new_prepared_data/tensors/20250821/H99/1980_B22_1558_125081804.npz
B22_1559_125081805,/home/ubuntu/sunlong/gcms_consistency_old/dataset/20250821/1559#HRJBCS125081805.D,1559#HRJBCS125081805.D,22,20250821,1559.0,HRJ,红河（软甲）,B,125081805,BCS125081805,HRJ,HRJ,HRJ,HRJ,HRJ,False,/home/ubuntu/sunlong/gcms_consistency_old/new_prepared_data/tensors/20250821/HRJ/1981_B22_1559_125081805.npz
B22_1560_425081801,/home/ubuntu/sunlong/gcms_consistency_old/dataset/20250821/1560#HYZBCS425081801.D,1560#HYZBCS425081801.D,22,20250821,1560.0,HYZ,云烟（紫）,B,425081801,BCS425081801,HYZ,HYZ,HYZ,HYZ,HYZ,False,/home/ubuntu/sunlong/gcms_consistency_old/new_prepared_data/tensors/20250821/HYZ/1982_B22_1560_425081801.npz
B22_1561_425081802,/home/ubuntu/sunlong/gcms_consistency_old/dataset/20250821/1561#HYZBCS425081802.D,1561#HYZBCS425081802.D,22,20250821,1561.0,HYZ,云烟（紫）,B,425081802,BCS425081802,HYZ,HYZ,HYZ,HYZ,HYZ,False,/home/ubuntu/sunlong/gcms_consistency_old/new_prepared_data/tensors/20250821/HYZ/1983_B22_1561_425081802.npz
B22_1562_425081807,/home/ubuntu/sunlong/gcms_consistency_old/dataset/20250821/1562#HYZBCS425081807.D,1562#HYZBCS425081807.D,22,20250821,1562.0,HYZ,云烟（紫）,B,425081807,BCS425081807,HYZ,HYZ,HYZ,HYZ,HYZ,False,/home/ubuntu/sunlong/gcms_consistency_old/new_prepared_data/tensors/20250821/HYZ/1984_B22_1562_425081807.npz
B22_1563_425081810,/home/ubuntu/sunlong/gcms_consistency_old/dataset/20250821/1563#HYZBCS425081810.D,1563#HYZBCS425081810.D,22,20250821,1563.0,HYZ,云烟（紫）,B,425081810,BCS425081810,HYZ,HYZ,HYZ,HYZ,HYZ,False,/home/ubuntu/sunlong/gcms_consistency_old/new_prepared_data/tensors/20250821/HYZ/1985_B22_1563_425081810.npz
B22_1564_425081811,/home/ubuntu/sunlong/gcms_consistency_old/dataset/20250821/1564#HYZBCS425081811.D,1564#HYZBCS425081811.D,22,20250821,1564.0,HYZ,云烟（紫）,B,425081811,BCS425081811,HYZ,HYZ,HYZ,HYZ,HYZ,False,/home/ubuntu/sunlong/gcms_consistency_old/new_prepared_data/tensors/20250821/HYZ/1986_B22_1564_425081811.npz
B22_1565_425081804,/home/ubuntu/sunlong/gcms_consistency_old/dataset/20250821/1565#HYZCCS425081804.D,1565#HYZCCS425081804.D,22,20250821,1565.0,HYZ,云烟（紫）,C,425081804,CCS425081804,HYZ,HYZ,HYZ,HYZ,HYZ,False,/home/ubuntu/sunlong/gcms_consistency_old/new_prepared_data/tensors/20250821/HYZ/1987_B22_1565_425081804.npz
B22_1566_425081806,/home/ubuntu/sunlong/gcms_consistency_old/dataset/20250821/1566#HYZCCS425081806.D,1566#HYZCCS425081806.D,22,20250821,1566.0,HYZ,云烟（紫）,C,425081806,CCS425081806,HYZ,HYZ,HYZ,HYZ,HYZ,False,/home/ubuntu/sunlong/gcms_consistency_old/new_prepared_data/tensors/20250821/HYZ/1988_B22_1566_425081806.npz
B22_1567_425081809,/home/ubuntu/sunlong/gcms_consistency_old/dataset/20250821/1567#HYZCCS425081809.D,1567#HYZCCS425081809.D,22,20250821,1567.0,HYZ,云烟（紫）,C,425081809,CCS425081809,HYZ,HYZ,HYZ,HYZ,HYZ,False,/home/ubuntu/sunlong/gcms_consistency_old/new_prepared_data/tensors/20250821/HYZ/1989_B22_1567_425081809.npz
B22_1568_125081801,/home/ubuntu/sunlong/gcms_consistency_old/dataset/20250821/1568#RJDACS125081801.D,1568#RJDACS125081801.D,22,20250821,1568.0,RJD,红塔山（软经典）,A,125081801,ACS125081801,RJD,RJD,RJD,RJD,RJD,False,/home/ubuntu/sunlong/gcms_consistency_old/new_prepared_data/tensors/20250821/RJD/1990_B22_1568_125081801.npz
B22_1569_125081803,/home/ubuntu/sunlong/gcms_consistency_old/dataset/20250821/1569#YJDACS125081803.D,1569#YJDACS125081803.D,22,20250821,1569.0,YJD,红塔山（硬经典）,A,125081803,ACS125081803,YJD,YJD,YJD,YJD,YJD,False,/home/ubuntu/sunlong/gcms_consistency_old/new_prepared_data/tensors/20250821/YJD/1991_B22_1569_125081803.npz
B22_1570_425081901,/home/ubuntu/sunlong/gcms_consistency_old/dataset/20250821/1570#H88ACS425081901.D,1570#H88ACS425081901.D,22,20250821,1570.0,H88,红河（88）,A,425081901,ACS425081901,H88,H88,H88,H88,H88,False,/home/ubuntu/sunlong/gcms_consistency_old/new_prepared_data/tensors/20250821/H88/1992_B22_1570_425081901.npz
B22_1571_425081908,/home/ubuntu/sunlong/gcms_consistency_old/dataset/20250821/1571#H88ACS425081908.D,1571#H88ACS425081908.D,22,20250821,1571.0,H88,红河（88）,A,425081908,ACS425081908,H88,H88,H88,H88,H88,False,/home/ubuntu/sunlong/gcms_consistency_old/new_prepared_data/tensors/20250821/H88/1993_B22_1571_425081908.npz
B22_1572_425081911,/home/ubuntu/sunlong/gcms_consistency_old/dataset/20250821/1572#H88ACS425081911.D,1572#H88ACS425081911.D,22,20250821,1572.0,H88,红河（88）,A,425081911,ACS425081911,H88,H88,H88,H88,H88,False,/home/ubuntu/sunlong/gcms_consistency_old/new_prepared_data/tensors/20250821/H88/1994_B22_1572_425081911.npz
B22_1573_425081914,/home/ubuntu/sunlong/gcms_consistency_old/dataset/20250821/1573#H88ACS425081914.D,1573#H88ACS425081914.D,22,20250821,1573.0,H88,红河（88）,A,425081914,ACS425081914,H88,H88,H88,H88,H88,False,/home/ubuntu/sunlong/gcms_consistency_old/new_prepared_data/tensors/20250821/H88/1995_B22_1573_425081914.npz
B22_1574_125081903,/home/ubuntu/sunlong/gcms_consistency_old/dataset/20250821/1574#H99CCS125081903.D,1574#H99CCS125081903.D,22,20250821,1574.0,H99,红河（99）,C,125081903,CCS125081903,H99,H99,H99,H99,H99,False,/home/ubuntu/sunlong/gcms_consistency_old/new_prepared_data/tensors/20250821/H99/1996_B22_1574_125081903.npz
B22_1575_125081905,/home/ubuntu/sunlong/gcms_consistency_old/dataset/20250821/1575#H99CCS125081905.D,1575#H99CCS125081905.D,22,20250821,1575.0,H99,红河（99）,C,125081905,CCS125081905,H99,H99,H99,H99,H99,False,/home/ubuntu/sunlong/gcms_consistency_old/new_prepared_data/tensors/20250821/H99/1997_B22_1575_125081905.npz
B22_1576_125081904,/home/ubuntu/sunlong/gcms_consistency_old/dataset/20250821/1576#HMDACS125081904.D,1576#HMDACS125081904.D,22,20250821,1576.0,HMD,牡丹（软）,A,125081904,ACS125081904,HMD,HMD,HMD,HMD,HMD,False,/home/ubuntu/sunlong/gcms_consistency_old/new_prepared_data/tensors/20250821/HMD/1998_B22_1576_125081904.npz
B22_1577_125081906,/home/ubuntu/sunlong/gcms_consistency_old/dataset/20250821/1577#HRJBCS125081906.D,1577#HRJBCS125081906.D,22,20250821,1577.0,HRJ,红河（软甲）,B,125081906,BCS125081906,HRJ,HRJ,HRJ,HRJ,HRJ,False,/home/ubuntu/sunlong/gcms_consistency_old/new_prepared_data/tensors/20250821/HRJ/1999_B22_1577_125081906.npz
B22_1578_425081902,/home/ubuntu/sunlong/gcms_consistency_old/dataset/20250821/1578#HYZBCS425081902.D,1578#HYZBCS425081902.D,22,20250821,1578.0,HYZ,云烟（紫）,B,425081902,BCS425081902,HYZ,HYZ,HYZ,HYZ,HYZ,False,/home/ubuntu/sunlong/gcms_consistency_old/new_prepared_data/tensors/20250821/HYZ/2000_B22_1578_425081902.npz
B22_1579_425081904,/home/ubuntu/sunlong/gcms_consistency_old/dataset/20250821/1579#HYZBCS425081904.D,1579#HYZBCS425081904.D,22,20250821,1579.0,HYZ,云烟（紫）,B,425081904,BCS425081904,HYZ,HYZ,HYZ,HYZ,HYZ,False,/home/ubuntu/sunlong/gcms_consistency_old/new_prepared_data/tensors/20250821/HYZ/2001_B22_1579_425081904.npz
B22_1580_425081906,/home/ubuntu/sunlong/gcms_consistency_old/dataset/20250821/1580#HYZBCS425081906.D,1580#HYZBCS425081906.D,22,20250821,1580.0,HYZ,云烟（紫）,B,425081906,BCS425081906,HYZ,HYZ,HYZ,HYZ,HYZ,False,/home/ubuntu/sunlong/gcms_consistency_old/new_prepared_data/tensors/20250821/HYZ/2002_B22_1580_425081906.npz
B22_1581_425081909,/home/ubuntu/sunlong/gcms_consistency_old/dataset/20250821/1581#HYZBCS425081909.D,1581#HYZBCS425081909.D,22,20250821,1581.0,HYZ,云烟（紫）,B,425081909,BCS425081909,HYZ,HYZ,HYZ,HYZ,HYZ,False,/home/ubuntu/sunlong/gcms_consistency_old/new_prepared_data/tensors/20250821/HYZ/2003_B22_1581_425081909.npz
B22_1582_425081912,/home/ubuntu/sunlong/gcms_consistency_old/dataset/20250821/1582#HYZBCS425081912.D,1582#HYZBCS425081912.D,22,20250821,1582.0,HYZ,云烟（紫）,B,425081912,BCS425081912,HYZ,HYZ,HYZ,HYZ,HYZ,False,/home/ubuntu/sunlong/gcms_consistency_old/new_prepared_data/tensors/20250821/HYZ/2004_B22_1582_425081912.npz
B22_1583_425081915,/home/ubuntu/sunlong/gcms_consistency_old/dataset/20250821/1583#HYZBCS425081915.D,1583#HYZBCS425081915.D,22,20250821,1583.0,HYZ,云烟（紫）,B,425081915,BCS425081915,HYZ,HYZ,HYZ,HYZ,HYZ,False,/home/ubuntu/sunlong/gcms_consistency_old/new_prepared_data/tensors/20250821/HYZ/2005_B22_1583_425081915.npz
B22_1584_425081903,/home/ubuntu/sunlong/gcms_consistency_old/dataset/20250821/1584#HYZCCS425081903.D,1584#HYZCCS425081903.D,22,20250821,1584.0,HYZ,云烟（紫）,C,425081903,CCS425081903,HYZ,HYZ,HYZ,HYZ,HYZ,False,/home/ubuntu/sunlong/gcms_consistency_old/new_prepared_data/tensors/20250821/HYZ/2006_B22_1584_425081903.npz
B22_1585_425081905,/home/ubuntu/sunlong/gcms_consistency_old/dataset/20250821/1585#HYZCCS425081905.D,1585#HYZCCS425081905.D,22,20250821,1585.0,HYZ,云烟（紫）,C,425081905,CCS425081905,HYZ,HYZ,HYZ,HYZ,HYZ,False,/home/ubuntu/sunlong/gcms_consistency_old/new_prepared_data/tensors/20250821/HYZ/2007_B22_1585_425081905.npz
B22_1586_425081907,/home/ubuntu/sunlong/gcms_consistency_old/dataset/20250821/1586#HYZCCS425081907.D,1586#HYZCCS425081907.D,22,20250821,1586.0,HYZ,云烟（紫）,C,425081907,CCS425081907,HYZ,HYZ,HYZ,HYZ,HYZ,False,/home/ubuntu/sunlong/gcms_consistency_old/new_prepared_data/tensors/20250821/HYZ/2008_B22_1586_425081907.npz
B22_1587_425081910,/home/ubuntu/sunlong/gcms_consistency_old/dataset/20250821/1587#HYZCCS425081910.D,1587#HYZCCS425081910.D,22,20250821,1587.0,HYZ,云烟（紫）,C,425081910,CCS425081910,HYZ,HYZ,HYZ,HYZ,HYZ,False,/home/ubuntu/sunlong/gcms_consistency_old/new_prepared_data/tensors/20250821/HYZ/2009_B22_1587_425081910.npz
B22_1588_425081913,/home/ubuntu/sunlong/gcms_consistency_old/dataset/20250821/1588#HYZCCS425081913.D,1588#HYZCCS425081913.D,22,20250821,1588.0,HYZ,云烟（紫）,C,425081913,CCS425081913,HYZ,HYZ,HYZ,HYZ,HYZ,False,/home/ubuntu/sunlong/gcms_consistency_old/new_prepared_data/tensors/20250821/HYZ/2010_B22_1588_425081913.npz
B22_1589_125081901,/home/ubuntu/sunlong/gcms_consistency_old/dataset/20250821/1589#YJDACS125081901.D,1589#YJDACS125081901.D,22,20250821,1589.0,YJD,红塔山（硬经典）,A,125081901,ACS125081901,YJD,YJD,YJD,YJD,YJD,False,/home/ubuntu/sunlong/gcms_consistency_old/new_prepared_data/tensors/20250821/YJD/2011_B22_1589_125081901.npz
B22_1590_125081902,/home/ubuntu/sunlong/gcms_consistency_old/dataset/20250821/1590#YJDACS125081902.D,1590#YJDACS125081902.D,22,20250821,1590.0,YJD,红塔山（硬经典）,A,125081902,ACS125081902,YJD,YJD,YJD,YJD,YJD,False,/home/ubuntu/sunlong/gcms_consistency_old/new_prepared_data/tensors/20250821/YJD/2012_B22_1590_125081902.npz
B22_1591_425082008,/home/ubuntu/sunlong/gcms_consistency_old/dataset/20250821/1591#H88ACS425082008.D,1591#H88ACS425082008.D,22,20250821,1591.0,H88,红河（88）,A,425082008,ACS425082008,H88,H88,H88,H88,H88,False,/home/ubuntu/sunlong/gcms_consistency_old/new_prepared_data/tensors/20250821/H88/2013_B22_1591_425082008.npz
B22_1592_425082010,/home/ubuntu/sunlong/gcms_consistency_old/dataset/20250821/1592#H88ACS425082010.D,1592#H88ACS425082010.D,22,20250821,1592.0,H88,红河（88）,A,425082010,ACS425082010,H88,H88,H88,H88,H88,False,/home/ubuntu/sunlong/gcms_consistency_old/new_prepared_data/tensors/20250821/H88/2014_B22_1592_425082010.npz
B22_1593_125082006,/home/ubuntu/sunlong/gcms_consistency_old/dataset/20250821/1593#H99CCS125082006.D,1593#H99CCS125082006.D,22,20250821,1593.0,H99,红河（99）,C,125082006,CCS125082006,H99,H99,H99,H99,H99,False,/home/ubuntu/sunlong/gcms_consistency_old/new_prepared_data/tensors/20250821/H99/2015_B22_1593_125082006.npz
B22_1594_125082007,/home/ubuntu/sunlong/gcms_consistency_old/dataset/20250821/1594#H99CCS125082007.D,1594#H99CCS125082007.D,22,20250821,1594.0,H99,红河（99）,C,125082007,CCS125082007,H99,H99,H99,H99,H99,False,/home/ubuntu/sunlong/gcms_consistency_old/new_prepared_data/tensors/20250821/H99/2016_B22_1594_125082007.npz
B22_1595_125082001,/home/ubuntu/sunlong/gcms_consistency_old/dataset/20250821/1595#HMDACS125082001.D,1595#HMDACS125082001.D,22,20250821,1595.0,HMD,牡丹（软）,A,125082001,ACS125082001,HMD,HMD,HMD,HMD,HMD,False,/home/ubuntu/sunlong/gcms_consistency_old/new_prepared_data/tensors/20250821/HMD/2017_B22_1595_125082001.npz
B22_1596_125082002,/home/ubuntu/sunlong/gcms_consistency_old/dataset/20250821/1596#HMDACS125082002.D,1596#HMDACS125082002.D,22,20250821,1596.0,HMD,牡丹（软）,A,125082002,ACS125082002,HMD,HMD,HMD,HMD,HMD,False,/home/ubuntu/sunlong/gcms_consistency_old/new_prepared_data/tensors/20250821/HMD/2018_B22_1596_125082002.npz
B22_1597_125082004,/home/ubuntu/sunlong/gcms_consistency_old/dataset/20250821/1597#HRJBCS125082004.D,1597#HRJBCS125082004.D,22,20250821,1597.0,HRJ,红河（软甲）,B,125082004,BCS125082004,HRJ,HRJ,HRJ,HRJ,HRJ,False,/home/ubuntu/sunlong/gcms_consistency_old/new_prepared_data/tensors/20250821/HRJ/2019_B22_1597_125082004.npz
B22_1598_425082007,/home/ubuntu/sunlong/gcms_consistency_old/dataset/20250821/1598#HYABCS425082007.D,1598#HYABCS425082007.D,22,20250821,1598.0,HYA,HYA,B,425082007,BCS425082007,HYA,HYA,HYA,HYA,HYA,True,/home/ubuntu/sunlong/gcms_consistency_old/new_prepared_data/tensors/20250821/HYA/2020_B22_1598_425082007.npz
B22_1599_425082001,/home/ubuntu/sunlong/gcms_consistency_old/dataset/20250821/1599#HYZBCS425082001.D,1599#HYZBCS425082001.D,22,20250821,1599.0,HYZ,云烟（紫）,B,425082001,BCS425082001,HYZ,HYZ,HYZ,HYZ,HYZ,False,/home/ubuntu/sunlong/gcms_consistency_old/new_prepared_data/tensors/20250821/HYZ/2021_B22_1599_425082001.npz
B22_1600_425082003,/home/ubuntu/sunlong/gcms_consistency_old/dataset/20250821/1600#HYZBCS425082003.D,1600#HYZBCS425082003.D,22,20250821,1600.0,HYZ,云烟（紫）,B,425082003,BCS425082003,HYZ,HYZ,HYZ,HYZ,HYZ,False,/home/ubuntu/sunlong/gcms_consistency_old/new_prepared_data/tensors/20250821/HYZ/2022_B22_1600_425082003.npz
B22_1601_425082009,/home/ubuntu/sunlong/gcms_consistency_old/dataset/20250821/1601#HYZBCS425082009.D,1601#HYZBCS425082009.D,22,20250821,1601.0,HYZ,云烟（紫）,B,425082009,BCS425082009,HYZ,HYZ,HYZ,HYZ,HYZ,False,/home/ubuntu/sunlong/gcms_consistency_old/new_prepared_data/tensors/20250821/HYZ/2023_B22_1601_425082009.npz
B22_1602_425082011,/home/ubuntu/sunlong/gcms_consistency_old/dataset/20250821/1602#HYZBCS425082011.D,1602#HYZBCS425082011.D,22,20250821,1602.0,HYZ,云烟（紫）,B,425082011,BCS425082011,HYZ,HYZ,HYZ,HYZ,HYZ,False,/home/ubuntu/sunlong/gcms_consistency_old/new_prepared_data/tensors/20250821/HYZ/2024_B22_1602_425082011.npz
B22_1603_425082002,/home/ubuntu/sunlong/gcms_consistency_old/dataset/20250821/1603#HYZCCS425082002.D,1603#HYZCCS425082002.D,22,20250821,1603.0,HYZ,云烟（紫）,C,425082002,CCS425082002,HYZ,HYZ,HYZ,HYZ,HYZ,False,/home/ubuntu/sunlong/gcms_consistency_old/new_prepared_data/tensors/20250821/HYZ/2025_B22_1603_425082002.npz
B22_1604_425082004,/home/ubuntu/sunlong/gcms_consistency_old/dataset/20250821/1604#HYZCCS425082004.D,1604#HYZCCS425082004.D,22,20250821,1604.0,HYZ,云烟（紫）,C,425082004,CCS425082004,HYZ,HYZ,HYZ,HYZ,HYZ,False,/home/ubuntu/sunlong/gcms_consistency_old/new_prepared_data/tensors/20250821/HYZ/2026_B22_1604_425082004.npz
B22_1605_425082005,/home/ubuntu/sunlong/gcms_consistency_old/dataset/20250821/1605#HYZCCS425082005.D,1605#HYZCCS425082005.D,22,20250821,1605.0,HYZ,云烟（紫）,C,425082005,CCS425082005,HYZ,HYZ,HYZ,HYZ,HYZ,False,/home/ubuntu/sunlong/gcms_consistency_old/new_prepared_data/tensors/20250821/HYZ/2027_B22_1605_425082005.npz
B22_1606_425082006,/home/ubuntu/sunlong/gcms_consistency_old/dataset/20250821/1606#HYZCCS425082006.D,1606#HYZCCS425082006.D,22,20250821,1606.0,HYZ,云烟（紫）,C,425082006,CCS425082006,HYZ,HYZ,HYZ,HYZ,HYZ,False,/home/ubuntu/sunlong/gcms_consistency_old/new_prepared_data/tensors/20250821/HYZ/2028_B22_1606_425082006.npz
B22_1607_125082003,/home/ubuntu/sunlong/gcms_consistency_old/dataset/20250821/1607#YJDACS125082003.D,1607#YJDACS125082003.D,22,20250821,1607.0,YJD,红塔山（硬经典）,A,125082003,ACS125082003,YJD,YJD,YJD,YJD,YJD,False,/home/ubuntu/sunlong/gcms_consistency_old/new_prepared_data/tensors/20250821/YJD/2029_B22_1607_125082003.npz
B22_1608_125082005,/home/ubuntu/sunlong/gcms_consistency_old/dataset/20250821/1608#YJDACS125082005.D,1608#YJDACS125082005.D,22,20250821,1608.0,YJD,红塔山（硬经典）,A,125082005,ACS125082005,YJD,YJD,YJD,YJD,YJD,False,/home/ubuntu/sunlong/gcms_consistency_old/new_prepared_data/tensors/20250821/YJD/2030_B22_1608_125082005.npz
B23_0000_0#balnk,/home/ubuntu/sunlong/gcms_consistency_old/dataset/20250828/0#balnk.D,0#balnk.D,23,20250828,0.0,BLANK,空白样,,,0#balnk,BLANK,BLANK,BLANK,BLANK,BLANK,True,/home/ubuntu/sunlong/gcms_consistency_old/new_prepared_data/tensors/20250828/BLANK/2031_B23_0000_0_balnk.npz
B23_1609_425082109,/home/ubuntu/sunlong/gcms_consistency_old/dataset/20250828/1609#H88ACS425082109.D,1609#H88ACS425082109.D,23,20250828,1609.0,H88,红河（88）,A,425082109,ACS425082109,H88,H88,H88,H88,H88,False,/home/ubuntu/sunlong/gcms_consistency_old/new_prepared_data/tensors/20250828/H88/2032_B23_1609_425082109.npz
B23_1610_425082107,/home/ubuntu/sunlong/gcms_consistency_old/dataset/20250828/1610#H88CCS425082107.D,1610#H88CCS425082107.D,23,20250828,1610.0,H88,红河（88）,C,425082107,CCS425082107,H88,H88,H88,H88,H88,False,/home/ubuntu/sunlong/gcms_consistency_old/new_prepared_data/tensors/20250828/H88/2033_B23_1610_425082107.npz
B23_1611_125082104,/home/ubuntu/sunlong/gcms_consistency_old/dataset/20250828/1611#H99CCS125082104.D,1611#H99CCS125082104.D,23,20250828,1611.0,H99,红河（99）,C,125082104,CCS125082104,H99,H99,H99,H99,H99,False,/home/ubuntu/sunlong/gcms_consistency_old/new_prepared_data/tensors/20250828/H99/2034_B23_1611_125082104.npz
B23_1612_125082105,/home/ubuntu/sunlong/gcms_consistency_old/dataset/20250828/1612#H99CCS125082105.D,1612#H99CCS125082105.D,23,20250828,1612.0,H99,红河（99）,C,125082105,CCS125082105,H99,H99,H99,H99,H99,False,/home/ubuntu/sunlong/gcms_consistency_old/new_prepared_data/tensors/20250828/H99/2035_B23_1612_125082105.npz
B23_1613_125082102,/home/ubuntu/sunlong/gcms_consistency_old/dataset/20250828/1613#HMDACS125082102.D,1613#HMDACS125082102.D,23,20250828,1613.0,HMD,牡丹（软）,A,125082102,ACS125082102,HMD,HMD,HMD,HMD,HMD,False,/home/ubuntu/sunlong/gcms_consistency_old/new_prepared_data/tensors/20250828/HMD/2036_B23_1613_125082102.npz
B23_1614_425082101,/home/ubuntu/sunlong/gcms_consistency_old/dataset/20250828/1614#HYZBCS425082101.D,1614#HYZBCS425082101.D,23,20250828,1614.0,HYZ,云烟（紫）,B,425082101,BCS425082101,HYZ,HYZ,HYZ,HYZ,HYZ,False,/home/ubuntu/sunlong/gcms_consistency_old/new_prepared_data/tensors/20250828/HYZ/2037_B23_1614_425082101.npz
B23_1615_425082103,/home/ubuntu/sunlong/gcms_consistency_old/dataset/20250828/1615#HYZBCS425082103.D,1615#HYZBCS425082103.D,23,20250828,1615.0,HYZ,云烟（紫）,B,425082103,BCS425082103,HYZ,HYZ,HYZ,HYZ,HYZ,False,/home/ubuntu/sunlong/gcms_consistency_old/new_prepared_data/tensors/20250828/HYZ/2038_B23_1615_425082103.npz
B23_1616_425082105,/home/ubuntu/sunlong/gcms_consistency_old/dataset/20250828/1616#HYZBCS425082105.D,1616#HYZBCS425082105.D,23,20250828,1616.0,HYZ,云烟（紫）,B,425082105,BCS425082105,HYZ,HYZ,HYZ,HYZ,HYZ,False,/home/ubuntu/sunlong/gcms_consistency_old/new_prepared_data/tensors/20250828/HYZ/2039_B23_1616_425082105.npz
B23_1617_425082108,/home/ubuntu/sunlong/gcms_consistency_old/dataset/20250828/1617#HYZBCS425082108.D,1617#HYZBCS425082108.D,23,20250828,1617.0,HYZ,云烟（紫）,B,425082108,BCS425082108,HYZ,HYZ,HYZ,HYZ,HYZ,False,/home/ubuntu/sunlong/gcms_consistency_old/new_prepared_data/tensors/20250828/HYZ/2040_B23_1617_425082108.npz
B23_1618_425082110,/home/ubuntu/sunlong/gcms_consistency_old/dataset/20250828/1618#HYZBCS425082110.D,1618#HYZBCS425082110.D,23,20250828,1618.0,HYZ,云烟（紫）,B,425082110,BCS425082110,HYZ,HYZ,HYZ,HYZ,HYZ,False,/home/ubuntu/sunlong/gcms_consistency_old/new_prepared_data/tensors/20250828/HYZ/2041_B23_1618_425082110.npz
B23_1619_425082111,/home/ubuntu/sunlong/gcms_consistency_old/dataset/20250828/1619#HYZBCS425082111.D,1619#HYZBCS425082111.D,23,20250828,1619.0,HYZ,云烟（紫）,B,425082111,BCS425082111,HYZ,HYZ,HYZ,HYZ,HYZ,False,/home/ubuntu/sunlong/gcms_consistency_old/new_prepared_data/tensors/20250828/HYZ/2042_B23_1619_425082111.npz
B23_1620_425082102,/home/ubuntu/sunlong/gcms_consistency_old/dataset/20250828/1620#HYZCCS425082102.D,1620#HYZCCS425082102.D,23,20250828,1620.0,HYZ,云烟（紫）,C,425082102,CCS425082102,HYZ,HYZ,HYZ,HYZ,HYZ,False,/home/ubuntu/sunlong/gcms_consistency_old/new_prepared_data/tensors/20250828/HYZ/2043_B23_1620_425082102.npz
B23_1621_425082104,/home/ubuntu/sunlong/gcms_consistency_old/dataset/20250828/1621#HYZCCS425082104.D,1621#HYZCCS425082104.D,23,20250828,1621.0,HYZ,云烟（紫）,C,425082104,CCS425082104,HYZ,HYZ,HYZ,HYZ,HYZ,False,/home/ubuntu/sunlong/gcms_consistency_old/new_prepared_data/tensors/20250828/HYZ/2044_B23_1621_425082104.npz
B23_1622_425082106,/home/ubuntu/sunlong/gcms_consistency_old/dataset/20250828/1622#HYZCCS425082106.D,1622#HYZCCS425082106.D,23,20250828,1622.0,HYZ,云烟（紫）,C,425082106,CCS425082106,HYZ,HYZ,HYZ,HYZ,HYZ,False,/home/ubuntu/sunlong/gcms_consistency_old/new_prepared_data/tensors/20250828/HYZ/2045_B23_1622_425082106.npz
B23_1623_125082101,/home/ubuntu/sunlong/gcms_consistency_old/dataset/20250828/1623#RJDACS125082101.D,1623#RJDACS125082101.D,23,20250828,1623.0,RJD,红塔山（软经典）,A,125082101,ACS125082101,RJD,RJD,RJD,RJD,RJD,False,/home/ubuntu/sunlong/gcms_consistency_old/new_prepared_data/tensors/20250828/RJD/2046_B23_1623_125082101.npz
B23_1624_125082103,/home/ubuntu/sunlong/gcms_consistency_old/dataset/20250828/1624#RJDACS125082103.D,1624#RJDACS125082103.D,23,20250828,1624.0,RJD,红塔山（软经典）,A,125082103,ACS125082103,RJD,RJD,RJD,RJD,RJD,False,/home/ubuntu/sunlong/gcms_consistency_old/new_prepared_data/tensors/20250828/RJD/2047_B23_1624_125082103.npz
B23_1625_425082201,/home/ubuntu/sunlong/gcms_consistency_old/dataset/20250828/1625#H88ACS425082201.D,1625#H88ACS425082201.D,23,20250828,1625.0,H88,红河（88）,A,425082201,ACS425082201,H88,H88,H88,H88,H88,False,/home/ubuntu/sunlong/gcms_consistency_old/new_prepared_data/tensors/20250828/H88/2048_B23_1625_425082201.npz
B23_1626_425082209,/home/ubuntu/sunlong/gcms_consistency_old/dataset/20250828/1626#H88ACS425082209.D,1626#H88ACS425082209.D,23,20250828,1626.0,H88,红河（88）,A,425082209,ACS425082209,H88,H88,H88,H88,H88,False,/home/ubuntu/sunlong/gcms_consistency_old/new_prepared_data/tensors/20250828/H88/2049_B23_1626_425082209.npz
B23_1627_425082211,/home/ubuntu/sunlong/gcms_consistency_old/dataset/20250828/1627#H88ACS425082211.D,1627#H88ACS425082211.D,23,20250828,1627.0,H88,红河（88）,A,425082211,ACS425082211,H88,H88,H88,H88,H88,False,/home/ubuntu/sunlong/gcms_consistency_old/new_prepared_data/tensors/20250828/H88/2050_B23_1627_425082211.npz
B23_1628_425082205,/home/ubuntu/sunlong/gcms_consistency_old/dataset/20250828/1628#H88CCS425082205.D,1628#H88CCS425082205.D,23,20250828,1628.0,H88,红河（88）,C,425082205,CCS425082205,H88,H88,H88,H88,H88,False,/home/ubuntu/sunlong/gcms_consistency_old/new_prepared_data/tensors/20250828/H88/2051_B23_1628_425082205.npz
B23_1629_425082207,/home/ubuntu/sunlong/gcms_consistency_old/dataset/20250828/1629#H88CCS425082207.D,1629#H88CCS425082207.D,23,20250828,1629.0,H88,红河（88）,C,425082207,CCS425082207,H88,H88,H88,H88,H88,False,/home/ubuntu/sunlong/gcms_consistency_old/new_prepared_data/tensors/20250828/H88/2052_B23_1629_425082207.npz
B23_1630_125082206,/home/ubuntu/sunlong/gcms_consistency_old/dataset/20250828/1630#H99CCS125082206.D,1630#H99CCS125082206.D,23,20250828,1630.0,H99,红河（99）,C,125082206,CCS125082206,H99,H99,H99,H99,H99,False,/home/ubuntu/sunlong/gcms_consistency_old/new_prepared_data/tensors/20250828/H99/2053_B23_1630_125082206.npz
B23_1631_125082207,/home/ubuntu/sunlong/gcms_consistency_old/dataset/20250828/1631#H99CCS125082207.D,1631#H99CCS125082207.D,23,20250828,1631.0,H99,红河（99）,C,125082207,CCS125082207,H99,H99,H99,H99,H99,False,/home/ubuntu/sunlong/gcms_consistency_old/new_prepared_data/tensors/20250828/H99/2054_B23_1631_125082207.npz
B23_1632_125082204,/home/ubuntu/sunlong/gcms_consistency_old/dataset/20250828/1632#HMDACS125082204.D,1632#HMDACS125082204.D,23,20250828,1632.0,HMD,牡丹（软）,A,125082204,ACS125082204,HMD,HMD,HMD,HMD,HMD,False,/home/ubuntu/sunlong/gcms_consistency_old/new_prepared_data/tensors/20250828/HMD/2055_B23_1632_125082204.npz
B23_1633_125082205,/home/ubuntu/sunlong/gcms_consistency_old/dataset/20250828/1633#HMDACS125082205.D,1633#HMDACS125082205.D,23,20250828,1633.0,HMD,牡丹（软）,A,125082205,ACS125082205,HMD,HMD,HMD,HMD,HMD,False,/home/ubuntu/sunlong/gcms_consistency_old/new_prepared_data/tensors/20250828/HMD/2056_B23_1633_125082205.npz
B23_1634_125082202,/home/ubuntu/sunlong/gcms_consistency_old/dataset/20250828/1634#HRJBCS125082202.D,1634#HRJBCS125082202.D,23,20250828,1634.0,HRJ,红河（软甲）,B,125082202,BCS125082202,HRJ,HRJ,HRJ,HRJ,HRJ,False,/home/ubuntu/sunlong/gcms_consistency_old/new_prepared_data/tensors/20250828/HRJ/2057_B23_1634_125082202.npz
B23_1635_425082202,/home/ubuntu/sunlong/gcms_consistency_old/dataset/20250828/1635#HYZBCS425082202.D,1635#HYZBCS425082202.D,23,20250828,1635.0,HYZ,云烟（紫）,B,425082202,BCS425082202,HYZ,HYZ,HYZ,HYZ,HYZ,False,/home/ubuntu/sunlong/gcms_consistency_old/new_prepared_data/tensors/20250828/HYZ/2058_B23_1635_425082202.npz
B23_1636_425082206,/home/ubuntu/sunlong/gcms_consistency_old/dataset/20250828/1636#HYZBCS425082206.D,1636#HYZBCS425082206.D,23,20250828,1636.0,HYZ,云烟（紫）,B,425082206,BCS425082206,HYZ,HYZ,HYZ,HYZ,HYZ,False,/home/ubuntu/sunlong/gcms_consistency_old/new_prepared_data/tensors/20250828/HYZ/2059_B23_1636_425082206.npz
B23_1637_425082208,/home/ubuntu/sunlong/gcms_consistency_old/dataset/20250828/1637#HYZBCS425082208.D,1637#HYZBCS425082208.D,23,20250828,1637.0,HYZ,云烟（紫）,B,425082208,BCS425082208,HYZ,HYZ,HYZ,HYZ,HYZ,False,/home/ubuntu/sunlong/gcms_consistency_old/new_prepared_data/tensors/20250828/HYZ/2060_B23_1637_425082208.npz
B23_1638_425082210,/home/ubuntu/sunlong/gcms_consistency_old/dataset/20250828/1638#HYZBCS425082210.D,1638#HYZBCS425082210.D,23,20250828,1638.0,HYZ,云烟（紫）,B,425082210,BCS425082210,HYZ,HYZ,HYZ,HYZ,HYZ,False,/home/ubuntu/sunlong/gcms_consistency_old/new_prepared_data/tensors/20250828/HYZ/2061_B23_1638_425082210.npz
B23_1639_425082212,/home/ubuntu/sunlong/gcms_consistency_old/dataset/20250828/1639#HYZBCS425082212.D,1639#HYZBCS425082212.D,23,20250828,1639.0,HYZ,云烟（紫）,B,425082212,BCS425082212,HYZ,HYZ,HYZ,HYZ,HYZ,False,/home/ubuntu/sunlong/gcms_consistency_old/new_prepared_data/tensors/20250828/HYZ/2062_B23_1639_425082212.npz
B23_1640_425082213,/home/ubuntu/sunlong/gcms_consistency_old/dataset/20250828/1640#HYZBCS425082213.D,1640#HYZBCS425082213.D,23,20250828,1640.0,HYZ,云烟（紫）,B,425082213,BCS425082213,HYZ,HYZ,HYZ,HYZ,HYZ,False,/home/ubuntu/sunlong/gcms_consistency_old/new_prepared_data/tensors/20250828/HYZ/2063_B23_1640_425082213.npz
B23_1641_425082203,/home/ubuntu/sunlong/gcms_consistency_old/dataset/20250828/1641#HYZCCS425082203.D,1641#HYZCCS425082203.D,23,20250828,1641.0,HYZ,云烟（紫）,C,425082203,CCS425082203,HYZ,HYZ,HYZ,HYZ,HYZ,False,/home/ubuntu/sunlong/gcms_consistency_old/new_prepared_data/tensors/20250828/HYZ/2064_B23_1641_425082203.npz
B23_1642_425082204,/home/ubuntu/sunlong/gcms_consistency_old/dataset/20250828/1642#HYZCCS425082204.D,1642#HYZCCS425082204.D,23,20250828,1642.0,HYZ,云烟（紫）,C,425082204,CCS425082204,HYZ,HYZ,HYZ,HYZ,HYZ,False,/home/ubuntu/sunlong/gcms_consistency_old/new_prepared_data/tensors/20250828/HYZ/2065_B23_1642_425082204.npz
B23_1643_125082201,/home/ubuntu/sunlong/gcms_consistency_old/dataset/20250828/1643#YJDACS125082201.D,1643#YJDACS125082201.D,23,20250828,1643.0,YJD,红塔山（硬经典）,A,125082201,ACS125082201,YJD,YJD,YJD,YJD,YJD,False,/home/ubuntu/sunlong/gcms_consistency_old/new_prepared_data/tensors/20250828/YJD/2066_B23_1643_125082201.npz
B23_1644_125082203,/home/ubuntu/sunlong/gcms_consistency_old/dataset/20250828/1644#YJDACS125082203.D,1644#YJDACS125082203.D,23,20250828,1644.0,YJD,红塔山（硬经典）,A,125082203,ACS125082203,YJD,YJD,YJD,YJD,YJD,False,/home/ubuntu/sunlong/gcms_consistency_old/new_prepared_data/tensors/20250828/YJD/2067_B23_1644_125082203.npz
B23_1645_425082302,/home/ubuntu/sunlong/gcms_consistency_old/dataset/20250828/1645#H88CCS425082302.D,1645#H88CCS425082302.D,23,20250828,1645.0,H88,红河（88）,C,425082302,CCS425082302,H88,H88,H88,H88,H88,False,/home/ubuntu/sunlong/gcms_consistency_old/new_prepared_data/tensors/20250828/H88/2068_B23_1645_425082302.npz
B23_1646_425082304,/home/ubuntu/sunlong/gcms_consistency_old/dataset/20250828/1646#H88CCS425082304.D,1646#H88CCS425082304.D,23,20250828,1646.0,H88,红河（88）,C,425082304,CCS425082304,H88,H88,H88,H88,H88,False,/home/ubuntu/sunlong/gcms_consistency_old/new_prepared_data/tensors/20250828/H88/2069_B23_1646_425082304.npz
B23_1647_125082305,/home/ubuntu/sunlong/gcms_consistency_old/dataset/20250828/1647#H99CCS125082305.D,1647#H99CCS125082305.D,23,20250828,1647.0,H99,红河（99）,C,125082305,CCS125082305,H99,H99,H99,H99,H99,False,/home/ubuntu/sunlong/gcms_consistency_old/new_prepared_data/tensors/20250828/H99/2070_B23_1647_125082305.npz
B23_1648_125082301,/home/ubuntu/sunlong/gcms_consistency_old/dataset/20250828/1648#HMDACS125082301.D,1648#HMDACS125082301.D,23,20250828,1648.0,HMD,牡丹（软）,A,125082301,ACS125082301,HMD,HMD,HMD,HMD,HMD,False,/home/ubuntu/sunlong/gcms_consistency_old/new_prepared_data/tensors/20250828/HMD/2071_B23_1648_125082301.npz
B23_1649_425082301,/home/ubuntu/sunlong/gcms_consistency_old/dataset/20250828/1649#HYZBCS425082301.D,1649#HYZBCS425082301.D,23,20250828,1649.0,HYZ,云烟（紫）,B,425082301,BCS425082301,HYZ,HYZ,HYZ,HYZ,HYZ,False,/home/ubuntu/sunlong/gcms_consistency_old/new_prepared_data/tensors/20250828/HYZ/2072_B23_1649_425082301.npz
B23_1650_425082303,/home/ubuntu/sunlong/gcms_consistency_old/dataset/20250828/1650#HYZBCS425082303.D,1650#HYZBCS425082303.D,23,20250828,1650.0,HYZ,云烟（紫）,B,425082303,BCS425082303,HYZ,HYZ,HYZ,HYZ,HYZ,False,/home/ubuntu/sunlong/gcms_consistency_old/new_prepared_data/tensors/20250828/HYZ/2073_B23_1650_425082303.npz
B23_1651_425082305,/home/ubuntu/sunlong/gcms_consistency_old/dataset/20250828/1651#HYZBCS425082305.D,1651#HYZBCS425082305.D,23,20250828,1651.0,HYZ,云烟（紫）,B,425082305,BCS425082305,HYZ,HYZ,HYZ,HYZ,HYZ,False,/home/ubuntu/sunlong/gcms_consistency_old/new_prepared_data/tensors/20250828/HYZ/2074_B23_1651_425082305.npz
B23_1652_425082307,/home/ubuntu/sunlong/gcms_consistency_old/dataset/20250828/1652#HYZBCS425082307.D,1652#HYZBCS425082307.D,23,20250828,1652.0,HYZ,云烟（紫）,B,425082307,BCS425082307,HYZ,HYZ,HYZ,HYZ,HYZ,False,/home/ubuntu/sunlong/gcms_consistency_old/new_prepared_data/tensors/20250828/HYZ/2075_B23_1652_425082307.npz
B23_1653_425082309,/home/ubuntu/sunlong/gcms_consistency_old/dataset/20250828/1653#HYZBCS425082309.D,1653#HYZBCS425082309.D,23,20250828,1653.0,HYZ,云烟（紫）,B,425082309,BCS425082309,HYZ,HYZ,HYZ,HYZ,HYZ,False,/home/ubuntu/sunlong/gcms_consistency_old/new_prepared_data/tensors/20250828/HYZ/2076_B23_1653_425082309.npz
B23_1654_425082310,/home/ubuntu/sunlong/gcms_consistency_old/dataset/20250828/1654#HYZBCS425082310.D,1654#HYZBCS425082310.D,23,20250828,1654.0,HYZ,云烟（紫）,B,425082310,BCS425082310,HYZ,HYZ,HYZ,HYZ,HYZ,False,/home/ubuntu/sunlong/gcms_consistency_old/new_prepared_data/tensors/20250828/HYZ/2077_B23_1654_425082310.npz
B23_1655_425082306,/home/ubuntu/sunlong/gcms_consistency_old/dataset/20250828/1655#HYZCCS425082306.D,1655#HYZCCS425082306.D,23,20250828,1655.0,HYZ,云烟（紫）,C,425082306,CCS425082306,HYZ,HYZ,HYZ,HYZ,HYZ,False,/home/ubuntu/sunlong/gcms_consistency_old/new_prepared_data/tensors/20250828/HYZ/2078_B23_1655_425082306.npz
B23_1656_425082308,/home/ubuntu/sunlong/gcms_consistency_old/dataset/20250828/1656#HYZCCS425082308.D,1656#HYZCCS425082308.D,23,20250828,1656.0,HYZ,云烟（紫）,C,425082308,CCS425082308,HYZ,HYZ,HYZ,HYZ,HYZ,False,/home/ubuntu/sunlong/gcms_consistency_old/new_prepared_data/tensors/20250828/HYZ/2079_B23_1656_425082308.npz
B23_1657_125082302,/home/ubuntu/sunlong/gcms_consistency_old/dataset/20250828/1657#RJDACS125082302.D,1657#RJDACS125082302.D,23,20250828,1657.0,RJD,红塔山（软经典）,A,125082302,ACS125082302,RJD,RJD,RJD,RJD,RJD,False,/home/ubuntu/sunlong/gcms_consistency_old/new_prepared_data/tensors/20250828/RJD/2080_B23_1657_125082302.npz
B23_1658_125082303,/home/ubuntu/sunlong/gcms_consistency_old/dataset/20250828/1658#RJDACS125082303.D,1658#RJDACS125082303.D,23,20250828,1658.0,RJD,红塔山（软经典）,A,125082303,ACS125082303,RJD,RJD,RJD,RJD,RJD,False,/home/ubuntu/sunlong/gcms_consistency_old/new_prepared_data/tensors/20250828/RJD/2081_B23_1658_125082303.npz
B23_1659_125082304,/home/ubuntu/sunlong/gcms_consistency_old/dataset/20250828/1659#YJDACS125082304.D,1659#YJDACS125082304.D,23,20250828,1659.0,YJD,红塔山（硬经典）,A,125082304,ACS125082304,YJD,YJD,YJD,YJD,YJD,False,/home/ubuntu/sunlong/gcms_consistency_old/new_prepared_data/tensors/20250828/YJD/2082_B23_1659_125082304.npz
B23_1660_425082505,/home/ubuntu/sunlong/gcms_consistency_old/dataset/20250828/1660#H88ACS425082505.D,1660#H88ACS425082505.D,23,20250828,1660.0,H88,红河（88）,A,425082505,ACS425082505,H88,H88,H88,H88,H88,False,/home/ubuntu/sunlong/gcms_consistency_old/new_prepared_data/tensors/20250828/H88/2083_B23_1660_425082505.npz
B23_1661_425082507,/home/ubuntu/sunlong/gcms_consistency_old/dataset/20250828/1661#H88ACS425082507.D,1661#H88ACS425082507.D,23,20250828,1661.0,H88,红河（88）,A,425082507,ACS425082507,H88,H88,H88,H88,H88,False,/home/ubuntu/sunlong/gcms_consistency_old/new_prepared_data/tensors/20250828/H88/2084_B23_1661_425082507.npz
B23_1662_425082502,/home/ubuntu/sunlong/gcms_consistency_old/dataset/20250828/1662#H88CCS425082502.D,1662#H88CCS425082502.D,23,20250828,1662.0,H88,红河（88）,C,425082502,CCS425082502,H88,H88,H88,H88,H88,False,/home/ubuntu/sunlong/gcms_consistency_old/new_prepared_data/tensors/20250828/H88/2085_B23_1662_425082502.npz
B23_1663_425082504,/home/ubuntu/sunlong/gcms_consistency_old/dataset/20250828/1663#H88CCS425082504.D,1663#H88CCS425082504.D,23,20250828,1663.0,H88,红河（88）,C,425082504,CCS425082504,H88,H88,H88,H88,H88,False,/home/ubuntu/sunlong/gcms_consistency_old/new_prepared_data/tensors/20250828/H88/2086_B23_1663_425082504.npz
B23_1664_125082504,/home/ubuntu/sunlong/gcms_consistency_old/dataset/20250828/1664#H99CCS125082504.D,1664#H99CCS125082504.D,23,20250828,1664.0,H99,红河（99）,C,125082504,CCS125082504,H99,H99,H99,H99,H99,False,/home/ubuntu/sunlong/gcms_consistency_old/new_prepared_data/tensors/20250828/H99/2087_B23_1664_125082504.npz
B23_1665_125082505,/home/ubuntu/sunlong/gcms_consistency_old/dataset/20250828/1665#H99CCS125082505.D,1665#H99CCS125082505.D,23,20250828,1665.0,H99,红河（99）,C,125082505,CCS125082505,H99,H99,H99,H99,H99,False,/home/ubuntu/sunlong/gcms_consistency_old/new_prepared_data/tensors/20250828/H99/2088_B23_1665_125082505.npz
B23_1666_125082503,/home/ubuntu/sunlong/gcms_consistency_old/dataset/20250828/1666#HRJBCS125082503.D,1666#HRJBCS125082503.D,23,20250828,1666.0,HRJ,红河（软甲）,B,125082503,BCS125082503,HRJ,HRJ,HRJ,HRJ,HRJ,False,/home/ubuntu/sunlong/gcms_consistency_old/new_prepared_data/tensors/20250828/HRJ/2089_B23_1666_125082503.npz
B23_1667_425082501,/home/ubuntu/sunlong/gcms_consistency_old/dataset/20250828/1667#HYZBCS425082501.D,1667#HYZBCS425082501.D,23,20250828,1667.0,HYZ,云烟（紫）,B,425082501,BCS425082501,HYZ,HYZ,HYZ,HYZ,HYZ,False,/home/ubuntu/sunlong/gcms_consistency_old/new_prepared_data/tensors/20250828/HYZ/2090_B23_1667_425082501.npz
B23_1668_425082503,/home/ubuntu/sunlong/gcms_consistency_old/dataset/20250828/1668#HYZBCS425082503.D,1668#HYZBCS425082503.D,23,20250828,1668.0,HYZ,云烟（紫）,B,425082503,BCS425082503,HYZ,HYZ,HYZ,HYZ,HYZ,False,/home/ubuntu/sunlong/gcms_consistency_old/new_prepared_data/tensors/20250828/HYZ/2091_B23_1668_425082503.npz
B23_1669_425082509,/home/ubuntu/sunlong/gcms_consistency_old/dataset/20250828/1669#HYZBCS425082509.D,1669#HYZBCS425082509.D,23,20250828,1669.0,HYZ,云烟（紫）,B,425082509,BCS425082509,HYZ,HYZ,HYZ,HYZ,HYZ,False,/home/ubuntu/sunlong/gcms_consistency_old/new_prepared_data/tensors/20250828/HYZ/2092_B23_1669_425082509.npz
B23_1670_425082510,/home/ubuntu/sunlong/gcms_consistency_old/dataset/20250828/1670#HYZBCS425082510.D,1670#HYZBCS425082510.D,23,20250828,1670.0,HYZ,云烟（紫）,B,425082510,BCS425082510,HYZ,HYZ,HYZ,HYZ,HYZ,False,/home/ubuntu/sunlong/gcms_consistency_old/new_prepared_data/tensors/20250828/HYZ/2093_B23_1670_425082510.npz
B23_1671_425082511,/home/ubuntu/sunlong/gcms_consistency_old/dataset/20250828/1671#HYZBCS425082511.D,1671#HYZBCS425082511.D,23,20250828,1671.0,HYZ,云烟（紫）,B,425082511,BCS425082511,HYZ,HYZ,HYZ,HYZ,HYZ,False,/home/ubuntu/sunlong/gcms_consistency_old/new_prepared_data/tensors/20250828/HYZ/2094_B23_1671_425082511.npz
B23_1672_425082506,/home/ubuntu/sunlong/gcms_consistency_old/dataset/20250828/1672#HYZCCS425082506.D,1672#HYZCCS425082506.D,23,20250828,1672.0,HYZ,云烟（紫）,C,425082506,CCS425082506,HYZ,HYZ,HYZ,HYZ,HYZ,False,/home/ubuntu/sunlong/gcms_consistency_old/new_prepared_data/tensors/20250828/HYZ/2095_B23_1672_425082506.npz
B23_1673_425082508,/home/ubuntu/sunlong/gcms_consistency_old/dataset/20250828/1673#HYZCCS425082508.D,1673#HYZCCS425082508.D,23,20250828,1673.0,HYZ,云烟（紫）,C,425082508,CCS425082508,HYZ,HYZ,HYZ,HYZ,HYZ,False,/home/ubuntu/sunlong/gcms_consistency_old/new_prepared_data/tensors/20250828/HYZ/2096_B23_1673_425082508.npz
B23_1674_125082506,/home/ubuntu/sunlong/gcms_consistency_old/dataset/20250828/1674#RJDACS125082506.D,1674#RJDACS125082506.D,23,20250828,1674.0,RJD,红塔山（软经典）,A,125082506,ACS125082506,RJD,RJD,RJD,RJD,RJD,False,/home/ubuntu/sunlong/gcms_consistency_old/new_prepared_data/tensors/20250828/RJD/2097_B23_1674_125082506.npz
B23_1675_125082501,/home/ubuntu/sunlong/gcms_consistency_old/dataset/20250828/1675#YJDACS125082501.D,1675#YJDACS125082501.D,23,20250828,1675.0,YJD,红塔山（硬经典）,A,125082501,ACS125082501,YJD,YJD,YJD,YJD,YJD,False,/home/ubuntu/sunlong/gcms_consistency_old/new_prepared_data/tensors/20250828/YJD/2098_B23_1675_125082501.npz
B23_1676_125082502,/home/ubuntu/sunlong/gcms_consistency_old/dataset/20250828/1676#YJDACS125082502.D,1676#YJDACS125082502.D,23,20250828,1676.0,YJD,红塔山（硬经典）,A,125082502,ACS125082502,YJD,YJD,YJD,YJD,YJD,False,/home/ubuntu/sunlong/gcms_consistency_old/new_prepared_data/tensors/20250828/YJD/2099_B23_1676_125082502.npz
B23_1677_425082601,/home/ubuntu/sunlong/gcms_consistency_old/dataset/20250828/1677#H88ACS425082601.D,1677#H88ACS425082601.D,23,20250828,1677.0,H88,红河（88）,A,425082601,ACS425082601,H88,H88,H88,H88,H88,False,/home/ubuntu/sunlong/gcms_consistency_old/new_prepared_data/tensors/20250828/H88/2100_B23_1677_425082601.npz
B23_1678_425082602,/home/ubuntu/sunlong/gcms_consistency_old/dataset/20250828/1678#H88ACS425082602.D,1678#H88ACS425082602.D,23,20250828,1678.0,H88,红河（88）,A,425082602,ACS425082602,H88,H88,H88,H88,H88,False,/home/ubuntu/sunlong/gcms_consistency_old/new_prepared_data/tensors/20250828/H88/2101_B23_1678_425082602.npz
B23_1679_425082603,/home/ubuntu/sunlong/gcms_consistency_old/dataset/20250828/1679#H88CCS425082603.D,1679#H88CCS425082603.D,23,20250828,1679.0,H88,红河（88）,C,425082603,CCS425082603,H88,H88,H88,H88,H88,False,/home/ubuntu/sunlong/gcms_consistency_old/new_prepared_data/tensors/20250828/H88/2102_B23_1679_425082603.npz
B23_1680_125082614,/home/ubuntu/sunlong/gcms_consistency_old/dataset/20250828/1680#HMDACS125082614.D,1680#HMDACS125082614.D,23,20250828,1680.0,HMD,牡丹（软）,A,125082614,ACS125082614,HMD,HMD,HMD,HMD,HMD,False,/home/ubuntu/sunlong/gcms_consistency_old/new_prepared_data/tensors/20250828/HMD/2103_B23_1680_125082614.npz
B23_1681_125082617,/home/ubuntu/sunlong/gcms_consistency_old/dataset/20250828/1681#HMDACS125082617.D,1681#HMDACS125082617.D,23,20250828,1681.0,HMD,牡丹（软）,A,125082617,ACS125082617,HMD,HMD,HMD,HMD,HMD,False,/home/ubuntu/sunlong/gcms_consistency_old/new_prepared_data/tensors/20250828/HMD/2104_B23_1681_125082617.npz
B23_1682_125082602,/home/ubuntu/sunlong/gcms_consistency_old/dataset/20250828/1682#HYZBCS125082602.D,1682#HYZBCS125082602.D,23,20250828,1682.0,HYZ,云烟（紫）,B,125082602,BCS125082602,HYZ,HYZ,HYZ,HYZ,HYZ,False,/home/ubuntu/sunlong/gcms_consistency_old/new_prepared_data/tensors/20250828/HYZ/2105_B23_1682_125082602.npz
B23_1683_125082605,/home/ubuntu/sunlong/gcms_consistency_old/dataset/20250828/1683#HYZBCS125082605.D,1683#HYZBCS125082605.D,23,20250828,1683.0,HYZ,云烟（紫）,B,125082605,BCS125082605,HYZ,HYZ,HYZ,HYZ,HYZ,False,/home/ubuntu/sunlong/gcms_consistency_old/new_prepared_data/tensors/20250828/HYZ/2106_B23_1683_125082605.npz
B23_1684_125082607,/home/ubuntu/sunlong/gcms_consistency_old/dataset/20250828/1684#HYZBCS125082607.D,1684#HYZBCS125082607.D,23,20250828,1684.0,HYZ,云烟（紫）,B,125082607,BCS125082607,HYZ,HYZ,HYZ,HYZ,HYZ,False,/home/ubuntu/sunlong/gcms_consistency_old/new_prepared_data/tensors/20250828/HYZ/2107_B23_1684_125082607.npz
B23_1685_125082609,/home/ubuntu/sunlong/gcms_consistency_old/dataset/20250828/1685#HYZBCS125082609.D,1685#HYZBCS125082609.D,23,20250828,1685.0,HYZ,云烟（紫）,B,125082609,BCS125082609,HYZ,HYZ,HYZ,HYZ,HYZ,False,/home/ubuntu/sunlong/gcms_consistency_old/new_prepared_data/tensors/20250828/HYZ/2108_B23_1685_125082609.npz
B23_1686_125082612,/home/ubuntu/sunlong/gcms_consistency_old/dataset/20250828/1686#HYZBCS125082612.D,1686#HYZBCS125082612.D,23,20250828,1686.0,HYZ,云烟（紫）,B,125082612,BCS125082612,HYZ,HYZ,HYZ,HYZ,HYZ,False,/home/ubuntu/sunlong/gcms_consistency_old/new_prepared_data/tensors/20250828/HYZ/2109_B23_1686_125082612.npz
B23_1687_125082618,/home/ubuntu/sunlong/gcms_consistency_old/dataset/20250828/1687#HYZBCS125082618.D,1687#HYZBCS125082618.D,23,20250828,1687.0,HYZ,云烟（紫）,B,125082618,BCS125082618,HYZ,HYZ,HYZ,HYZ,HYZ,False,/home/ubuntu/sunlong/gcms_consistency_old/new_prepared_data/tensors/20250828/HYZ/2110_B23_1687_125082618.npz
B23_1688_125082603,/home/ubuntu/sunlong/gcms_consistency_old/dataset/20250828/1688#HYZCCS125082603.D,1688#HYZCCS125082603.D,23,20250828,1688.0,HYZ,云烟（紫）,C,125082603,CCS125082603,HYZ,HYZ,HYZ,HYZ,HYZ,False,/home/ubuntu/sunlong/gcms_consistency_old/new_prepared_data/tensors/20250828/HYZ/2111_B23_1688_125082603.npz
B23_1689_125082606,/home/ubuntu/sunlong/gcms_consistency_old/dataset/20250828/1689#HYZCCS125082606.D,1689#HYZCCS125082606.D,23,20250828,1689.0,HYZ,云烟（紫）,C,125082606,CCS125082606,HYZ,HYZ,HYZ,HYZ,HYZ,False,/home/ubuntu/sunlong/gcms_consistency_old/new_prepared_data/tensors/20250828/HYZ/2112_B23_1689_125082606.npz
B23_1690_125082608,/home/ubuntu/sunlong/gcms_consistency_old/dataset/20250828/1690#HYZCCS125082608.D,1690#HYZCCS125082608.D,23,20250828,1690.0,HYZ,云烟（紫）,C,125082608,CCS125082608,HYZ,HYZ,HYZ,HYZ,HYZ,False,/home/ubuntu/sunlong/gcms_consistency_old/new_prepared_data/tensors/20250828/HYZ/2113_B23_1690_125082608.npz
B23_1691_125082610,/home/ubuntu/sunlong/gcms_consistency_old/dataset/20250828/1691#HYZCCS125082610.D,1691#HYZCCS125082610.D,23,20250828,1691.0,HYZ,云烟（紫）,C,125082610,CCS125082610,HYZ,HYZ,HYZ,HYZ,HYZ,False,/home/ubuntu/sunlong/gcms_consistency_old/new_prepared_data/tensors/20250828/HYZ/2114_B23_1691_125082610.npz
B23_1692_125082613,/home/ubuntu/sunlong/gcms_consistency_old/dataset/20250828/1692#RJDACS125082613.D,1692#RJDACS125082613.D,23,20250828,1692.0,RJD,红塔山（软经典）,A,125082613,ACS125082613,RJD,RJD,RJD,RJD,RJD,False,/home/ubuntu/sunlong/gcms_consistency_old/new_prepared_data/tensors/20250828/RJD/2115_B23_1692_125082613.npz
B23_1693_125082601,/home/ubuntu/sunlong/gcms_consistency_old/dataset/20250828/1693#YJDACS125082601.D,1693#YJDACS125082601.D,23,20250828,1693.0,YJD,红塔山（硬经典）,A,125082601,ACS125082601,YJD,YJD,YJD,YJD,YJD,False,/home/ubuntu/sunlong/gcms_consistency_old/new_prepared_data/tensors/20250828/YJD/2116_B23_1693_125082601.npz
B23_1694_125082604,/home/ubuntu/sunlong/gcms_consistency_old/dataset/20250828/1694#YJDACS125082604.D,1694#YJDACS125082604.D,23,20250828,1694.0,YJD,红塔山（硬经典）,A,125082604,ACS125082604,YJD,YJD,YJD,YJD,YJD,False,/home/ubuntu/sunlong/gcms_consistency_old/new_prepared_data/tensors/20250828/YJD/2117_B23_1694_125082604.npz
B23_1695_425082701,/home/ubuntu/sunlong/gcms_consistency_old/dataset/20250828/1695#H88ACS425082701.D,1695#H88ACS425082701.D,23,20250828,1695.0,H88,红河（88）,A,425082701,ACS425082701,H88,H88,H88,H88,H88,False,/home/ubuntu/sunlong/gcms_consistency_old/new_prepared_data/tensors/20250828/H88/2118_B23_1695_425082701.npz
B23_1696_425082702,/home/ubuntu/sunlong/gcms_consistency_old/dataset/20250828/1696#H88ACS425082702.D,1696#H88ACS425082702.D,23,20250828,1696.0,H88,红河（88）,A,425082702,ACS425082702,H88,H88,H88,H88,H88,False,/home/ubuntu/sunlong/gcms_consistency_old/new_prepared_data/tensors/20250828/H88/2119_B23_1696_425082702.npz
B23_1697_425082704,/home/ubuntu/sunlong/gcms_consistency_old/dataset/20250828/1697#H88CCS425082704.D,1697#H88CCS425082704.D,23,20250828,1697.0,H88,红河（88）,C,425082704,CCS425082704,H88,H88,H88,H88,H88,False,/home/ubuntu/sunlong/gcms_consistency_old/new_prepared_data/tensors/20250828/H88/2120_B23_1697_425082704.npz
B23_1698_125082703,/home/ubuntu/sunlong/gcms_consistency_old/dataset/20250828/1698#H99CCS125082703.D,1698#H99CCS125082703.D,23,20250828,1698.0,H99,红河（99）,C,125082703,CCS125082703,H99,H99,H99,H99,H99,False,/home/ubuntu/sunlong/gcms_consistency_old/new_prepared_data/tensors/20250828/H99/2121_B23_1698_125082703.npz
B23_1699_425082703,/home/ubuntu/sunlong/gcms_consistency_old/dataset/20250828/1699#HRJBCS425082703.D,1699#HRJBCS425082703.D,23,20250828,1699.0,HRJ,红河（软甲）,B,425082703,BCS425082703,HRJ,HRJ,HRJ,HRJ,HRJ,False,/home/ubuntu/sunlong/gcms_consistency_old/new_prepared_data/tensors/20250828/HRJ/2122_B23_1699_425082703.npz
B23_1700_125082701,/home/ubuntu/sunlong/gcms_consistency_old/dataset/20250828/1700#HYZBCS125082701.D,1700#HYZBCS125082701.D,23,20250828,1700.0,HYZ,云烟（紫）,B,125082701,BCS125082701,HYZ,HYZ,HYZ,HYZ,HYZ,False,/home/ubuntu/sunlong/gcms_consistency_old/new_prepared_data/tensors/20250828/HYZ/2123_B23_1700_125082701.npz
B23_1701_125082702,/home/ubuntu/sunlong/gcms_consistency_old/dataset/20250828/1701#HYZBCS125082702.D,1701#HYZBCS125082702.D,23,20250828,1701.0,HYZ,云烟（紫）,B,125082702,BCS125082702,HYZ,HYZ,HYZ,HYZ,HYZ,False,/home/ubuntu/sunlong/gcms_consistency_old/new_prepared_data/tensors/20250828/HYZ/2124_B23_1701_125082702.npz
B23_1702_125082708,/home/ubuntu/sunlong/gcms_consistency_old/dataset/20250828/1702#HYZBCS125082708.D,1702#HYZBCS125082708.D,23,20250828,1702.0,HYZ,云烟（紫）,B,125082708,BCS125082708,HYZ,HYZ,HYZ,HYZ,HYZ,False,/home/ubuntu/sunlong/gcms_consistency_old/new_prepared_data/tensors/20250828/HYZ/2125_B23_1702_125082708.npz
B23_1703_125082709,/home/ubuntu/sunlong/gcms_consistency_old/dataset/20250828/1703#HYZBCS125082709.D,1703#HYZBCS125082709.D,23,20250828,1703.0,HYZ,云烟（紫）,B,125082709,BCS125082709,HYZ,HYZ,HYZ,HYZ,HYZ,False,/home/ubuntu/sunlong/gcms_consistency_old/new_prepared_data/tensors/20250828/HYZ/2126_B23_1703_125082709.npz
B23_1704_125082710,/home/ubuntu/sunlong/gcms_consistency_old/dataset/20250828/1704#HYZBCS125082710.D,1704#HYZBCS125082710.D,23,20250828,1704.0,HYZ,云烟（紫）,B,125082710,BCS125082710,HYZ,HYZ,HYZ,HYZ,HYZ,False,/home/ubuntu/sunlong/gcms_consistency_old/new_prepared_data/tensors/20250828/HYZ/2127_B23_1704_125082710.npz
B23_1705_125082705,/home/ubuntu/sunlong/gcms_consistency_old/dataset/20250828/1705#HYZCCS125082705.D,1705#HYZCCS125082705.D,23,20250828,1705.0,HYZ,云烟（紫）,C,125082705,CCS125082705,HYZ,HYZ,HYZ,HYZ,HYZ,False,/home/ubuntu/sunlong/gcms_consistency_old/new_prepared_data/tensors/20250828/HYZ/2128_B23_1705_125082705.npz
B23_1706_125082707,/home/ubuntu/sunlong/gcms_consistency_old/dataset/20250828/1706#HYZCCS125082707.D,1706#HYZCCS125082707.D,23,20250828,1706.0,HYZ,云烟（紫）,C,125082707,CCS125082707,HYZ,HYZ,HYZ,HYZ,HYZ,False,/home/ubuntu/sunlong/gcms_consistency_old/new_prepared_data/tensors/20250828/HYZ/2129_B23_1706_125082707.npz
B23_1707_225082701,/home/ubuntu/sunlong/gcms_consistency_old/dataset/20250828/1707#XCJACS225082701.D,1707#XCJACS225082701.D,23,20250828,1707.0,XCJ,云烟（中支小重九）,A,225082701,ACS225082701,XCJ,XCJ,XCJ,XCJ,XCJ,False,/home/ubuntu/sunlong/gcms_consistency_old/new_prepared_data/tensors/20250828/XCJ/2130_B23_1707_225082701.npz
B23_1708_225082702,/home/ubuntu/sunlong/gcms_consistency_old/dataset/20250828/1708#XCJACS225082702.D,1708#XCJACS225082702.D,23,20250828,1708.0,XCJ,云烟（中支小重九）,A,225082702,ACS225082702,XCJ,XCJ,XCJ,XCJ,XCJ,False,/home/ubuntu/sunlong/gcms_consistency_old/new_prepared_data/tensors/20250828/XCJ/2131_B23_1708_225082702.npz
B23_1709_125082704,/home/ubuntu/sunlong/gcms_consistency_old/dataset/20250828/1709#YJDACS125082704.D,1709#YJDACS125082704.D,23,20250828,1709.0,YJD,红塔山（硬经典）,A,125082704,ACS125082704,YJD,YJD,YJD,YJD,YJD,False,/home/ubuntu/sunlong/gcms_consistency_old/new_prepared_data/tensors/20250828/YJD/2132_B23_1709_125082704.npz
B23_1710_125082706,/home/ubuntu/sunlong/gcms_consistency_old/dataset/20250828/1710#YJDACS125082706.D,1710#YJDACS125082706.D,23,20250828,1710.0,YJD,红塔山（硬经典）,A,125082706,ACS125082706,YJD,YJD,YJD,YJD,YJD,False,/home/ubuntu/sunlong/gcms_consistency_old/new_prepared_data/tensors/20250828/YJD/2133_B23_1710_125082706.npz
B24_0000_0#balnk,/home/ubuntu/sunlong/gcms_consistency_old/dataset/20250905/0#balnk.D,0#balnk.D,24,20250905,0.0,BLANK,空白样,,,0#balnk,BLANK,BLANK,BLANK,BLANK,BLANK,True,/home/ubuntu/sunlong/gcms_consistency_old/new_prepared_data/tensors/20250905/BLANK/2134_B24_0000_0_balnk.npz
B24_1711_425082801,/home/ubuntu/sunlong/gcms_consistency_old/dataset/20250905/1711#H88ACS425082801.D,1711#H88ACS425082801.D,24,20250905,1711.0,H88,红河（88）,A,425082801,ACS425082801,H88,H88,H88,H88,H88,False,/home/ubuntu/sunlong/gcms_consistency_old/new_prepared_data/tensors/20250905/H88/2135_B24_1711_425082801.npz
B24_1712_425082802,/home/ubuntu/sunlong/gcms_consistency_old/dataset/20250905/1712#H88ACS425082802.D,1712#H88ACS425082802.D,24,20250905,1712.0,H88,红河（88）,A,425082802,ACS425082802,H88,H88,H88,H88,H88,False,/home/ubuntu/sunlong/gcms_consistency_old/new_prepared_data/tensors/20250905/H88/2136_B24_1712_425082802.npz
B24_1713_425082803,/home/ubuntu/sunlong/gcms_consistency_old/dataset/20250905/1713#H88ACS425082803.D,1713#H88ACS425082803.D,24,20250905,1713.0,H88,红河（88）,A,425082803,ACS425082803,H88,H88,H88,H88,H88,False,/home/ubuntu/sunlong/gcms_consistency_old/new_prepared_data/tensors/20250905/H88/2137_B24_1713_425082803.npz
B24_1714_125082802,/home/ubuntu/sunlong/gcms_consistency_old/dataset/20250905/1714#H99CCS125082802.D,1714#H99CCS125082802.D,24,20250905,1714.0,H99,红河（99）,C,125082802,CCS125082802,H99,H99,H99,H99,H99,False,/home/ubuntu/sunlong/gcms_consistency_old/new_prepared_data/tensors/20250905/H99/2138_B24_1714_125082802.npz
B24_1715_125082807,/home/ubuntu/sunlong/gcms_consistency_old/dataset/20250905/1715#H99CCS125082807.D,1715#H99CCS125082807.D,24,20250905,1715.0,H99,红河（99）,C,125082807,CCS125082807,H99,H99,H99,H99,H99,False,/home/ubuntu/sunlong/gcms_consistency_old/new_prepared_data/tensors/20250905/H99/2139_B24_1715_125082807.npz
B24_1716_125082813,/home/ubuntu/sunlong/gcms_consistency_old/dataset/20250905/1716#H99CCS125082813.D,1716#H99CCS125082813.D,24,20250905,1716.0,H99,红河（99）,C,125082813,CCS125082813,H99,H99,H99,H99,H99,False,/home/ubuntu/sunlong/gcms_consistency_old/new_prepared_data/tensors/20250905/H99/2140_B24_1716_125082813.npz
B24_1717_125082801,/home/ubuntu/sunlong/gcms_consistency_old/dataset/20250905/1717#HYZBCS125082801.D,1717#HYZBCS125082801.D,24,20250905,1717.0,HYZ,云烟（紫）,B,125082801,BCS125082801,HYZ,HYZ,HYZ,HYZ,HYZ,False,/home/ubuntu/sunlong/gcms_consistency_old/new_prepared_data/tensors/20250905/HYZ/2141_B24_1717_125082801.npz
B24_1718_125082803,/home/ubuntu/sunlong/gcms_consistency_old/dataset/20250905/1718#HYZBCS125082803.D,1718#HYZBCS125082803.D,24,20250905,1718.0,HYZ,云烟（紫）,B,125082803,BCS125082803,HYZ,HYZ,HYZ,HYZ,HYZ,False,/home/ubuntu/sunlong/gcms_consistency_old/new_prepared_data/tensors/20250905/HYZ/2142_B24_1718_125082803.npz
B24_1719_125082805,/home/ubuntu/sunlong/gcms_consistency_old/dataset/20250905/1719#HYZBCS125082805.D,1719#HYZBCS125082805.D,24,20250905,1719.0,HYZ,云烟（紫）,B,125082805,BCS125082805,HYZ,HYZ,HYZ,HYZ,HYZ,False,/home/ubuntu/sunlong/gcms_consistency_old/new_prepared_data/tensors/20250905/HYZ/2143_B24_1719_125082805.npz
B24_1720_125082808,/home/ubuntu/sunlong/gcms_consistency_old/dataset/20250905/1720#HYZBCS125082808.D,1720#HYZBCS125082808.D,24,20250905,1720.0,HYZ,云烟（紫）,B,125082808,BCS125082808,HYZ,HYZ,HYZ,HYZ,HYZ,False,/home/ubuntu/sunlong/gcms_consistency_old/new_prepared_data/tensors/20250905/HYZ/2144_B24_1720_125082808.npz
B24_1721_125082810,/home/ubuntu/sunlong/gcms_consistency_old/dataset/20250905/1721#HYZBCS125082810.D,1721#HYZBCS125082810.D,24,20250905,1721.0,HYZ,云烟（紫）,B,125082810,BCS125082810,HYZ,HYZ,HYZ,HYZ,HYZ,False,/home/ubuntu/sunlong/gcms_consistency_old/new_prepared_data/tensors/20250905/HYZ/2145_B24_1721_125082810.npz
B24_1722_125082812,/home/ubuntu/sunlong/gcms_consistency_old/dataset/20250905/1722#HYZBCS125082812.D,1722#HYZBCS125082812.D,24,20250905,1722.0,HYZ,云烟（紫）,B,125082812,BCS125082812,HYZ,HYZ,HYZ,HYZ,HYZ,False,/home/ubuntu/sunlong/gcms_consistency_old/new_prepared_data/tensors/20250905/HYZ/2146_B24_1722_125082812.npz
B24_1723_125082804,/home/ubuntu/sunlong/gcms_consistency_old/dataset/20250905/1723#HYZCCS125082804.D,1723#HYZCCS125082804.D,24,20250905,1723.0,HYZ,云烟（紫）,C,125082804,CCS125082804,HYZ,HYZ,HYZ,HYZ,HYZ,False,/home/ubuntu/sunlong/gcms_consistency_old/new_prepared_data/tensors/20250905/HYZ/2147_B24_1723_125082804.npz
B24_1724_125082806,/home/ubuntu/sunlong/gcms_consistency_old/dataset/20250905/1724#HYZCCS125082806.D,1724#HYZCCS125082806.D,24,20250905,1724.0,HYZ,云烟（紫）,C,125082806,CCS125082806,HYZ,HYZ,HYZ,HYZ,HYZ,False,/home/ubuntu/sunlong/gcms_consistency_old/new_prepared_data/tensors/20250905/HYZ/2148_B24_1724_125082806.npz
B24_1725_125082811,/home/ubuntu/sunlong/gcms_consistency_old/dataset/20250905/1725#HYZCCS125082811.D,1725#HYZCCS125082811.D,24,20250905,1725.0,HYZ,云烟（紫）,C,125082811,CCS125082811,HYZ,HYZ,HYZ,HYZ,HYZ,False,/home/ubuntu/sunlong/gcms_consistency_old/new_prepared_data/tensors/20250905/HYZ/2149_B24_1725_125082811.npz
B24_1726_125082809,/home/ubuntu/sunlong/gcms_consistency_old/dataset/20250905/1726#RJDACS125082809.D,1726#RJDACS125082809.D,24,20250905,1726.0,YJD,红塔山（硬经典）,A,125082809,ACS125082809,YJD,YJD,YJD,YJD,YJD,False,/home/ubuntu/sunlong/gcms_consistency_old/new_prepared_data/tensors/20250905/RJD/2150_B24_1726_125082809.npz
B24_1727_225082801,/home/ubuntu/sunlong/gcms_consistency_old/dataset/20250905/1727#XCJACS225082801.D,1727#XCJACS225082801.D,24,20250905,1727.0,XCJ,云烟（中支小重九）,A,225082801,ACS225082801,XCJ,XCJ,XCJ,XCJ,XCJ,False,/home/ubuntu/sunlong/gcms_consistency_old/new_prepared_data/tensors/20250905/XCJ/2151_B24_1727_225082801.npz
B24_1728_425082804,/home/ubuntu/sunlong/gcms_consistency_old/dataset/20250905/1728#XCJACS425082804.D,1728#XCJACS425082804.D,24,20250905,1728.0,XCJ,云烟（中支小重九）,A,425082804,ACS425082804,XCJ,XCJ,XCJ,XCJ,XCJ,False,/home/ubuntu/sunlong/gcms_consistency_old/new_prepared_data/tensors/20250905/XCJ/2152_B24_1728_425082804.npz
B24_1729_425082901,/home/ubuntu/sunlong/gcms_consistency_old/dataset/20250905/1729#H88CCS425082901.D,1729#H88CCS425082901.D,24,20250905,1729.0,H88,红河（88）,C,425082901,CCS425082901,H88,H88,H88,H88,H88,False,/home/ubuntu/sunlong/gcms_consistency_old/new_prepared_data/tensors/20250905/H88/2153_B24_1729_425082901.npz
B24_1730_425082902,/home/ubuntu/sunlong/gcms_consistency_old/dataset/20250905/1730#H88CCS425082902.D,1730#H88CCS425082902.D,24,20250905,1730.0,H88,红河（88）,C,425082902,CCS425082902,H88,H88,H88,H88,H88,False,/home/ubuntu/sunlong/gcms_consistency_old/new_prepared_data/tensors/20250905/H88/2154_B24_1730_425082902.npz
B24_1731_125082913,/home/ubuntu/sunlong/gcms_consistency_old/dataset/20250905/1731#H99CCS125082913.D,1731#H99CCS125082913.D,24,20250905,1731.0,H99,红河（99）,C,125082913,CCS125082913,H99,H99,H99,H99,H99,False,/home/ubuntu/sunlong/gcms_consistency_old/new_prepared_data/tensors/20250905/H99/2155_B24_1731_125082913.npz
B24_1732_125082915,/home/ubuntu/sunlong/gcms_consistency_old/dataset/20250905/1732#H99CCS125082915.D,1732#H99CCS125082915.D,24,20250905,1732.0,H99,红河（99）,C,125082915,CCS125082915,H99,H99,H99,H99,H99,False,/home/ubuntu/sunlong/gcms_consistency_old/new_prepared_data/tensors/20250905/H99/2156_B24_1732_125082915.npz
B24_1733_125082903,/home/ubuntu/sunlong/gcms_consistency_old/dataset/20250905/1733#HMDACS125082903.D,1733#HMDACS125082903.D,24,20250905,1733.0,HMD,牡丹（软）,A,125082903,ACS125082903,HMD,HMD,HMD,HMD,HMD,False,/home/ubuntu/sunlong/gcms_consistency_old/new_prepared_data/tensors/20250905/HMD/2157_B24_1733_125082903.npz
B24_1734_125082905,/home/ubuntu/sunlong/gcms_consistency_old/dataset/20250905/1734#HMDACS125082905.D,1734#HMDACS125082905.D,24,20250905,1734.0,HMD,牡丹（软）,A,125082905,ACS125082905,HMD,HMD,HMD,HMD,HMD,False,/home/ubuntu/sunlong/gcms_consistency_old/new_prepared_data/tensors/20250905/HMD/2158_B24_1734_125082905.npz
B24_1735_125082908,/home/ubuntu/sunlong/gcms_consistency_old/dataset/20250905/1735#HMDACS125082908.D,1735#HMDACS125082908.D,24,20250905,1735.0,HMD,牡丹（软）,A,125082908,ACS125082908,HMD,HMD,HMD,HMD,HMD,False,/home/ubuntu/sunlong/gcms_consistency_old/new_prepared_data/tensors/20250905/HMD/2159_B24_1735_125082908.npz
B24_1736_125082902,/home/ubuntu/sunlong/gcms_consistency_old/dataset/20250905/1736#HYZBCS125082902.D,1736#HYZBCS125082902.D,24,20250905,1736.0,HYZ,云烟（紫）,B,125082902,BCS125082902,HYZ,HYZ,HYZ,HYZ,HYZ,False,/home/ubuntu/sunlong/gcms_consistency_old/new_prepared_data/tensors/20250905/HYZ/2160_B24_1736_125082902.npz
B24_1737_125082904,/home/ubuntu/sunlong/gcms_consistency_old/dataset/20250905/1737#HYZBCS125082904.D,1737#HYZBCS125082904.D,24,20250905,1737.0,HYZ,云烟（紫）,B,125082904,BCS125082904,HYZ,HYZ,HYZ,HYZ,HYZ,False,/home/ubuntu/sunlong/gcms_consistency_old/new_prepared_data/tensors/20250905/HYZ/2161_B24_1737_125082904.npz
B24_1738_125082906,/home/ubuntu/sunlong/gcms_consistency_old/dataset/20250905/1738#HYZBCS125082906.D,1738#HYZBCS125082906.D,24,20250905,1738.0,HYZ,云烟（紫）,B,125082906,BCS125082906,HYZ,HYZ,HYZ,HYZ,HYZ,False,/home/ubuntu/sunlong/gcms_consistency_old/new_prepared_data/tensors/20250905/HYZ/2162_B24_1738_125082906.npz
B24_1739_125082910,/home/ubuntu/sunlong/gcms_consistency_old/dataset/20250905/1739#HYZBCS125082910.D,1739#HYZBCS125082910.D,24,20250905,1739.0,HYZ,云烟（紫）,B,125082910,BCS125082910,HYZ,HYZ,HYZ,HYZ,HYZ,False,/home/ubuntu/sunlong/gcms_consistency_old/new_prepared_data/tensors/20250905/HYZ/2163_B24_1739_125082910.npz
B24_1740_125082914,/home/ubuntu/sunlong/gcms_consistency_old/dataset/20250905/1740#HYZBCS125082914.D,1740#HYZBCS125082914.D,24,20250905,1740.0,HYZ,云烟（紫）,B,125082914,BCS125082914,HYZ,HYZ,HYZ,HYZ,HYZ,False,/home/ubuntu/sunlong/gcms_consistency_old/new_prepared_data/tensors/20250905/HYZ/2164_B24_1740_125082914.npz
B24_1741_125082916,/home/ubuntu/sunlong/gcms_consistency_old/dataset/20250905/1741#HYZBCS125082916.D,1741#HYZBCS125082916.D,24,20250905,1741.0,HYZ,云烟（紫）,B,125082916,BCS125082916,HYZ,HYZ,HYZ,HYZ,HYZ,False,/home/ubuntu/sunlong/gcms_consistency_old/new_prepared_data/tensors/20250905/HYZ/2165_B24_1741_125082916.npz
B24_1742_125082917,/home/ubuntu/sunlong/gcms_consistency_old/dataset/20250905/1742#HYZBCS125082917.D,1742#HYZBCS125082917.D,24,20250905,1742.0,HYZ,云烟（紫）,B,125082917,BCS125082917,HYZ,HYZ,HYZ,HYZ,HYZ,False,/home/ubuntu/sunlong/gcms_consistency_old/new_prepared_data/tensors/20250905/HYZ/2166_B24_1742_125082917.npz
B24_1743_125082907,/home/ubuntu/sunlong/gcms_consistency_old/dataset/20250905/1743#HYZCCS125082907.D,1743#HYZCCS125082907.D,24,20250905,1743.0,HYZ,云烟（紫）,C,125082907,CCS125082907,HYZ,HYZ,HYZ,HYZ,HYZ,False,/home/ubuntu/sunlong/gcms_consistency_old/new_prepared_data/tensors/20250905/HYZ/2167_B24_1743_125082907.npz
B24_1744_125082911,/home/ubuntu/sunlong/gcms_consistency_old/dataset/20250905/1744#HYZCCS125082911.D,1744#HYZCCS125082911.D,24,20250905,1744.0,HYZ,云烟（紫）,C,125082911,CCS125082911,HYZ,HYZ,HYZ,HYZ,HYZ,False,/home/ubuntu/sunlong/gcms_consistency_old/new_prepared_data/tensors/20250905/HYZ/2168_B24_1744_125082911.npz
B24_1745_125082901,/home/ubuntu/sunlong/gcms_consistency_old/dataset/20250905/1745#RJDACS125082901.D,1745#RJDACS125082901.D,24,20250905,1745.0,YJD,红塔山（硬经典）,A,125082901,ACS125082901,YJD,YJD,YJD,YJD,YJD,False,/home/ubuntu/sunlong/gcms_consistency_old/new_prepared_data/tensors/20250905/RJD/2169_B24_1745_125082901.npz
B24_1746_125082909,/home/ubuntu/sunlong/gcms_consistency_old/dataset/20250905/1746#YJDACS125082909.D,1746#YJDACS125082909.D,24,20250905,1746.0,YJD,红塔山（硬经典）,A,125082909,ACS125082909,YJD,YJD,YJD,YJD,YJD,False,/home/ubuntu/sunlong/gcms_consistency_old/new_prepared_data/tensors/20250905/YJD/2170_B24_1746_125082909.npz
B24_1747_125082912,/home/ubuntu/sunlong/gcms_consistency_old/dataset/20250905/1747#YJDACS125082912.D,1747#YJDACS125082912.D,24,20250905,1747.0,YJD,红塔山（硬经典）,A,125082912,ACS125082912,YJD,YJD,YJD,YJD,YJD,False,/home/ubuntu/sunlong/gcms_consistency_old/new_prepared_data/tensors/20250905/YJD/2171_B24_1747_125082912.npz
B24_1748_125090109,/home/ubuntu/sunlong/gcms_consistency_old/dataset/20250905/1748#H88ACS125090109.D,1748#H88ACS125090109.D,24,20250905,1748.0,H88,红河（88）,A,125090109,ACS125090109,H88,H88,H88,H88,H88,False,/home/ubuntu/sunlong/gcms_consistency_old/new_prepared_data/tensors/20250905/H88/2172_B24_1748_125090109.npz
B24_1749_125090112,/home/ubuntu/sunlong/gcms_consistency_old/dataset/20250905/1749#H88ACS125090112.D,1749#H88ACS125090112.D,24,20250905,1749.0,H88,红河（88）,A,125090112,ACS125090112,H88,H88,H88,H88,H88,False,/home/ubuntu/sunlong/gcms_consistency_old/new_prepared_data/tensors/20250905/H88/2173_B24_1749_125090112.npz
B24_1750_125090115,/home/ubuntu/sunlong/gcms_consistency_old/dataset/20250905/1750#H88ACS125090115.D,1750#H88ACS125090115.D,24,20250905,1750.0,H88,红河（88）,A,125090115,ACS125090115,H88,H88,H88,H88,H88,False,/home/ubuntu/sunlong/gcms_consistency_old/new_prepared_data/tensors/20250905/H88/2174_B24_1750_125090115.npz
B24_1751_125090103,/home/ubuntu/sunlong/gcms_consistency_old/dataset/20250905/1751#H88CCS125090103.D,1751#H88CCS125090103.D,24,20250905,1751.0,H88,红河（88）,C,125090103,CCS125090103,H88,H88,H88,H88,H88,False,/home/ubuntu/sunlong/gcms_consistency_old/new_prepared_data/tensors/20250905/H88/2175_B24_1751_125090103.npz
B24_1752_125090106,/home/ubuntu/sunlong/gcms_consistency_old/dataset/20250905/1752#H88CCS125090106.D,1752#H88CCS125090106.D,24,20250905,1752.0,H88,红河（88）,C,125090106,CCS125090106,H88,H88,H88,H88,H88,False,/home/ubuntu/sunlong/gcms_consistency_old/new_prepared_data/tensors/20250905/H88/2176_B24_1752_125090106.npz
B24_1753_125090113,/home/ubuntu/sunlong/gcms_consistency_old/dataset/20250905/1753#H99CCS125090113.D,1753#H99CCS125090113.D,24,20250905,1753.0,H99,红河（99）,C,125090113,CCS125090113,H99,H99,H99,H99,H99,False,/home/ubuntu/sunlong/gcms_consistency_old/new_prepared_data/tensors/20250905/H99/2177_B24_1753_125090113.npz
B24_1754_125090107,/home/ubuntu/sunlong/gcms_consistency_old/dataset/20250905/1754#HMDACS125090107.D,1754#HMDACS125090107.D,24,20250905,1754.0,HMD,牡丹（软）,A,125090107,ACS125090107,HMD,HMD,HMD,HMD,HMD,False,/home/ubuntu/sunlong/gcms_consistency_old/new_prepared_data/tensors/20250905/HMD/2178_B24_1754_125090107.npz
B24_1755_125090102,/home/ubuntu/sunlong/gcms_consistency_old/dataset/20250905/1755#HYZBCS125090102.D,1755#HYZBCS125090102.D,24,20250905,1755.0,HYZ,云烟（紫）,B,125090102,BCS125090102,HYZ,HYZ,HYZ,HYZ,HYZ,False,/home/ubuntu/sunlong/gcms_consistency_old/new_prepared_data/tensors/20250905/HYZ/2179_B24_1755_125090102.npz
B24_1756_125090105,/home/ubuntu/sunlong/gcms_consistency_old/dataset/20250905/1756#HYZBCS125090105.D,1756#HYZBCS125090105.D,24,20250905,1756.0,HYZ,云烟（紫）,B,125090105,BCS125090105,HYZ,HYZ,HYZ,HYZ,HYZ,False,/home/ubuntu/sunlong/gcms_consistency_old/new_prepared_data/tensors/20250905/HYZ/2180_B24_1756_125090105.npz
B24_1757_125090110,/home/ubuntu/sunlong/gcms_consistency_old/dataset/20250905/1757#HYZBCS125090110.D,1757#HYZBCS125090110.D,24,20250905,1757.0,HYZ,云烟（紫）,B,125090110,BCS125090110,HYZ,HYZ,HYZ,HYZ,HYZ,False,/home/ubuntu/sunlong/gcms_consistency_old/new_prepared_data/tensors/20250905/HYZ/2181_B24_1757_125090110.npz
B24_1758_125090114,/home/ubuntu/sunlong/gcms_consistency_old/dataset/20250905/1758#HYZBCS125090114.D,1758#HYZBCS125090114.D,24,20250905,1758.0,HYZ,云烟（紫）,B,125090114,BCS125090114,HYZ,HYZ,HYZ,HYZ,HYZ,False,/home/ubuntu/sunlong/gcms_consistency_old/new_prepared_data/tensors/20250905/HYZ/2182_B24_1758_125090114.npz
B24_1759_125090116,/home/ubuntu/sunlong/gcms_consistency_old/dataset/20250905/1759#HYZBCS125090116.D,1759#HYZBCS125090116.D,24,20250905,1759.0,HYZ,云烟（紫）,B,125090116,BCS125090116,HYZ,HYZ,HYZ,HYZ,HYZ,False,/home/ubuntu/sunlong/gcms_consistency_old/new_prepared_data/tensors/20250905/HYZ/2183_B24_1759_125090116.npz
B24_1760_425090101,/home/ubuntu/sunlong/gcms_consistency_old/dataset/20250905/1760#HYZBCS425090101.D,1760#HYZBCS425090101.D,24,20250905,1760.0,HYZ,云烟（紫）,B,425090101,BCS425090101,HYZ,HYZ,HYZ,HYZ,HYZ,False,/home/ubuntu/sunlong/gcms_consistency_old/new_prepared_data/tensors/20250905/HYZ/2184_B24_1760_425090101.npz
B24_1761_125090108,/home/ubuntu/sunlong/gcms_consistency_old/dataset/20250905/1761#HYZCCS125090108.D,1761#HYZCCS125090108.D,24,20250905,1761.0,HYZ,云烟（紫）,C,125090108,CCS125090108,HYZ,HYZ,HYZ,HYZ,HYZ,False,/home/ubuntu/sunlong/gcms_consistency_old/new_prepared_data/tensors/20250905/HYZ/2185_B24_1761_125090108.npz
B24_1762_125090111,/home/ubuntu/sunlong/gcms_consistency_old/dataset/20250905/1762#HYZCCS125090111.D,1762#HYZCCS125090111.D,24,20250905,1762.0,HYZ,云烟（紫）,C,125090111,CCS125090111,HYZ,HYZ,HYZ,HYZ,HYZ,False,/home/ubuntu/sunlong/gcms_consistency_old/new_prepared_data/tensors/20250905/HYZ/2186_B24_1762_125090111.npz
B24_1763_125090104,/home/ubuntu/sunlong/gcms_consistency_old/dataset/20250905/1763#RJDACS125090104.D,1763#RJDACS125090104.D,24,20250905,1763.0,YJD,红塔山（硬经典）,A,125090104,ACS125090104,YJD,YJD,YJD,YJD,YJD,False,/home/ubuntu/sunlong/gcms_consistency_old/new_prepared_data/tensors/20250905/RJD/2187_B24_1763_125090104.npz
B24_1764_125090101,/home/ubuntu/sunlong/gcms_consistency_old/dataset/20250905/1764#YJDACS125090101.D,1764#YJDACS125090101.D,24,20250905,1764.0,YJD,红塔山（硬经典）,A,125090101,ACS125090101,YJD,YJD,YJD,YJD,YJD,False,/home/ubuntu/sunlong/gcms_consistency_old/new_prepared_data/tensors/20250905/YJD/2188_B24_1764_125090101.npz
B24_1765_125090205,/home/ubuntu/sunlong/gcms_consistency_old/dataset/20250905/1765#H88CCS125090205.D,1765#H88CCS125090205.D,24,20250905,1765.0,H88,红河（88）,C,125090205,CCS125090205,H88,H88,H88,H88,H88,False,/home/ubuntu/sunlong/gcms_consistency_old/new_prepared_data/tensors/20250905/H88/2189_B24_1765_125090205.npz
B24_1766_125090202,/home/ubuntu/sunlong/gcms_consistency_old/dataset/20250905/1766#H99CCS125090202.D,1766#H99CCS125090202.D,24,20250905,1766.0,H99,红河（99）,C,125090202,CCS125090202,H99,H99,H99,H99,H99,False,/home/ubuntu/sunlong/gcms_consistency_old/new_prepared_data/tensors/20250905/H99/2190_B24_1766_125090202.npz
B24_1767_125090220,/home/ubuntu/sunlong/gcms_consistency_old/dataset/20250905/1767#HMDACS125090220.D,1767#HMDACS125090220.D,24,20250905,1767.0,HMD,牡丹（软）,A,125090220,ACS125090220,HMD,HMD,HMD,HMD,HMD,False,/home/ubuntu/sunlong/gcms_consistency_old/new_prepared_data/tensors/20250905/HMD/2191_B24_1767_125090220.npz
B24_1768_125090204,/home/ubuntu/sunlong/gcms_consistency_old/dataset/20250905/1768#HYZBCS125090204.D,1768#HYZBCS125090204.D,24,20250905,1768.0,HYZ,云烟（紫）,B,125090204,BCS125090204,HYZ,HYZ,HYZ,HYZ,HYZ,False,/home/ubuntu/sunlong/gcms_consistency_old/new_prepared_data/tensors/20250905/HYZ/2192_B24_1768_125090204.npz
B24_1769_125090208,/home/ubuntu/sunlong/gcms_consistency_old/dataset/20250905/1769#HYZBCS125090208.D,1769#HYZBCS125090208.D,24,20250905,1769.0,HYZ,云烟（紫）,B,125090208,BCS125090208,HYZ,HYZ,HYZ,HYZ,HYZ,False,/home/ubuntu/sunlong/gcms_consistency_old/new_prepared_data/tensors/20250905/HYZ/2193_B24_1769_125090208.npz
B24_1770_125090211,/home/ubuntu/sunlong/gcms_consistency_old/dataset/20250905/1770#HYZBCS125090211.D,1770#HYZBCS125090211.D,24,20250905,1770.0,HYZ,云烟（紫）,B,125090211,BCS125090211,HYZ,HYZ,HYZ,HYZ,HYZ,False,/home/ubuntu/sunlong/gcms_consistency_old/new_prepared_data/tensors/20250905/HYZ/2194_B24_1770_125090211.npz
B24_1771_125090214,/home/ubuntu/sunlong/gcms_consistency_old/dataset/20250905/1771#HYZBCS125090214.D,1771#HYZBCS125090214.D,24,20250905,1771.0,HYZ,云烟（紫）,B,125090214,BCS125090214,HYZ,HYZ,HYZ,HYZ,HYZ,False,/home/ubuntu/sunlong/gcms_consistency_old/new_prepared_data/tensors/20250905/HYZ/2195_B24_1771_125090214.npz
B24_1772_125090218,/home/ubuntu/sunlong/gcms_consistency_old/dataset/20250905/1772#HYZBCS125090218.D,1772#HYZBCS125090218.D,24,20250905,1772.0,HYZ,云烟（紫）,B,125090218,BCS125090218,HYZ,HYZ,HYZ,HYZ,HYZ,False,/home/ubuntu/sunlong/gcms_consistency_old/new_prepared_data/tensors/20250905/HYZ/2196_B24_1772_125090218.npz
B24_1773_125090207,/home/ubuntu/sunlong/gcms_consistency_old/dataset/20250905/1773#HYZCCS125090207.D,1773#HYZCCS125090207.D,24,20250905,1773.0,HYZ,云烟（紫）,C,125090207,CCS125090207,HYZ,HYZ,HYZ,HYZ,HYZ,False,/home/ubuntu/sunlong/gcms_consistency_old/new_prepared_data/tensors/20250905/HYZ/2197_B24_1773_125090207.npz
B24_1774_125090210,/home/ubuntu/sunlong/gcms_consistency_old/dataset/20250905/1774#HYZCCS125090210.D,1774#HYZCCS125090210.D,24,20250905,1774.0,HYZ,云烟（紫）,C,125090210,CCS125090210,HYZ,HYZ,HYZ,HYZ,HYZ,False,/home/ubuntu/sunlong/gcms_consistency_old/new_prepared_data/tensors/20250905/HYZ/2198_B24_1774_125090210.npz
B24_1775_125090213,/home/ubuntu/sunlong/gcms_consistency_old/dataset/20250905/1775#HYZCCS125090213.D,1775#HYZCCS125090213.D,24,20250905,1775.0,HYZ,云烟（紫）,C,125090213,CCS125090213,HYZ,HYZ,HYZ,HYZ,HYZ,False,/home/ubuntu/sunlong/gcms_consistency_old/new_prepared_data/tensors/20250905/HYZ/2199_B24_1775_125090213.npz
B24_1776_125090217,/home/ubuntu/sunlong/gcms_consistency_old/dataset/20250905/1776#HYZCCS125090217.D,1776#HYZCCS125090217.D,24,20250905,1776.0,HYZ,云烟（紫）,C,125090217,CCS125090217,HYZ,HYZ,HYZ,HYZ,HYZ,False,/home/ubuntu/sunlong/gcms_consistency_old/new_prepared_data/tensors/20250905/HYZ/2200_B24_1776_125090217.npz
B24_1777_125090224,/home/ubuntu/sunlong/gcms_consistency_old/dataset/20250905/1777#RJDACS125090224.D,1777#RJDACS125090224.D,24,20250905,1777.0,YJD,红塔山（硬经典）,A,125090224,ACS125090224,YJD,YJD,YJD,YJD,YJD,False,/home/ubuntu/sunlong/gcms_consistency_old/new_prepared_data/tensors/20250905/RJD/2201_B24_1777_125090224.npz
B24_1778_125090225,/home/ubuntu/sunlong/gcms_consistency_old/dataset/20250905/1778#RJDACS125090225.D,1778#RJDACS125090225.D,24,20250905,1778.0,YJD,红塔山（硬经典）,A,125090225,ACS125090225,YJD,YJD,YJD,YJD,YJD,False,/home/ubuntu/sunlong/gcms_consistency_old/new_prepared_data/tensors/20250905/RJD/2202_B24_1778_125090225.npz
B24_1779_125090226,/home/ubuntu/sunlong/gcms_consistency_old/dataset/20250905/1779#RJDACS125090226.D,1779#RJDACS125090226.D,24,20250905,1779.0,YJD,红塔山（硬经典）,A,125090226,ACS125090226,YJD,YJD,YJD,YJD,YJD,False,/home/ubuntu/sunlong/gcms_consistency_old/new_prepared_data/tensors/20250905/RJD/2203_B24_1779_125090226.npz
B24_1780_125090221,/home/ubuntu/sunlong/gcms_consistency_old/dataset/20250905/1780#YJDACS125090221.D,1780#YJDACS125090221.D,24,20250905,1780.0,YJD,红塔山（硬经典）,A,125090221,ACS125090221,YJD,YJD,YJD,YJD,YJD,False,/home/ubuntu/sunlong/gcms_consistency_old/new_prepared_data/tensors/20250905/YJD/2204_B24_1780_125090221.npz
B24_1781_125090222,/home/ubuntu/sunlong/gcms_consistency_old/dataset/20250905/1781#YJDACS125090222.D,1781#YJDACS125090222.D,24,20250905,1781.0,YJD,红塔山（硬经典）,A,125090222,ACS125090222,YJD,YJD,YJD,YJD,YJD,False,/home/ubuntu/sunlong/gcms_consistency_old/new_prepared_data/tensors/20250905/YJD/2205_B24_1781_125090222.npz
B24_1782_125090223,/home/ubuntu/sunlong/gcms_consistency_old/dataset/20250905/1782#YJDACS125090223.D,1782#YJDACS125090223.D,24,20250905,1782.0,YJD,红塔山（硬经典）,A,125090223,ACS125090223,YJD,YJD,YJD,YJD,YJD,False,/home/ubuntu/sunlong/gcms_consistency_old/new_prepared_data/tensors/20250905/YJD/2206_B24_1782_125090223.npz
B24_1783_125090301,/home/ubuntu/sunlong/gcms_consistency_old/dataset/20250905/1783#H88ACS125090301.D,1783#H88ACS125090301.D,24,20250905,1783.0,H88,红河（88）,A,125090301,ACS125090301,H88,H88,H88,H88,H88,False,/home/ubuntu/sunlong/gcms_consistency_old/new_prepared_data/tensors/20250905/H88/2207_B24_1783_125090301.npz
B24_1784_125090304,/home/ubuntu/sunlong/gcms_consistency_old/dataset/20250905/1784#H88ACS125090304.D,1784#H88ACS125090304.D,24,20250905,1784.0,H88,红河（88）,A,125090304,ACS125090304,H88,H88,H88,H88,H88,False,/home/ubuntu/sunlong/gcms_consistency_old/new_prepared_data/tensors/20250905/H88/2208_B24_1784_125090304.npz
B24_1785_125090306,/home/ubuntu/sunlong/gcms_consistency_old/dataset/20250905/1785#H88CCS125090306.D,1785#H88CCS125090306.D,24,20250905,1785.0,H88,红河（88）,C,125090306,CCS125090306,H88,H88,H88,H88,H88,False,/home/ubuntu/sunlong/gcms_consistency_old/new_prepared_data/tensors/20250905/H88/2209_B24_1785_125090306.npz
B24_1786_125090308,/home/ubuntu/sunlong/gcms_consistency_old/dataset/20250905/1786#H88CCS125090308.D,1786#H88CCS125090308.D,24,20250905,1786.0,H88,红河（88）,C,125090308,CCS125090308,H88,H88,H88,H88,H88,False,/home/ubuntu/sunlong/gcms_consistency_old/new_prepared_data/tensors/20250905/H88/2210_B24_1786_125090308.npz
B24_1787_125090315,/home/ubuntu/sunlong/gcms_consistency_old/dataset/20250905/1787#H88CCS125090315.D,1787#H88CCS125090315.D,24,20250905,1787.0,H88,红河（88）,C,125090315,CCS125090315,H88,H88,H88,H88,H88,False,/home/ubuntu/sunlong/gcms_consistency_old/new_prepared_data/tensors/20250905/H88/2211_B24_1787_125090315.npz
B24_1788_125090303,/home/ubuntu/sunlong/gcms_consistency_old/dataset/20250905/1788#H99CCS125090303.D,1788#H99CCS125090303.D,24,20250905,1788.0,H99,红河（99）,C,125090303,CCS125090303,H99,H99,H99,H99,H99,False,/home/ubuntu/sunlong/gcms_consistency_old/new_prepared_data/tensors/20250905/H99/2212_B24_1788_125090303.npz
B24_1789_125090307,/home/ubuntu/sunlong/gcms_consistency_old/dataset/20250905/1789#HMDACS125090307.D,1789#HMDACS125090307.D,24,20250905,1789.0,HMD,牡丹（软）,A,125090307,ACS125090307,HMD,HMD,HMD,HMD,HMD,False,/home/ubuntu/sunlong/gcms_consistency_old/new_prepared_data/tensors/20250905/HMD/2213_B24_1789_125090307.npz
B24_1790_125090310,/home/ubuntu/sunlong/gcms_consistency_old/dataset/20250905/1790#HMDACS125090310.D,1790#HMDACS125090310.D,24,20250905,1790.0,HMD,牡丹（软）,A,125090310,ACS125090310,HMD,HMD,HMD,HMD,HMD,False,/home/ubuntu/sunlong/gcms_consistency_old/new_prepared_data/tensors/20250905/HMD/2214_B24_1790_125090310.npz
B24_1791_125090302,/home/ubuntu/sunlong/gcms_consistency_old/dataset/20250905/1791#HYZBCS125090302.D,1791#HYZBCS125090302.D,24,20250905,1791.0,HYZ,云烟（紫）,B,125090302,BCS125090302,HYZ,HYZ,HYZ,HYZ,HYZ,False,/home/ubuntu/sunlong/gcms_consistency_old/new_prepared_data/tensors/20250905/HYZ/2215_B24_1791_125090302.npz
B24_1792_125090305,/home/ubuntu/sunlong/gcms_consistency_old/dataset/20250905/1792#HYZBCS125090305.D,1792#HYZBCS125090305.D,24,20250905,1792.0,HYZ,云烟（紫）,B,125090305,BCS125090305,HYZ,HYZ,HYZ,HYZ,HYZ,False,/home/ubuntu/sunlong/gcms_consistency_old/new_prepared_data/tensors/20250905/HYZ/2216_B24_1792_125090305.npz
B24_1793_125090309,/home/ubuntu/sunlong/gcms_consistency_old/dataset/20250905/1793#HYZBCS125090309.D,1793#HYZBCS125090309.D,24,20250905,1793.0,HYZ,云烟（紫）,B,125090309,BCS125090309,HYZ,HYZ,HYZ,HYZ,HYZ,False,/home/ubuntu/sunlong/gcms_consistency_old/new_prepared_data/tensors/20250905/HYZ/2217_B24_1793_125090309.npz
B24_1794_125090312,/home/ubuntu/sunlong/gcms_consistency_old/dataset/20250905/1794#HYZBCS125090312.D,1794#HYZBCS125090312.D,24,20250905,1794.0,HYZ,云烟（紫）,B,125090312,BCS125090312,HYZ,HYZ,HYZ,HYZ,HYZ,False,/home/ubuntu/sunlong/gcms_consistency_old/new_prepared_data/tensors/20250905/HYZ/2218_B24_1794_125090312.npz
B24_1795_125090314,/home/ubuntu/sunlong/gcms_consistency_old/dataset/20250905/1795#HYZBCS125090314.D,1795#HYZBCS125090314.D,24,20250905,1795.0,HYZ,云烟（紫）,B,125090314,BCS125090314,HYZ,HYZ,HYZ,HYZ,HYZ,False,/home/ubuntu/sunlong/gcms_consistency_old/new_prepared_data/tensors/20250905/HYZ/2219_B24_1795_125090314.npz
B24_1796_125090316,/home/ubuntu/sunlong/gcms_consistency_old/dataset/20250905/1796#HYZBCS125090316.D,1796#HYZBCS125090316.D,24,20250905,1796.0,HYZ,云烟（紫）,B,125090316,BCS125090316,HYZ,HYZ,HYZ,HYZ,HYZ,False,/home/ubuntu/sunlong/gcms_consistency_old/new_prepared_data/tensors/20250905/HYZ/2220_B24_1796_125090316.npz
B24_1797_125090317,/home/ubuntu/sunlong/gcms_consistency_old/dataset/20250905/1797#HYZBCS125090317.D,1797#HYZBCS125090317.D,24,20250905,1797.0,HYZ,云烟（紫）,B,125090317,BCS125090317,HYZ,HYZ,HYZ,HYZ,HYZ,False,/home/ubuntu/sunlong/gcms_consistency_old/new_prepared_data/tensors/20250905/HYZ/2221_B24_1797_125090317.npz
B24_1798_125090311,/home/ubuntu/sunlong/gcms_consistency_old/dataset/20250905/1798#HYZCCS125090311.D,1798#HYZCCS125090311.D,24,20250905,1798.0,HYZ,云烟（紫）,C,125090311,CCS125090311,HYZ,HYZ,HYZ,HYZ,HYZ,False,/home/ubuntu/sunlong/gcms_consistency_old/new_prepared_data/tensors/20250905/HYZ/2222_B24_1798_125090311.npz
B24_1799_125090313,/home/ubuntu/sunlong/gcms_consistency_old/dataset/20250905/1799#HYZCCS125090313.D,1799#HYZCCS125090313.D,24,20250905,1799.0,HYZ,云烟（紫）,C,125090313,CCS125090313,HYZ,HYZ,HYZ,HYZ,HYZ,False,/home/ubuntu/sunlong/gcms_consistency_old/new_prepared_data/tensors/20250905/HYZ/2223_B24_1799_125090313.npz
B24_1800_125090318,/home/ubuntu/sunlong/gcms_consistency_old/dataset/20250905/1800#RJDACS125090318.D,1800#RJDACS125090318.D,24,20250905,1800.0,YJD,红塔山（硬经典）,A,125090318,ACS125090318,YJD,YJD,YJD,YJD,YJD,False,/home/ubuntu/sunlong/gcms_consistency_old/new_prepared_data/tensors/20250905/RJD/2224_B24_1800_125090318.npz
B24_1801_225090301,/home/ubuntu/sunlong/gcms_consistency_old/dataset/20250905/1801#XCJACS225090301.D,1801#XCJACS225090301.D,24,20250905,1801.0,XCJ,云烟（中支小重九）,A,225090301,ACS225090301,XCJ,XCJ,XCJ,XCJ,XCJ,False,/home/ubuntu/sunlong/gcms_consistency_old/new_prepared_data/tensors/20250905/XCJ/2225_B24_1801_225090301.npz
B24_1802_225090302,/home/ubuntu/sunlong/gcms_consistency_old/dataset/20250905/1802#XCJACS225090302.D,1802#XCJACS225090302.D,24,20250905,1802.0,XCJ,云烟（中支小重九）,A,225090302,ACS225090302,XCJ,XCJ,XCJ,XCJ,XCJ,False,/home/ubuntu/sunlong/gcms_consistency_old/new_prepared_data/tensors/20250905/XCJ/2226_B24_1802_225090302.npz
B24_1803_125090404,/home/ubuntu/sunlong/gcms_consistency_old/dataset/20250905/1803#H88ACS125090404.D,1803#H88ACS125090404.D,24,20250905,1803.0,H88,红河（88）,A,125090404,ACS125090404,H88,H88,H88,H88,H88,False,/home/ubuntu/sunlong/gcms_consistency_old/new_prepared_data/tensors/20250905/H88/2227_B24_1803_125090404.npz
B24_1804_125090407,/home/ubuntu/sunlong/gcms_consistency_old/dataset/20250905/1804#H88ACS125090407.D,1804#H88ACS125090407.D,24,20250905,1804.0,H88,红河（88）,A,125090407,ACS125090407,H88,H88,H88,H88,H88,False,/home/ubuntu/sunlong/gcms_consistency_old/new_prepared_data/tensors/20250905/H88/2228_B24_1804_125090407.npz
B24_1805_125090403,/home/ubuntu/sunlong/gcms_consistency_old/dataset/20250905/1805#H88CCS125090403.D,1805#H88CCS125090403.D,24,20250905,1805.0,H88,红河（88）,C,125090403,CCS125090403,H88,H88,H88,H88,H88,False,/home/ubuntu/sunlong/gcms_consistency_old/new_prepared_data/tensors/20250905/H88/2229_B24_1805_125090403.npz
B24_1806_125090420,/home/ubuntu/sunlong/gcms_consistency_old/dataset/20250905/1806#H88CCS125090420.D,1806#H88CCS125090420.D,24,20250905,1806.0,H88,红河（88）,C,125090420,CCS125090420,H88,H88,H88,H88,H88,False,/home/ubuntu/sunlong/gcms_consistency_old/new_prepared_data/tensors/20250905/H88/2230_B24_1806_125090420.npz
B24_1807_125090418,/home/ubuntu/sunlong/gcms_consistency_old/dataset/20250905/1807#H99CCS125090418.D,1807#H99CCS125090418.D,24,20250905,1807.0,H99,红河（99）,C,125090418,CCS125090418,H99,H99,H99,H99,H99,False,/home/ubuntu/sunlong/gcms_consistency_old/new_prepared_data/tensors/20250905/H99/2231_B24_1807_125090418.npz
B24_1808_125090410,/home/ubuntu/sunlong/gcms_consistency_old/dataset/20250905/1808#HMDACS125090410.D,1808#HMDACS125090410.D,24,20250905,1808.0,HMD,牡丹（软）,A,125090410,ACS125090410,HMD,HMD,HMD,HMD,HMD,False,/home/ubuntu/sunlong/gcms_consistency_old/new_prepared_data/tensors/20250905/HMD/2232_B24_1808_125090410.npz
B24_1809_125090402,/home/ubuntu/sunlong/gcms_consistency_old/dataset/20250905/1809#HYZBCS125090402.D,1809#HYZBCS125090402.D,24,20250905,1809.0,HYZ,云烟（紫）,B,125090402,BCS125090402,HYZ,HYZ,HYZ,HYZ,HYZ,False,/home/ubuntu/sunlong/gcms_consistency_old/new_prepared_data/tensors/20250905/HYZ/2233_B24_1809_125090402.npz
B24_1810_125090405,/home/ubuntu/sunlong/gcms_consistency_old/dataset/20250905/1810#HYZBCS125090405.D,1810#HYZBCS125090405.D,24,20250905,1810.0,HYZ,云烟（紫）,B,125090405,BCS125090405,HYZ,HYZ,HYZ,HYZ,HYZ,False,/home/ubuntu/sunlong/gcms_consistency_old/new_prepared_data/tensors/20250905/HYZ/2234_B24_1810_125090405.npz
B24_1811_125090408,/home/ubuntu/sunlong/gcms_consistency_old/dataset/20250905/1811#HYZBCS125090408.D,1811#HYZBCS125090408.D,24,20250905,1811.0,HYZ,云烟（紫）,B,125090408,BCS125090408,HYZ,HYZ,HYZ,HYZ,HYZ,False,/home/ubuntu/sunlong/gcms_consistency_old/new_prepared_data/tensors/20250905/HYZ/2235_B24_1811_125090408.npz
B24_1812_125090411,/home/ubuntu/sunlong/gcms_consistency_old/dataset/20250905/1812#HYZBCS125090411.D,1812#HYZBCS125090411.D,24,20250905,1812.0,HYZ,云烟（紫）,B,125090411,BCS125090411,HYZ,HYZ,HYZ,HYZ,HYZ,False,/home/ubuntu/sunlong/gcms_consistency_old/new_prepared_data/tensors/20250905/HYZ/2236_B24_1812_125090411.npz
B24_1813_125090414,/home/ubuntu/sunlong/gcms_consistency_old/dataset/20250905/1813#HYZBCS125090414.D,1813#HYZBCS125090414.D,24,20250905,1813.0,HYZ,云烟（紫）,B,125090414,BCS125090414,HYZ,HYZ,HYZ,HYZ,HYZ,False,/home/ubuntu/sunlong/gcms_consistency_old/new_prepared_data/tensors/20250905/HYZ/2237_B24_1813_125090414.npz
B24_1814_125090419,/home/ubuntu/sunlong/gcms_consistency_old/dataset/20250905/1814#HYZBCS125090419.D,1814#HYZBCS125090419.D,24,20250905,1814.0,HYZ,云烟（紫）,B,125090419,BCS125090419,HYZ,HYZ,HYZ,HYZ,HYZ,False,/home/ubuntu/sunlong/gcms_consistency_old/new_prepared_data/tensors/20250905/HYZ/2238_B24_1814_125090419.npz
B24_1815_125090421,/home/ubuntu/sunlong/gcms_consistency_old/dataset/20250905/1815#HYZBCS125090421.D,1815#HYZBCS125090421.D,24,20250905,1815.0,HYZ,云烟（紫）,B,125090421,BCS125090421,HYZ,HYZ,HYZ,HYZ,HYZ,False,/home/ubuntu/sunlong/gcms_consistency_old/new_prepared_data/tensors/20250905/HYZ/2239_B24_1815_125090421.npz
B24_1816_125090406,/home/ubuntu/sunlong/gcms_consistency_old/dataset/20250905/1816#HYZCCS125090406.D,1816#HYZCCS125090406.D,24,20250905,1816.0,HYZ,云烟（紫）,C,125090406,CCS125090406,HYZ,HYZ,HYZ,HYZ,HYZ,False,/home/ubuntu/sunlong/gcms_consistency_old/new_prepared_data/tensors/20250905/HYZ/2240_B24_1816_125090406.npz
B24_1817_125090409,/home/ubuntu/sunlong/gcms_consistency_old/dataset/20250905/1817#HYZCCS125090409.D,1817#HYZCCS125090409.D,24,20250905,1817.0,HYZ,云烟（紫）,C,125090409,CCS125090409,HYZ,HYZ,HYZ,HYZ,HYZ,False,/home/ubuntu/sunlong/gcms_consistency_old/new_prepared_data/tensors/20250905/HYZ/2241_B24_1817_125090409.npz
B24_1818_125090412,/home/ubuntu/sunlong/gcms_consistency_old/dataset/20250905/1818#HYZCCS125090412.D,1818#HYZCCS125090412.D,24,20250905,1818.0,HYZ,云烟（紫）,C,125090412,CCS125090412,HYZ,HYZ,HYZ,HYZ,HYZ,False,/home/ubuntu/sunlong/gcms_consistency_old/new_prepared_data/tensors/20250905/HYZ/2242_B24_1818_125090412.npz
B24_1819_125090415,/home/ubuntu/sunlong/gcms_consistency_old/dataset/20250905/1819#HYZCCS125090415.D,1819#HYZCCS125090415.D,24,20250905,1819.0,HYZ,云烟（紫）,C,125090415,CCS125090415,HYZ,HYZ,HYZ,HYZ,HYZ,False,/home/ubuntu/sunlong/gcms_consistency_old/new_prepared_data/tensors/20250905/HYZ/2243_B24_1819_125090415.npz
B24_1820_125090401,/home/ubuntu/sunlong/gcms_consistency_old/dataset/20250905/1820#RJDACS125090401.D,1820#RJDACS125090401.D,24,20250905,1820.0,YJD,红塔山（硬经典）,A,125090401,ACS125090401,YJD,YJD,YJD,YJD,YJD,False,/home/ubuntu/sunlong/gcms_consistency_old/new_prepared_data/tensors/20250905/RJD/2244_B24_1820_125090401.npz
B24_1821_125090416,/home/ubuntu/sunlong/gcms_consistency_old/dataset/20250905/1821#RJDACS125090416.D,1821#RJDACS125090416.D,24,20250905,1821.0,YJD,红塔山（硬经典）,A,125090416,ACS125090416,YJD,YJD,YJD,YJD,YJD,False,/home/ubuntu/sunlong/gcms_consistency_old/new_prepared_data/tensors/20250905/RJD/2245_B24_1821_125090416.npz
B24_1821_125090510,/home/ubuntu/sunlong/gcms_consistency_old/dataset/20250905/1821#YJDACS125090510.D,1821#YJDACS125090510.D,24,20250905,1821.0,YJD,红塔山（硬经典）,A,125090510,ACS125090510,YJD,YJD,YJD,YJD,YJD,False,/home/ubuntu/sunlong/gcms_consistency_old/new_prepared_data/tensors/20250905/YJD/2246_B24_1821_125090510.npz
B24_1822_125090417,/home/ubuntu/sunlong/gcms_consistency_old/dataset/20250905/1822#RJDACS125090417.D,1822#RJDACS125090417.D,24,20250905,1822.0,YJD,红塔山（硬经典）,A,125090417,ACS125090417,YJD,YJD,YJD,YJD,YJD,False,/home/ubuntu/sunlong/gcms_consistency_old/new_prepared_data/tensors/20250905/RJD/2247_B24_1822_125090417.npz
B24_1823_125090413,/home/ubuntu/sunlong/gcms_consistency_old/dataset/20250905/1823#YJDACS125090413.D,1823#YJDACS125090413.D,24,20250905,1823.0,YJD,红塔山（硬经典）,A,125090413,ACS125090413,YJD,YJD,YJD,YJD,YJD,False,/home/ubuntu/sunlong/gcms_consistency_old/new_prepared_data/tensors/20250905/YJD/2248_B24_1823_125090413.npz
B24_1839_125090501,/home/ubuntu/sunlong/gcms_consistency_old/dataset/20250905/1839#H88ACS125090501.D,1839#H88ACS125090501.D,24,20250905,1839.0,H88,红河（88）,A,125090501,ACS125090501,H88,H88,H88,H88,H88,False,/home/ubuntu/sunlong/gcms_consistency_old/new_prepared_data/tensors/20250905/H88/2249_B24_1839_125090501.npz
B24_1840_125090504,/home/ubuntu/sunlong/gcms_consistency_old/dataset/20250905/1840#H88ACS125090504.D,1840#H88ACS125090504.D,24,20250905,1840.0,H88,红河（88）,A,125090504,ACS125090504,H88,H88,H88,H88,H88,False,/home/ubuntu/sunlong/gcms_consistency_old/new_prepared_data/tensors/20250905/H88/2250_B24_1840_125090504.npz
B24_1841_125090503,/home/ubuntu/sunlong/gcms_consistency_old/dataset/20250905/1841#H88CCS125090503.D,1841#H88CCS125090503.D,24,20250905,1841.0,H88,红河（88）,C,125090503,CCS125090503,H88,H88,H88,H88,H88,False,/home/ubuntu/sunlong/gcms_consistency_old/new_prepared_data/tensors/20250905/H88/2251_B24_1841_125090503.npz
B24_1842_125090506,/home/ubuntu/sunlong/gcms_consistency_old/dataset/20250905/1842#H88CCS125090506.D,1842#H88CCS125090506.D,24,20250905,1842.0,H88,红河（88）,C,125090506,CCS125090506,H88,H88,H88,H88,H88,False,/home/ubuntu/sunlong/gcms_consistency_old/new_prepared_data/tensors/20250905/H88/2252_B24_1842_125090506.npz
B24_1843_125090517,/home/ubuntu/sunlong/gcms_consistency_old/dataset/20250905/1843#HMDACS125090517.D,1843#HMDACS125090517.D,24,20250905,1843.0,HMD,牡丹（软）,A,125090517,ACS125090517,HMD,HMD,HMD,HMD,HMD,False,/home/ubuntu/sunlong/gcms_consistency_old/new_prepared_data/tensors/20250905/HMD/2253_B24_1843_125090517.npz
B24_1844_125090502,/home/ubuntu/sunlong/gcms_consistency_old/dataset/20250905/1844#HYZBCS125090502.D,1844#HYZBCS125090502.D,24,20250905,1844.0,HYZ,云烟（紫）,B,125090502,BCS125090502,HYZ,HYZ,HYZ,HYZ,HYZ,False,/home/ubuntu/sunlong/gcms_consistency_old/new_prepared_data/tensors/20250905/HYZ/2254_B24_1844_125090502.npz
B24_1845_125090505,/home/ubuntu/sunlong/gcms_consistency_old/dataset/20250905/1845#HYZBCS125090505.D,1845#HYZBCS125090505.D,24,20250905,1845.0,HYZ,云烟（紫）,B,125090505,BCS125090505,HYZ,HYZ,HYZ,HYZ,HYZ,False,/home/ubuntu/sunlong/gcms_consistency_old/new_prepared_data/tensors/20250905/HYZ/2255_B24_1845_125090505.npz
B24_1846_125090508,/home/ubuntu/sunlong/gcms_consistency_old/dataset/20250905/1846#HYZBCS125090508.D,1846#HYZBCS125090508.D,24,20250905,1846.0,HYZ,云烟（紫）,B,125090508,BCS125090508,HYZ,HYZ,HYZ,HYZ,HYZ,False,/home/ubuntu/sunlong/gcms_consistency_old/new_prepared_data/tensors/20250905/HYZ/2256_B24_1846_125090508.npz
B24_1847_125090511,/home/ubuntu/sunlong/gcms_consistency_old/dataset/20250905/1847#HYZBCS125090511.D,1847#HYZBCS125090511.D,24,20250905,1847.0,HYZ,云烟（紫）,B,125090511,BCS125090511,HYZ,HYZ,HYZ,HYZ,HYZ,False,/home/ubuntu/sunlong/gcms_consistency_old/new_prepared_data/tensors/20250905/HYZ/2257_B24_1847_125090511.npz
B24_1848_125090514,/home/ubuntu/sunlong/gcms_consistency_old/dataset/20250905/1848#HYZBCS125090514.D,1848#HYZBCS125090514.D,24,20250905,1848.0,HYZ,云烟（紫）,B,125090514,BCS125090514,HYZ,HYZ,HYZ,HYZ,HYZ,False,/home/ubuntu/sunlong/gcms_consistency_old/new_prepared_data/tensors/20250905/HYZ/2258_B24_1848_125090514.npz
B24_1849_125090518,/home/ubuntu/sunlong/gcms_consistency_old/dataset/20250905/1849#HYZBCS125090518.D,1849#HYZBCS125090518.D,24,20250905,1849.0,HYZ,云烟（紫）,B,125090518,BCS125090518,HYZ,HYZ,HYZ,HYZ,HYZ,False,/home/ubuntu/sunlong/gcms_consistency_old/new_prepared_data/tensors/20250905/HYZ/2259_B24_1849_125090518.npz
B24_1850_125090509,/home/ubuntu/sunlong/gcms_consistency_old/dataset/20250905/1850#HYZCCS125090509.D,1850#HYZCCS125090509.D,24,20250905,1850.0,HYZ,云烟（紫）,C,125090509,CCS125090509,HYZ,HYZ,HYZ,HYZ,HYZ,False,/home/ubuntu/sunlong/gcms_consistency_old/new_prepared_data/tensors/20250905/HYZ/2260_B24_1850_125090509.npz
B24_1851_125090512,/home/ubuntu/sunlong/gcms_consistency_old/dataset/20250905/1851#HYZCCS125090512.D,1851#HYZCCS125090512.D,24,20250905,1851.0,HYZ,云烟（紫）,C,125090512,CCS125090512,HYZ,HYZ,HYZ,HYZ,HYZ,False,/home/ubuntu/sunlong/gcms_consistency_old/new_prepared_data/tensors/20250905/HYZ/2261_B24_1851_125090512.npz
B24_1852_125090515,/home/ubuntu/sunlong/gcms_consistency_old/dataset/20250905/1852#HYZCCS125090515.D,1852#HYZCCS125090515.D,24,20250905,1852.0,HYZ,云烟（紫）,C,125090515,CCS125090515,HYZ,HYZ,HYZ,HYZ,HYZ,False,/home/ubuntu/sunlong/gcms_consistency_old/new_prepared_data/tensors/20250905/HYZ/2262_B24_1852_125090515.npz
B24_1853_125090519,/home/ubuntu/sunlong/gcms_consistency_old/dataset/20250905/1853#HYZCCS125090519.D,1853#HYZCCS125090519.D,24,20250905,1853.0,HYZ,云烟（紫）,C,125090519,CCS125090519,HYZ,HYZ,HYZ,HYZ,HYZ,False,/home/ubuntu/sunlong/gcms_consistency_old/new_prepared_data/tensors/20250905/HYZ/2263_B24_1853_125090519.npz
B24_1854_125090513,/home/ubuntu/sunlong/gcms_consistency_old/dataset/20250905/1854#RJDACS125090513.D,1854#RJDACS125090513.D,24,20250905,1854.0,YJD,红塔山（硬经典）,A,125090513,ACS125090513,YJD,YJD,YJD,YJD,YJD,False,/home/ubuntu/sunlong/gcms_consistency_old/new_prepared_data/tensors/20250905/RJD/2264_B24_1854_125090513.npz
B24_1855_125090516,/home/ubuntu/sunlong/gcms_consistency_old/dataset/20250905/1855#RJDACS125090516.D,1855#RJDACS125090516.D,24,20250905,1855.0,YJD,红塔山（硬经典）,A,125090516,ACS125090516,YJD,YJD,YJD,YJD,YJD,False,/home/ubuntu/sunlong/gcms_consistency_old/new_prepared_data/tensors/20250905/RJD/2265_B24_1855_125090516.npz
B24_1856_125090507,/home/ubuntu/sunlong/gcms_consistency_old/dataset/20250905/1856#YJDACS125090507.D,1856#YJDACS125090507.D,24,20250905,1856.0,YJD,红塔山（硬经典）,A,125090507,ACS125090507,YJD,YJD,YJD,YJD,YJD,False,/home/ubuntu/sunlong/gcms_consistency_old/new_prepared_data/tensors/20250905/YJD/2266_B24_1856_125090507.npz
B24_1858_125090607,/home/ubuntu/sunlong/gcms_consistency_old/dataset/20250905/1858#H88ACS125090607.D,1858#H88ACS125090607.D,24,20250905,1858.0,H88,红河（88）,A,125090607,ACS125090607,H88,H88,H88,H88,H88,False,/home/ubuntu/sunlong/gcms_consistency_old/new_prepared_data/tensors/20250905/H88/2267_B24_1858_125090607.npz
B24_1859_125090610,/home/ubuntu/sunlong/gcms_consistency_old/dataset/20250905/1859#H88ACS125090610.D,1859#H88ACS125090610.D,24,20250905,1859.0,H88,红河（88）,A,125090610,ACS125090610,H88,H88,H88,H88,H88,False,/home/ubuntu/sunlong/gcms_consistency_old/new_prepared_data/tensors/20250905/H88/2268_B24_1859_125090610.npz
B24_1860_125090603,/home/ubuntu/sunlong/gcms_consistency_old/dataset/20250905/1860#H88CCS125090603.D,1860#H88CCS125090603.D,24,20250905,1860.0,H88,红河（88）,C,125090603,CCS125090603,H88,H88,H88,H88,H88,False,/home/ubuntu/sunlong/gcms_consistency_old/new_prepared_data/tensors/20250905/H88/2269_B24_1860_125090603.npz
B24_1861_125090606,/home/ubuntu/sunlong/gcms_consistency_old/dataset/20250905/1861#H88CCS125090606.D,1861#H88CCS125090606.D,24,20250905,1861.0,H88,红河（88）,C,125090606,CCS125090606,H88,H88,H88,H88,H88,False,/home/ubuntu/sunlong/gcms_consistency_old/new_prepared_data/tensors/20250905/H88/2270_B24_1861_125090606.npz
B24_1862_125090601,/home/ubuntu/sunlong/gcms_consistency_old/dataset/20250905/1862#HMDACS125090601.D,1862#HMDACS125090601.D,24,20250905,1862.0,HMD,牡丹（软）,A,125090601,ACS125090601,HMD,HMD,HMD,HMD,HMD,False,/home/ubuntu/sunlong/gcms_consistency_old/new_prepared_data/tensors/20250905/HMD/2271_B24_1862_125090601.npz
B24_1863_125090604,/home/ubuntu/sunlong/gcms_consistency_old/dataset/20250905/1863#HMDACS125090604.D,1863#HMDACS125090604.D,24,20250905,1863.0,HMD,牡丹（软）,A,125090604,ACS125090604,HMD,HMD,HMD,HMD,HMD,False,/home/ubuntu/sunlong/gcms_consistency_old/new_prepared_data/tensors/20250905/HMD/2272_B24_1863_125090604.npz
B24_1864_125090615,/home/ubuntu/sunlong/gcms_consistency_old/dataset/20250905/1864#HYZBCS125090615.D,1864#HYZBCS125090615.D,24,20250905,1864.0,HYZ,云烟（紫）,B,125090615,BCS125090615,HYZ,HYZ,HYZ,HYZ,HYZ,False,/home/ubuntu/sunlong/gcms_consistency_old/new_prepared_data/tensors/20250905/HYZ/2273_B24_1864_125090615.npz
B24_1865_125090616,/home/ubuntu/sunlong/gcms_consistency_old/dataset/20250905/1865#HYZBCS125090616.D,1865#HYZBCS125090616.D,24,20250905,1865.0,HYZ,云烟（紫）,B,125090616,BCS125090616,HYZ,HYZ,HYZ,HYZ,HYZ,False,/home/ubuntu/sunlong/gcms_consistency_old/new_prepared_data/tensors/20250905/HYZ/2274_B24_1865_125090616.npz
B24_1866_125090617,/home/ubuntu/sunlong/gcms_consistency_old/dataset/20250905/1866#HYZBCS125090617.D,1866#HYZBCS125090617.D,24,20250905,1866.0,HYZ,云烟（紫）,B,125090617,BCS125090617,HYZ,HYZ,HYZ,HYZ,HYZ,False,/home/ubuntu/sunlong/gcms_consistency_old/new_prepared_data/tensors/20250905/HYZ/2275_B24_1866_125090617.npz
B24_1867_125090618,/home/ubuntu/sunlong/gcms_consistency_old/dataset/20250905/1867#HYZBCS125090618.D,1867#HYZBCS125090618.D,24,20250905,1867.0,HYZ,云烟（紫）,B,125090618,BCS125090618,HYZ,HYZ,HYZ,HYZ,HYZ,False,/home/ubuntu/sunlong/gcms_consistency_old/new_prepared_data/tensors/20250905/HYZ/2276_B24_1867_125090618.npz
B24_1868_125090619,/home/ubuntu/sunlong/gcms_consistency_old/dataset/20250905/1868#HYZBCS125090619.D,1868#HYZBCS125090619.D,24,20250905,1868.0,HYZ,云烟（紫）,B,125090619,BCS125090619,HYZ,HYZ,HYZ,HYZ,HYZ,False,/home/ubuntu/sunlong/gcms_consistency_old/new_prepared_data/tensors/20250905/HYZ/2277_B24_1868_125090619.npz
B24_1869_425090601,/home/ubuntu/sunlong/gcms_consistency_old/dataset/20250905/1869#HYZBCS425090601.D,1869#HYZBCS425090601.D,24,20250905,1869.0,HYZ,云烟（紫）,B,425090601,BCS425090601,HYZ,HYZ,HYZ,HYZ,HYZ,False,/home/ubuntu/sunlong/gcms_consistency_old/new_prepared_data/tensors/20250905/HYZ/2278_B24_1869_425090601.npz
B24_1870_125090609,/home/ubuntu/sunlong/gcms_consistency_old/dataset/20250905/1870#HYZCCS125090609.D,1870#HYZCCS125090609.D,24,20250905,1870.0,HYZ,云烟（紫）,C,125090609,CCS125090609,HYZ,HYZ,HYZ,HYZ,HYZ,False,/home/ubuntu/sunlong/gcms_consistency_old/new_prepared_data/tensors/20250905/HYZ/2279_B24_1870_125090609.npz
B24_1871_125090611,/home/ubuntu/sunlong/gcms_consistency_old/dataset/20250905/1871#HYZCCS125090611.D,1871#HYZCCS125090611.D,24,20250905,1871.0,HYZ,云烟（紫）,C,125090611,CCS125090611,HYZ,HYZ,HYZ,HYZ,HYZ,False,/home/ubuntu/sunlong/gcms_consistency_old/new_prepared_data/tensors/20250905/HYZ/2280_B24_1871_125090611.npz
B24_1872_125090612,/home/ubuntu/sunlong/gcms_consistency_old/dataset/20250905/1872#YJDACS125090612.D,1872#YJDACS125090612.D,24,20250905,1872.0,YJD,红塔山（硬经典）,A,125090612,ACS125090612,YJD,YJD,YJD,YJD,YJD,False,/home/ubuntu/sunlong/gcms_consistency_old/new_prepared_data/tensors/20250905/YJD/2281_B24_1872_125090612.npz
B24_1873_125090614,/home/ubuntu/sunlong/gcms_consistency_old/dataset/20250905/1873#YJDACS125090614.D,1873#YJDACS125090614.D,24,20250905,1873.0,YJD,红塔山（硬经典）,A,125090614,ACS125090614,YJD,YJD,YJD,YJD,YJD,False,/home/ubuntu/sunlong/gcms_consistency_old/new_prepared_data/tensors/20250905/YJD/2282_B24_1873_125090614.npz
B25_0000_0#balnk,/home/ubuntu/sunlong/gcms_consistency_old/dataset/20250912/0#balnk.D,0#balnk.D,25,20250912,0.0,BLANK,空白样,,,0#balnk,BLANK,BLANK,BLANK,BLANK,BLANK,True,/home/ubuntu/sunlong/gcms_consistency_old/new_prepared_data/tensors/20250912/BLANK/2283_B25_0000_0_balnk.npz
B25_1874_125090807,/home/ubuntu/sunlong/gcms_consistency_old/dataset/20250912/1874#H88ACS125090807.D,1874#H88ACS125090807.D,25,20250912,1874.0,H88,红河（88）,A,125090807,ACS125090807,H88,H88,H88,H88,H88,False,/home/ubuntu/sunlong/gcms_consistency_old/new_prepared_data/tensors/20250912/H88/2284_B25_1874_125090807.npz
B25_1875_125090810,/home/ubuntu/sunlong/gcms_consistency_old/dataset/20250912/1875#H88ACS125090810.D,1875#H88ACS125090810.D,25,20250912,1875.0,H88,红河（88）,A,125090810,ACS125090810,H88,H88,H88,H88,H88,False,/home/ubuntu/sunlong/gcms_consistency_old/new_prepared_data/tensors/20250912/H88/2285_B25_1875_125090810.npz
B25_1876_125090813,/home/ubuntu/sunlong/gcms_consistency_old/dataset/20250912/1876#H88ACS125090813.D,1876#H88ACS125090813.D,25,20250912,1876.0,H88,红河（88）,A,125090813,ACS125090813,H88,H88,H88,H88,H88,False,/home/ubuntu/sunlong/gcms_consistency_old/new_prepared_data/tensors/20250912/H88/2286_B25_1876_125090813.npz
B25_1877_125090817,/home/ubuntu/sunlong/gcms_consistency_old/dataset/20250912/1877#H88ACS125090817.D,1877#H88ACS125090817.D,25,20250912,1877.0,H88,红河（88）,A,125090817,ACS125090817,H88,H88,H88,H88,H88,False,/home/ubuntu/sunlong/gcms_consistency_old/new_prepared_data/tensors/20250912/H88/2287_B25_1877_125090817.npz
B25_1878_125090806,/home/ubuntu/sunlong/gcms_consistency_old/dataset/20250912/1878#H99CCS125090806.D,1878#H99CCS125090806.D,25,20250912,1878.0,H99,红河（99）,C,125090806,CCS125090806,H99,H99,H99,H99,H99,False,/home/ubuntu/sunlong/gcms_consistency_old/new_prepared_data/tensors/20250912/H99/2288_B25_1878_125090806.npz
B25_1879_125090809,/home/ubuntu/sunlong/gcms_consistency_old/dataset/20250912/1879#HRYBCS125090809.D,1879#HRYBCS125090809.D,25,20250912,1879.0,HRY,云烟（软如意）,B,125090809,BCS125090809,HRY,HRY,HRY,HRY,HRY,False,/home/ubuntu/sunlong/gcms_consistency_old/new_prepared_data/tensors/20250912/HRY/2289_B25_1879_125090809.npz
B25_1880_125090816,/home/ubuntu/sunlong/gcms_consistency_old/dataset/20250912/1880#HYXACS125090816.D,1880#HYXACS125090816.D,25,20250912,1880.0,HYX,云烟（印象）,A,125090816,ACS125090816,HYX,HYX,HYX,HYX,HYX,False,/home/ubuntu/sunlong/gcms_consistency_old/new_prepared_data/tensors/20250912/HYX/2290_B25_1880_125090816.npz
B25_1881_125090802,/home/ubuntu/sunlong/gcms_consistency_old/dataset/20250912/1881#HYZBCS125090802.D,1881#HYZBCS125090802.D,25,20250912,1881.0,HYZ,云烟（紫）,B,125090802,BCS125090802,HYZ,HYZ,HYZ,HYZ,HYZ,False,/home/ubuntu/sunlong/gcms_consistency_old/new_prepared_data/tensors/20250912/HYZ/2291_B25_1881_125090802.npz
B25_1882_125090805,/home/ubuntu/sunlong/gcms_consistency_old/dataset/20250912/1882#HYZBCS125090805.D,1882#HYZBCS125090805.D,25,20250912,1882.0,HYZ,云烟（紫）,B,125090805,BCS125090805,HYZ,HYZ,HYZ,HYZ,HYZ,False,/home/ubuntu/sunlong/gcms_consistency_old/new_prepared_data/tensors/20250912/HYZ/2292_B25_1882_125090805.npz
B25_1883_125090812,/home/ubuntu/sunlong/gcms_consistency_old/dataset/20250912/1883#HYZBCS125090812.D,1883#HYZBCS125090812.D,25,20250912,1883.0,HYZ,云烟（紫）,B,125090812,BCS125090812,HYZ,HYZ,HYZ,HYZ,HYZ,False,/home/ubuntu/sunlong/gcms_consistency_old/new_prepared_data/tensors/20250912/HYZ/2293_B25_1883_125090812.npz
B25_1884_125090815,/home/ubuntu/sunlong/gcms_consistency_old/dataset/20250912/1884#HYZBCS125090815.D,1884#HYZBCS125090815.D,25,20250912,1884.0,HYZ,云烟（紫）,B,125090815,BCS125090815,HYZ,HYZ,HYZ,HYZ,HYZ,False,/home/ubuntu/sunlong/gcms_consistency_old/new_prepared_data/tensors/20250912/HYZ/2294_B25_1884_125090815.npz
B25_1885_125090803,/home/ubuntu/sunlong/gcms_consistency_old/dataset/20250912/1885#HYZCCS125090803.D,1885#HYZCCS125090803.D,25,20250912,1885.0,HYZ,云烟（紫）,C,125090803,CCS125090803,HYZ,HYZ,HYZ,HYZ,HYZ,False,/home/ubuntu/sunlong/gcms_consistency_old/new_prepared_data/tensors/20250912/HYZ/2295_B25_1885_125090803.npz
B25_1886_125090808,/home/ubuntu/sunlong/gcms_consistency_old/dataset/20250912/1886#HYZCCS125090808.D,1886#HYZCCS125090808.D,25,20250912,1886.0,HYZ,云烟（紫）,C,125090808,CCS125090808,HYZ,HYZ,HYZ,HYZ,HYZ,False,/home/ubuntu/sunlong/gcms_consistency_old/new_prepared_data/tensors/20250912/HYZ/2296_B25_1886_125090808.npz
B25_1887_125090811,/home/ubuntu/sunlong/gcms_consistency_old/dataset/20250912/1887#HYZCCS125090811.D,1887#HYZCCS125090811.D,25,20250912,1887.0,HYZ,云烟（紫）,C,125090811,CCS125090811,HYZ,HYZ,HYZ,HYZ,HYZ,False,/home/ubuntu/sunlong/gcms_consistency_old/new_prepared_data/tensors/20250912/HYZ/2297_B25_1887_125090811.npz
B25_1888_125090814,/home/ubuntu/sunlong/gcms_consistency_old/dataset/20250912/1888#HYZCCS125090814.D,1888#HYZCCS125090814.D,25,20250912,1888.0,HYZ,云烟（紫）,C,125090814,CCS125090814,HYZ,HYZ,HYZ,HYZ,HYZ,False,/home/ubuntu/sunlong/gcms_consistency_old/new_prepared_data/tensors/20250912/HYZ/2298_B25_1888_125090814.npz
B25_1889_125090804,/home/ubuntu/sunlong/gcms_consistency_old/dataset/20250912/1889#RJDACS125090804.D,1889#RJDACS125090804.D,25,20250912,1889.0,YJD,红塔山（硬经典）,A,125090804,ACS125090804,YJD,YJD,YJD,YJD,YJD,False,/home/ubuntu/sunlong/gcms_consistency_old/new_prepared_data/tensors/20250912/RJD/2299_B25_1889_125090804.npz
B25_1890_125090811,/home/ubuntu/sunlong/gcms_consistency_old/dataset/20250912/1890#RJDACS125090811.D,1890#RJDACS125090811.D,25,20250912,1890.0,YJD,红塔山（硬经典）,A,125090811,ACS125090811,YJD,YJD,YJD,YJD,YJD,False,/home/ubuntu/sunlong/gcms_consistency_old/new_prepared_data/tensors/20250912/RJD/2300_B25_1890_125090811.npz
B25_1891_125090901,/home/ubuntu/sunlong/gcms_consistency_old/dataset/20250912/1891#H88ACS125090901.D,1891#H88ACS125090901.D,25,20250912,1891.0,H88,红河（88）,A,125090901,ACS125090901,H88,H88,H88,H88,H88,False,/home/ubuntu/sunlong/gcms_consistency_old/new_prepared_data/tensors/20250912/H88/2301_B25_1891_125090901.npz
B25_1892_125090914,/home/ubuntu/sunlong/gcms_consistency_old/dataset/20250912/1892#H88CCS125090914.D,1892#H88CCS125090914.D,25,20250912,1892.0,H88,红河（88）,C,125090914,CCS125090914,H88,H88,H88,H88,H88,False,/home/ubuntu/sunlong/gcms_consistency_old/new_prepared_data/tensors/20250912/H88/2302_B25_1892_125090914.npz
B25_1893_125090917,/home/ubuntu/sunlong/gcms_consistency_old/dataset/20250912/1893#H88CCS125090917.D,1893#H88CCS125090917.D,25,20250912,1893.0,H88,红河（88）,C,125090917,CCS125090917,H88,H88,H88,H88,H88,False,/home/ubuntu/sunlong/gcms_consistency_old/new_prepared_data/tensors/20250912/H88/2303_B25_1893_125090917.npz
B25_1894_125090903,/home/ubuntu/sunlong/gcms_consistency_old/dataset/20250912/1894#H99CCS125090903.D,1894#H99CCS125090903.D,25,20250912,1894.0,H99,红河（99）,C,125090903,CCS125090903,H99,H99,H99,H99,H99,False,/home/ubuntu/sunlong/gcms_consistency_old/new_prepared_data/tensors/20250912/H99/2304_B25_1894_125090903.npz
B25_1895_125090906,/home/ubuntu/sunlong/gcms_consistency_old/dataset/20250912/1895#H99CCS125090906.D,1895#H99CCS125090906.D,25,20250912,1895.0,H99,红河（99）,C,125090906,CCS125090906,H99,H99,H99,H99,H99,False,/home/ubuntu/sunlong/gcms_consistency_old/new_prepared_data/tensors/20250912/H99/2305_B25_1895_125090906.npz
B25_1896_125090904,/home/ubuntu/sunlong/gcms_consistency_old/dataset/20250912/1896#HMDACS125090904.D,1896#HMDACS125090904.D,25,20250912,1896.0,HMD,牡丹（软）,A,125090904,ACS125090904,HMD,HMD,HMD,HMD,HMD,False,/home/ubuntu/sunlong/gcms_consistency_old/new_prepared_data/tensors/20250912/HMD/2306_B25_1896_125090904.npz
B25_1897_125090909,/home/ubuntu/sunlong/gcms_consistency_old/dataset/20250912/1897#HRYBCS125090909.D,1897#HRYBCS125090909.D,25,20250912,1897.0,HRY,云烟（软如意）,B,125090909,BCS125090909,HRY,HRY,HRY,HRY,HRY,False,/home/ubuntu/sunlong/gcms_consistency_old/new_prepared_data/tensors/20250912/HRY/2307_B25_1897_125090909.npz
B25_1898_125090919,/home/ubuntu/sunlong/gcms_consistency_old/dataset/20250912/1898#HV8ACS125090919.D,1898#HV8ACS125090919.D,25,20250912,1898.0,HV8,红河（V8）,A,125090919,ACS125090919,HV8,HV8,HV8,HV8,HV8,False,/home/ubuntu/sunlong/gcms_consistency_old/new_prepared_data/tensors/20250912/HV8/2308_B25_1898_125090919.npz
B25_1899_125090902,/home/ubuntu/sunlong/gcms_consistency_old/dataset/20250912/1899#HYZBCS125090902.D,1899#HYZBCS125090902.D,25,20250912,1899.0,HYZ,云烟（紫）,B,125090902,BCS125090902,HYZ,HYZ,HYZ,HYZ,HYZ,False,/home/ubuntu/sunlong/gcms_consistency_old/new_prepared_data/tensors/20250912/HYZ/2309_B25_1899_125090902.npz
B25_1900_125090905,/home/ubuntu/sunlong/gcms_consistency_old/dataset/20250912/1900#HYZBCS125090905.D,1900#HYZBCS125090905.D,25,20250912,1900.0,HYZ,云烟（紫）,B,125090905,BCS125090905,HYZ,HYZ,HYZ,HYZ,HYZ,False,/home/ubuntu/sunlong/gcms_consistency_old/new_prepared_data/tensors/20250912/HYZ/2310_B25_1900_125090905.npz
B25_1901_125090912,/home/ubuntu/sunlong/gcms_consistency_old/dataset/20250912/1901#HYZBCS125090912.D,1901#HYZBCS125090912.D,25,20250912,1901.0,HYZ,云烟（紫）,B,125090912,BCS125090912,HYZ,HYZ,HYZ,HYZ,HYZ,False,/home/ubuntu/sunlong/gcms_consistency_old/new_prepared_data/tensors/20250912/HYZ/2311_B25_1901_125090912.npz
B25_1902_125090915,/home/ubuntu/sunlong/gcms_consistency_old/dataset/20250912/1902#HYZBCS125090915.D,1902#HYZBCS125090915.D,25,20250912,1902.0,HYZ,云烟（紫）,B,125090915,BCS125090915,HYZ,HYZ,HYZ,HYZ,HYZ,False,/home/ubuntu/sunlong/gcms_consistency_old/new_prepared_data/tensors/20250912/HYZ/2312_B25_1902_125090915.npz
B25_1903_125090918,/home/ubuntu/sunlong/gcms_consistency_old/dataset/20250912/1903#HYZBCS125090918.D,1903#HYZBCS125090918.D,25,20250912,1903.0,HYZ,云烟（紫）,B,125090918,BCS125090918,HYZ,HYZ,HYZ,HYZ,HYZ,False,/home/ubuntu/sunlong/gcms_consistency_old/new_prepared_data/tensors/20250912/HYZ/2313_B25_1903_125090918.npz
B25_1904_125090908,/home/ubuntu/sunlong/gcms_consistency_old/dataset/20250912/1904#HYZCCS125090908.D,1904#HYZCCS125090908.D,25,20250912,1904.0,HYZ,云烟（紫）,C,125090908,CCS125090908,HYZ,HYZ,HYZ,HYZ,HYZ,False,/home/ubuntu/sunlong/gcms_consistency_old/new_prepared_data/tensors/20250912/HYZ/2314_B25_1904_125090908.npz
B25_1905_125090911,/home/ubuntu/sunlong/gcms_consistency_old/dataset/20250912/1905#HYZCCS125090911.D,1905#HYZCCS125090911.D,25,20250912,1905.0,HYZ,云烟（紫）,C,125090911,CCS125090911,HYZ,HYZ,HYZ,HYZ,HYZ,False,/home/ubuntu/sunlong/gcms_consistency_old/new_prepared_data/tensors/20250912/HYZ/2315_B25_1905_125090911.npz
B25_1906_125090913,/home/ubuntu/sunlong/gcms_consistency_old/dataset/20250912/1906#RJDACS125090913.D,1906#RJDACS125090913.D,25,20250912,1906.0,YJD,红塔山（硬经典）,A,125090913,ACS125090913,YJD,YJD,YJD,YJD,YJD,False,/home/ubuntu/sunlong/gcms_consistency_old/new_prepared_data/tensors/20250912/RJD/2316_B25_1906_125090913.npz
B25_1907_125090916,/home/ubuntu/sunlong/gcms_consistency_old/dataset/20250912/1907#RJDACS125090916.D,1907#RJDACS125090916.D,25,20250912,1907.0,YJD,红塔山（硬经典）,A,125090916,ACS125090916,YJD,YJD,YJD,YJD,YJD,False,/home/ubuntu/sunlong/gcms_consistency_old/new_prepared_data/tensors/20250912/RJD/2317_B25_1907_125090916.npz
B25_1908_125090907,/home/ubuntu/sunlong/gcms_consistency_old/dataset/20250912/1908#YJDACS125090907.D,1908#YJDACS125090907.D,25,20250912,1908.0,YJD,红塔山（硬经典）,A,125090907,ACS125090907,YJD,YJD,YJD,YJD,YJD,False,/home/ubuntu/sunlong/gcms_consistency_old/new_prepared_data/tensors/20250912/YJD/2318_B25_1908_125090907.npz
B25_1909_125090910,/home/ubuntu/sunlong/gcms_consistency_old/dataset/20250912/1909#YJDACS125090910.D,1909#YJDACS125090910.D,25,20250912,1909.0,YJD,红塔山（硬经典）,A,125090910,ACS125090910,YJD,YJD,YJD,YJD,YJD,False,/home/ubuntu/sunlong/gcms_consistency_old/new_prepared_data/tensors/20250912/YJD/2319_B25_1909_125090910.npz
B25_1910_125091001,/home/ubuntu/sunlong/gcms_consistency_old/dataset/20250912/1910#H88ACS125091001.D,1910#H88ACS125091001.D,25,20250912,1910.0,H88,红河（88）,A,125091001,ACS125091001,H88,H88,H88,H88,H88,False,/home/ubuntu/sunlong/gcms_consistency_old/new_prepared_data/tensors/20250912/H88/2320_B25_1910_125091001.npz
B25_1911_125091004,/home/ubuntu/sunlong/gcms_consistency_old/dataset/20250912/1911#H88ACS125091004.D,1911#H88ACS125091004.D,25,20250912,1911.0,H88,红河（88）,A,125091004,ACS125091004,H88,H88,H88,H88,H88,False,/home/ubuntu/sunlong/gcms_consistency_old/new_prepared_data/tensors/20250912/H88/2321_B25_1911_125091004.npz
B25_1912_125091006,/home/ubuntu/sunlong/gcms_consistency_old/dataset/20250912/1912#H88CCS125091006.D,1912#H88CCS125091006.D,25,20250912,1912.0,H88,红河（88）,C,125091006,CCS125091006,H88,H88,H88,H88,H88,False,/home/ubuntu/sunlong/gcms_consistency_old/new_prepared_data/tensors/20250912/H88/2322_B25_1912_125091006.npz
B25_1913_125091012,/home/ubuntu/sunlong/gcms_consistency_old/dataset/20250912/1913#H88CCS125091012.D,1913#H88CCS125091012.D,25,20250912,1913.0,H88,红河（88）,C,125091012,CCS125091012,H88,H88,H88,H88,H88,False,/home/ubuntu/sunlong/gcms_consistency_old/new_prepared_data/tensors/20250912/H88/2323_B25_1913_125091012.npz
B25_1914_125091015,/home/ubuntu/sunlong/gcms_consistency_old/dataset/20250912/1914#H88CCS125091015.D,1914#H88CCS125091015.D,25,20250912,1914.0,H88,红河（88）,C,125091015,CCS125091015,H88,H88,H88,H88,H88,False,/home/ubuntu/sunlong/gcms_consistency_old/new_prepared_data/tensors/20250912/H88/2324_B25_1914_125091015.npz
B25_1915_125091018,/home/ubuntu/sunlong/gcms_consistency_old/dataset/20250912/1915#H88CCS125091018.D,1915#H88CCS125091018.D,25,20250912,1915.0,H88,红河（88）,C,125091018,CCS125091018,H88,H88,H88,H88,H88,False,/home/ubuntu/sunlong/gcms_consistency_old/new_prepared_data/tensors/20250912/H88/2325_B25_1915_125091018.npz
B25_1916_125091003,/home/ubuntu/sunlong/gcms_consistency_old/dataset/20250912/1916#H99CCS125091003.D,1916#H99CCS125091003.D,25,20250912,1916.0,H99,红河（99）,C,125091003,CCS125091003,H99,H99,H99,H99,H99,False,/home/ubuntu/sunlong/gcms_consistency_old/new_prepared_data/tensors/20250912/H99/2326_B25_1916_125091003.npz
B25_1917_125091008,/home/ubuntu/sunlong/gcms_consistency_old/dataset/20250912/1917#H99CCS125091008.D,1917#H99CCS125091008.D,25,20250912,1917.0,H99,红河（99）,C,125091008,CCS125091008,H99,H99,H99,H99,H99,False,/home/ubuntu/sunlong/gcms_consistency_old/new_prepared_data/tensors/20250912/H99/2327_B25_1917_125091008.npz
B25_1918_125091010,/home/ubuntu/sunlong/gcms_consistency_old/dataset/20250912/1918#HMDACS125091010.D,1918#HMDACS125091010.D,25,20250912,1918.0,HMD,牡丹（软）,A,125091010,ACS125091010,HMD,HMD,HMD,HMD,HMD,False,/home/ubuntu/sunlong/gcms_consistency_old/new_prepared_data/tensors/20250912/HMD/2328_B25_1918_125091010.npz
B25_1919_125091011,/home/ubuntu/sunlong/gcms_consistency_old/dataset/20250912/1919#HMDACS125091011.D,1919#HMDACS125091011.D,25,20250912,1919.0,HMD,牡丹（软）,A,125091011,ACS125091011,HMD,HMD,HMD,HMD,HMD,False,/home/ubuntu/sunlong/gcms_consistency_old/new_prepared_data/tensors/20250912/HMD/2329_B25_1919_125091011.npz
B25_1920_125091002,/home/ubuntu/sunlong/gcms_consistency_old/dataset/20250912/1920#HYZBCS125091002.D,1920#HYZBCS125091002.D,25,20250912,1920.0,HYZ,云烟（紫）,B,125091002,BCS125091002,HYZ,HYZ,HYZ,HYZ,HYZ,False,/home/ubuntu/sunlong/gcms_consistency_old/new_prepared_data/tensors/20250912/HYZ/2330_B25_1920_125091002.npz
B25_1921_125091005,/home/ubuntu/sunlong/gcms_consistency_old/dataset/20250912/1921#HYZBCS125091005.D,1921#HYZBCS125091005.D,25,20250912,1921.0,HYZ,云烟（紫）,B,125091005,BCS125091005,HYZ,HYZ,HYZ,HYZ,HYZ,False,/home/ubuntu/sunlong/gcms_consistency_old/new_prepared_data/tensors/20250912/HYZ/2331_B25_1921_125091005.npz
B25_1922_125091009,/home/ubuntu/sunlong/gcms_consistency_old/dataset/20250912/1922#HYZBCS125091009.D,1922#HYZBCS125091009.D,25,20250912,1922.0,HYZ,云烟（紫）,B,125091009,BCS125091009,HYZ,HYZ,HYZ,HYZ,HYZ,False,/home/ubuntu/sunlong/gcms_consistency_old/new_prepared_data/tensors/20250912/HYZ/2332_B25_1922_125091009.npz
B25_1923_125091013,/home/ubuntu/sunlong/gcms_consistency_old/dataset/20250912/1923#HYZBCS125091013.D,1923#HYZBCS125091013.D,25,20250912,1923.0,HYZ,云烟（紫）,B,125091013,BCS125091013,HYZ,HYZ,HYZ,HYZ,HYZ,False,/home/ubuntu/sunlong/gcms_consistency_old/new_prepared_data/tensors/20250912/HYZ/2333_B25_1923_125091013.npz
B25_1924_125091016,/home/ubuntu/sunlong/gcms_consistency_old/dataset/20250912/1924#HYZBCS125091016.D,1924#HYZBCS125091016.D,25,20250912,1924.0,HYZ,云烟（紫）,B,125091016,BCS125091016,HYZ,HYZ,HYZ,HYZ,HYZ,False,/home/ubuntu/sunlong/gcms_consistency_old/new_prepared_data/tensors/20250912/HYZ/2334_B25_1924_125091016.npz
B25_1925_425091001,/home/ubuntu/sunlong/gcms_consistency_old/dataset/20250912/1925#HYZBCS425091001.D,1925#HYZBCS425091001.D,25,20250912,1925.0,HYZ,云烟（紫）,B,425091001,BCS425091001,HYZ,HYZ,HYZ,HYZ,HYZ,False,/home/ubuntu/sunlong/gcms_consistency_old/new_prepared_data/tensors/20250912/HYZ/2335_B25_1925_425091001.npz
B25_1926_425091002,/home/ubuntu/sunlong/gcms_consistency_old/dataset/20250912/1926#HYZBCS425091002.D,1926#HYZBCS425091002.D,25,20250912,1926.0,HYZ,云烟（紫）,B,425091002,BCS425091002,HYZ,HYZ,HYZ,HYZ,HYZ,False,/home/ubuntu/sunlong/gcms_consistency_old/new_prepared_data/tensors/20250912/HYZ/2336_B25_1926_425091002.npz
B25_1927_125091014,/home/ubuntu/sunlong/gcms_consistency_old/dataset/20250912/1927#RJDACS125091014.D,1927#RJDACS125091014.D,25,20250912,1927.0,YJD,红塔山（硬经典）,A,125091014,ACS125091014,YJD,YJD,YJD,YJD,YJD,False,/home/ubuntu/sunlong/gcms_consistency_old/new_prepared_data/tensors/20250912/RJD/2337_B25_1927_125091014.npz
B25_1928_125091017,/home/ubuntu/sunlong/gcms_consistency_old/dataset/20250912/1928#YJDACS125091017.D,1928#YJDACS125091017.D,25,20250912,1928.0,YJD,红塔山（硬经典）,A,125091017,ACS125091017,YJD,YJD,YJD,YJD,YJD,False,/home/ubuntu/sunlong/gcms_consistency_old/new_prepared_data/tensors/20250912/YJD/2338_B25_1928_125091017.npz
B25_1929_125091104,/home/ubuntu/sunlong/gcms_consistency_old/dataset/20250912/1929#H99CCS125091104.D,1929#H99CCS125091104.D,25,20250912,1929.0,H99,红河（99）,C,125091104,CCS125091104,H99,H99,H99,H99,H99,False,/home/ubuntu/sunlong/gcms_consistency_old/new_prepared_data/tensors/20250912/H99/2339_B25_1929_125091104.npz
B25_1930_125091113,/home/ubuntu/sunlong/gcms_consistency_old/dataset/20250912/1930#H99CCS125091113.D,1930#H99CCS125091113.D,25,20250912,1930.0,H99,红河（99）,C,125091113,CCS125091113,H99,H99,H99,H99,H99,False,/home/ubuntu/sunlong/gcms_consistency_old/new_prepared_data/tensors/20250912/H99/2340_B25_1930_125091113.npz
B25_1931_125091116,/home/ubuntu/sunlong/gcms_consistency_old/dataset/20250912/1931#H99CCS125091116.D,1931#H99CCS125091116.D,25,20250912,1931.0,H99,红河（99）,C,125091116,CCS125091116,H99,H99,H99,H99,H99,False,/home/ubuntu/sunlong/gcms_consistency_old/new_prepared_data/tensors/20250912/H99/2341_B25_1931_125091116.npz
B25_1932_125091121,/home/ubuntu/sunlong/gcms_consistency_old/dataset/20250912/1932#H99CCS125091121.D,1932#H99CCS125091121.D,25,20250912,1932.0,H99,红河（99）,C,125091121,CCS125091121,H99,H99,H99,H99,H99,False,/home/ubuntu/sunlong/gcms_consistency_old/new_prepared_data/tensors/20250912/H99/2342_B25_1932_125091121.npz
B25_1933_125091105,/home/ubuntu/sunlong/gcms_consistency_old/dataset/20250912/1933#HMDACS125091105.D,1933#HMDACS125091105.D,25,20250912,1933.0,HMD,牡丹（软）,A,125091105,ACS125091105,HMD,HMD,HMD,HMD,HMD,False,/home/ubuntu/sunlong/gcms_consistency_old/new_prepared_data/tensors/20250912/HMD/2343_B25_1933_125091105.npz
B25_1934_125091108,/home/ubuntu/sunlong/gcms_consistency_old/dataset/20250912/1934#HMDACS125091108.D,1934#HMDACS125091108.D,25,20250912,1934.0,HMD,牡丹（软）,A,125091108,ACS125091108,HMD,HMD,HMD,HMD,HMD,False,/home/ubuntu/sunlong/gcms_consistency_old/new_prepared_data/tensors/20250912/HMD/2344_B25_1934_125091108.npz
B25_1935_125091103,/home/ubuntu/sunlong/gcms_consistency_old/dataset/20250912/1935#HYZBCS125091103.D,1935#HYZBCS125091103.D,25,20250912,1935.0,HYZ,云烟（紫）,B,125091103,BCS125091103,HYZ,HYZ,HYZ,HYZ,HYZ,False,/home/ubuntu/sunlong/gcms_consistency_old/new_prepared_data/tensors/20250912/HYZ/2345_B25_1935_125091103.npz
B25_1936_125091106,/home/ubuntu/sunlong/gcms_consistency_old/dataset/20250912/1936#HYZBCS125091106.D,1936#HYZBCS125091106.D,25,20250912,1936.0,HYZ,云烟（紫）,B,125091106,BCS125091106,HYZ,HYZ,HYZ,HYZ,HYZ,False,/home/ubuntu/sunlong/gcms_consistency_old/new_prepared_data/tensors/20250912/HYZ/2346_B25_1936_125091106.npz
B25_1937_125091109,/home/ubuntu/sunlong/gcms_consistency_old/dataset/20250912/1937#HYZBCS125091109.D,1937#HYZBCS125091109.D,25,20250912,1937.0,HYZ,云烟（紫）,B,125091109,BCS125091109,HYZ,HYZ,HYZ,HYZ,HYZ,False,/home/ubuntu/sunlong/gcms_consistency_old/new_prepared_data/tensors/20250912/HYZ/2347_B25_1937_125091109.npz
B25_1938_125091114,/home/ubuntu/sunlong/gcms_consistency_old/dataset/20250912/1938#HYZBCS125091114.D,1938#HYZBCS125091114.D,25,20250912,1938.0,HYZ,云烟（紫）,B,125091114,BCS125091114,HYZ,HYZ,HYZ,HYZ,HYZ,False,/home/ubuntu/sunlong/gcms_consistency_old/new_prepared_data/tensors/20250912/HYZ/2348_B25_1938_125091114.npz
B25_1939_125091117,/home/ubuntu/sunlong/gcms_consistency_old/dataset/20250912/1939#HYZBCS125091117.D,1939#HYZBCS125091117.D,25,20250912,1939.0,HYZ,云烟（紫）,B,125091117,BCS125091117,HYZ,HYZ,HYZ,HYZ,HYZ,False,/home/ubuntu/sunlong/gcms_consistency_old/new_prepared_data/tensors/20250912/HYZ/2349_B25_1939_125091117.npz
B25_1940_125091119,/home/ubuntu/sunlong/gcms_consistency_old/dataset/20250912/1940#HYZBCS125091119.D,1940#HYZBCS125091119.D,25,20250912,1940.0,HYZ,云烟（紫）,B,125091119,BCS125091119,HYZ,HYZ,HYZ,HYZ,HYZ,False,/home/ubuntu/sunlong/gcms_consistency_old/new_prepared_data/tensors/20250912/HYZ/2350_B25_1940_125091119.npz
B25_1941_125091120,/home/ubuntu/sunlong/gcms_consistency_old/dataset/20250912/1941#HYZBCS125091120.D,1941#HYZBCS125091120.D,25,20250912,1941.0,HYZ,云烟（紫）,B,125091120,BCS125091120,HYZ,HYZ,HYZ,HYZ,HYZ,False,/home/ubuntu/sunlong/gcms_consistency_old/new_prepared_data/tensors/20250912/HYZ/2351_B25_1941_125091120.npz
B25_1942_125091107,/home/ubuntu/sunlong/gcms_consistency_old/dataset/20250912/1942#HYZCCS125091107.D,1942#HYZCCS125091107.D,25,20250912,1942.0,HYZ,云烟（紫）,C,125091107,CCS125091107,HYZ,HYZ,HYZ,HYZ,HYZ,False,/home/ubuntu/sunlong/gcms_consistency_old/new_prepared_data/tensors/20250912/HYZ/2352_B25_1942_125091107.npz
B25_1943_125091110,/home/ubuntu/sunlong/gcms_consistency_old/dataset/20250912/1943#HYZCCS125091110.D,1943#HYZCCS125091110.D,25,20250912,1943.0,HYZ,云烟（紫）,C,125091110,CCS125091110,HYZ,HYZ,HYZ,HYZ,HYZ,False,/home/ubuntu/sunlong/gcms_consistency_old/new_prepared_data/tensors/20250912/HYZ/2353_B25_1943_125091110.npz
B25_1944_125091102,/home/ubuntu/sunlong/gcms_consistency_old/dataset/20250912/1944#RJDACS125091102.D,1944#RJDACS125091102.D,25,20250912,1944.0,YJD,红塔山（硬经典）,A,125091102,ACS125091102,YJD,YJD,YJD,YJD,YJD,False,/home/ubuntu/sunlong/gcms_consistency_old/new_prepared_data/tensors/20250912/RJD/2354_B25_1944_125091102.npz
B25_1945_125091115,/home/ubuntu/sunlong/gcms_consistency_old/dataset/20250912/1945#RJDACS125091115.D,1945#RJDACS125091115.D,25,20250912,1945.0,YJD,红塔山（硬经典）,A,125091115,ACS125091115,YJD,YJD,YJD,YJD,YJD,False,/home/ubuntu/sunlong/gcms_consistency_old/new_prepared_data/tensors/20250912/RJD/2355_B25_1945_125091115.npz
B25_1946_125091101,/home/ubuntu/sunlong/gcms_consistency_old/dataset/20250912/1946#YJDACS125091101.D,1946#YJDACS125091101.D,25,20250912,1946.0,YJD,红塔山（硬经典）,A,125091101,ACS125091101,YJD,YJD,YJD,YJD,YJD,False,/home/ubuntu/sunlong/gcms_consistency_old/new_prepared_data/tensors/20250912/YJD/2356_B25_1946_125091101.npz
B25_1947_125091111,/home/ubuntu/sunlong/gcms_consistency_old/dataset/20250912/1947#YJDACS125091111.D,1947#YJDACS125091111.D,25,20250912,1947.0,YJD,红塔山（硬经典）,A,125091111,ACS125091111,YJD,YJD,YJD,YJD,YJD,False,/home/ubuntu/sunlong/gcms_consistency_old/new_prepared_data/tensors/20250912/YJD/2357_B25_1947_125091111.npz
B25_1948_125091112,/home/ubuntu/sunlong/gcms_consistency_old/dataset/20250912/1948#YJDACS125091112.D,1948#YJDACS125091112.D,25,20250912,1948.0,YJD,红塔山（硬经典）,A,125091112,ACS125091112,YJD,YJD,YJD,YJD,YJD,False,/home/ubuntu/sunlong/gcms_consistency_old/new_prepared_data/tensors/20250912/YJD/2358_B25_1948_125091112.npz
B26_1949_125091212,/home/ubuntu/sunlong/gcms_consistency_old/dataset/20250920/1949#H88CCS125091212.D,1949#H88CCS125091212.D,26,20250920,1949.0,H88,红河（88）,C,125091212,CCS125091212,H88,H88,H88,H88,H88,False,/home/ubuntu/sunlong/gcms_consistency_old/new_prepared_data/tensors/20250920/H88/2359_B26_1949_125091212.npz
B26_1950_125091217,/home/ubuntu/sunlong/gcms_consistency_old/dataset/20250920/1950#H88CCS125091217.D,1950#H88CCS125091217.D,26,20250920,1950.0,H88,红河（88）,C,125091217,CCS125091217,H88,H88,H88,H88,H88,False,/home/ubuntu/sunlong/gcms_consistency_old/new_prepared_data/tensors/20250920/H88/2360_B26_1950_125091217.npz
B26_1951_125091209,/home/ubuntu/sunlong/gcms_consistency_old/dataset/20250920/1951#H99CCS125091209.D,1951#H99CCS125091209.D,26,20250920,1951.0,H99,红河（99）,C,125091209,CCS125091209,H99,H99,H99,H99,H99,False,/home/ubuntu/sunlong/gcms_consistency_old/new_prepared_data/tensors/20250920/H99/2361_B26_1951_125091209.npz
B26_1952_125091214,/home/ubuntu/sunlong/gcms_consistency_old/dataset/20250920/1952#H99CCS125091214.D,1952#H99CCS125091214.D,26,20250920,1952.0,H99,红河（99）,C,125091214,CCS125091214,H99,H99,H99,H99,H99,False,/home/ubuntu/sunlong/gcms_consistency_old/new_prepared_data/tensors/20250920/H99/2362_B26_1952_125091214.npz
B26_1953_125091216,/home/ubuntu/sunlong/gcms_consistency_old/dataset/20250920/1953#HV8ACS125091216.D,1953#HV8ACS125091216.D,26,20250920,1953.0,HV8,红河（V8）,A,125091216,ACS125091216,HV8,HV8,HV8,HV8,HV8,False,/home/ubuntu/sunlong/gcms_consistency_old/new_prepared_data/tensors/20250920/HV8/2363_B26_1953_125091216.npz
B26_1954_125091203,/home/ubuntu/sunlong/gcms_consistency_old/dataset/20250920/1954#HYZBCS125091203.D,1954#HYZBCS125091203.D,26,20250920,1954.0,HYZ,云烟（紫）,B,125091203,BCS125091203,HYZ,HYZ,HYZ,HYZ,HYZ,False,/home/ubuntu/sunlong/gcms_consistency_old/new_prepared_data/tensors/20250920/HYZ/2364_B26_1954_125091203.npz
B26_1955_125091206,/home/ubuntu/sunlong/gcms_consistency_old/dataset/20250920/1955#HYZBCS125091206.D,1955#HYZBCS125091206.D,26,20250920,1955.0,HYZ,云烟（紫）,B,125091206,BCS125091206,HYZ,HYZ,HYZ,HYZ,HYZ,False,/home/ubuntu/sunlong/gcms_consistency_old/new_prepared_data/tensors/20250920/HYZ/2365_B26_1955_125091206.npz
B26_1956_125091210,/home/ubuntu/sunlong/gcms_consistency_old/dataset/20250920/1956#HYZBCS125091210.D,1956#HYZBCS125091210.D,26,20250920,1956.0,HYZ,云烟（紫）,B,125091210,BCS125091210,HYZ,HYZ,HYZ,HYZ,HYZ,False,/home/ubuntu/sunlong/gcms_consistency_old/new_prepared_data/tensors/20250920/HYZ/2366_B26_1956_125091210.npz
B26_1957_125091218,/home/ubuntu/sunlong/gcms_consistency_old/dataset/20250920/1957#HYZBCS125091218.D,1957#HYZBCS125091218.D,26,20250920,1957.0,HYZ,云烟（紫）,B,125091218,BCS125091218,HYZ,HYZ,HYZ,HYZ,HYZ,False,/home/ubuntu/sunlong/gcms_consistency_old/new_prepared_data/tensors/20250920/HYZ/2367_B26_1957_125091218.npz
B26_1958_125091219,/home/ubuntu/sunlong/gcms_consistency_old/dataset/20250920/1958#HYZBCS125091219.D,1958#HYZBCS125091219.D,26,20250920,1958.0,HYZ,云烟（紫）,B,125091219,BCS125091219,HYZ,HYZ,HYZ,HYZ,HYZ,False,/home/ubuntu/sunlong/gcms_consistency_old/new_prepared_data/tensors/20250920/HYZ/2368_B26_1958_125091219.npz
B26_1959_425091201,/home/ubuntu/sunlong/gcms_consistency_old/dataset/20250920/1959#HYZBCS425091201.D,1959#HYZBCS425091201.D,26,20250920,1959.0,HYZ,云烟（紫）,B,425091201,BCS425091201,HYZ,HYZ,HYZ,HYZ,HYZ,False,/home/ubuntu/sunlong/gcms_consistency_old/new_prepared_data/tensors/20250920/HYZ/2369_B26_1959_425091201.npz
B26_1960_425091202,/home/ubuntu/sunlong/gcms_consistency_old/dataset/20250920/1960#HYZBCS425091202.D,1960#HYZBCS425091202.D,26,20250920,1960.0,HYZ,云烟（紫）,B,425091202,BCS425091202,HYZ,HYZ,HYZ,HYZ,HYZ,False,/home/ubuntu/sunlong/gcms_consistency_old/new_prepared_data/tensors/20250920/HYZ/2370_B26_1960_425091202.npz
B26_1961_125091204,/home/ubuntu/sunlong/gcms_consistency_old/dataset/20250920/1961#HYZCCS125091204.D,1961#HYZCCS125091204.D,26,20250920,1961.0,HYZ,云烟（紫）,C,125091204,CCS125091204,HYZ,HYZ,HYZ,HYZ,HYZ,False,/home/ubuntu/sunlong/gcms_consistency_old/new_prepared_data/tensors/20250920/HYZ/2371_B26_1961_125091204.npz
B26_1962_125091207,/home/ubuntu/sunlong/gcms_consistency_old/dataset/20250920/1962#HYZCCS125091207.D,1962#HYZCCS125091207.D,26,20250920,1962.0,HYZ,云烟（紫）,C,125091207,CCS125091207,HYZ,HYZ,HYZ,HYZ,HYZ,False,/home/ubuntu/sunlong/gcms_consistency_old/new_prepared_data/tensors/20250920/HYZ/2372_B26_1962_125091207.npz
B26_1963_125091201,/home/ubuntu/sunlong/gcms_consistency_old/dataset/20250920/1963#RJDACS125091201.D,1963#RJDACS125091201.D,26,20250920,1963.0,YJD,红塔山（硬经典）,A,125091201,ACS125091201,YJD,YJD,YJD,YJD,YJD,False,/home/ubuntu/sunlong/gcms_consistency_old/new_prepared_data/tensors/20250920/RJD/2373_B26_1963_125091201.npz
B26_1964_125091208,/home/ubuntu/sunlong/gcms_consistency_old/dataset/20250920/1964#RJDACS125091208.D,1964#RJDACS125091208.D,26,20250920,1964.0,YJD,红塔山（硬经典）,A,125091208,ACS125091208,YJD,YJD,YJD,YJD,YJD,False,/home/ubuntu/sunlong/gcms_consistency_old/new_prepared_data/tensors/20250920/RJD/2374_B26_1964_125091208.npz
B26_1965_125091211,/home/ubuntu/sunlong/gcms_consistency_old/dataset/20250920/1965#RJDACS125091211.D,1965#RJDACS125091211.D,26,20250920,1965.0,YJD,红塔山（硬经典）,A,125091211,ACS125091211,YJD,YJD,YJD,YJD,YJD,False,/home/ubuntu/sunlong/gcms_consistency_old/new_prepared_data/tensors/20250920/RJD/2375_B26_1965_125091211.npz
B26_1966_125091213,/home/ubuntu/sunlong/gcms_consistency_old/dataset/20250920/1966#RJDACS125091213.D,1966#RJDACS125091213.D,26,20250920,1966.0,YJD,红塔山（硬经典）,A,125091213,ACS125091213,YJD,YJD,YJD,YJD,YJD,False,/home/ubuntu/sunlong/gcms_consistency_old/new_prepared_data/tensors/20250920/RJD/2376_B26_1966_125091213.npz
B26_1967_125091202,/home/ubuntu/sunlong/gcms_consistency_old/dataset/20250920/1967#YJDACS125091202.D,1967#YJDACS125091202.D,26,20250920,1967.0,YJD,红塔山（硬经典）,A,125091202,ACS125091202,YJD,YJD,YJD,YJD,YJD,False,/home/ubuntu/sunlong/gcms_consistency_old/new_prepared_data/tensors/20250920/YJD/2377_B26_1967_125091202.npz
B26_1968_125091205,/home/ubuntu/sunlong/gcms_consistency_old/dataset/20250920/1968#YJDACS125091205.D,1968#YJDACS125091205.D,26,20250920,1968.0,YJD,红塔山（硬经典）,A,125091205,ACS125091205,YJD,YJD,YJD,YJD,YJD,False,/home/ubuntu/sunlong/gcms_consistency_old/new_prepared_data/tensors/20250920/YJD/2378_B26_1968_125091205.npz
B26_1969_125091215,/home/ubuntu/sunlong/gcms_consistency_old/dataset/20250920/1969#YJDACS125091215.D,1969#YJDACS125091215.D,26,20250920,1969.0,YJD,红塔山（硬经典）,A,125091215,ACS125091215,YJD,YJD,YJD,YJD,YJD,False,/home/ubuntu/sunlong/gcms_consistency_old/new_prepared_data/tensors/20250920/YJD/2379_B26_1969_125091215.npz
B26_1970_125091511,/home/ubuntu/sunlong/gcms_consistency_old/dataset/20250920/1970#H88ACS125091511.D,1970#H88ACS125091511.D,26,20250920,1970.0,H88,红河（88）,A,125091511,ACS125091511,H88,H88,H88,H88,H88,False,/home/ubuntu/sunlong/gcms_consistency_old/new_prepared_data/tensors/20250920/H88/2380_B26_1970_125091511.npz
B26_1971_125091514,/home/ubuntu/sunlong/gcms_consistency_old/dataset/20250920/1971#H88ACS125091514.D,1971#H88ACS125091514.D,26,20250920,1971.0,H88,红河（88）,A,125091514,ACS125091514,H88,H88,H88,H88,H88,False,/home/ubuntu/sunlong/gcms_consistency_old/new_prepared_data/tensors/20250920/H88/2381_B26_1971_125091514.npz
B26_1972_125091504,/home/ubuntu/sunlong/gcms_consistency_old/dataset/20250920/1972#H88CCS125091504.D,1972#H88CCS125091504.D,26,20250920,1972.0,H88,红河（88）,C,125091504,CCS125091504,H88,H88,H88,H88,H88,False,/home/ubuntu/sunlong/gcms_consistency_old/new_prepared_data/tensors/20250920/H88/2382_B26_1972_125091504.npz
B26_1973_125091506,/home/ubuntu/sunlong/gcms_consistency_old/dataset/20250920/1973#H88CCS125091506.D,1973#H88CCS125091506.D,26,20250920,1973.0,H88,红河（88）,C,125091506,CCS125091506,H88,H88,H88,H88,H88,False,/home/ubuntu/sunlong/gcms_consistency_old/new_prepared_data/tensors/20250920/H88/2383_B26_1973_125091506.npz
B26_1974_125091509,/home/ubuntu/sunlong/gcms_consistency_old/dataset/20250920/1974#H88CCS125091509.D,1974#H88CCS125091509.D,26,20250920,1974.0,H88,红河（88）,C,125091509,CCS125091509,H88,H88,H88,H88,H88,False,/home/ubuntu/sunlong/gcms_consistency_old/new_prepared_data/tensors/20250920/H88/2384_B26_1974_125091509.npz
B26_1975_125091512,/home/ubuntu/sunlong/gcms_consistency_old/dataset/20250920/1975#H88CCS125091512.D,1975#H88CCS125091512.D,26,20250920,1975.0,H88,红河（88）,C,125091512,CCS125091512,H88,H88,H88,H88,H88,False,/home/ubuntu/sunlong/gcms_consistency_old/new_prepared_data/tensors/20250920/H88/2385_B26_1975_125091512.npz
B26_1976_125091515,/home/ubuntu/sunlong/gcms_consistency_old/dataset/20250920/1976#H99CCS125091515.D,1976#H99CCS125091515.D,26,20250920,1976.0,H99,红河（99）,C,125091515,CCS125091515,H99,H99,H99,H99,H99,False,/home/ubuntu/sunlong/gcms_consistency_old/new_prepared_data/tensors/20250920/H99/2386_B26_1976_125091515.npz
B26_1977_125091505,/home/ubuntu/sunlong/gcms_consistency_old/dataset/20250920/1977#HMDACS125091505.D,1977#HMDACS125091505.D,26,20250920,1977.0,HMD,牡丹（软）,A,125091505,ACS125091505,HMD,HMD,HMD,HMD,HMD,False,/home/ubuntu/sunlong/gcms_consistency_old/new_prepared_data/tensors/20250920/HMD/2387_B26_1977_125091505.npz
B26_1978_125091508,/home/ubuntu/sunlong/gcms_consistency_old/dataset/20250920/1978#HMDACS125091508.D,1978#HMDACS125091508.D,26,20250920,1978.0,HMD,牡丹（软）,A,125091508,ACS125091508,HMD,HMD,HMD,HMD,HMD,False,/home/ubuntu/sunlong/gcms_consistency_old/new_prepared_data/tensors/20250920/HMD/2388_B26_1978_125091508.npz
B26_1979_125091503,/home/ubuntu/sunlong/gcms_consistency_old/dataset/20250920/1979#HYZBCS125091503.D,1979#HYZBCS125091503.D,26,20250920,1979.0,HYZ,云烟（紫）,B,125091503,BCS125091503,HYZ,HYZ,HYZ,HYZ,HYZ,False,/home/ubuntu/sunlong/gcms_consistency_old/new_prepared_data/tensors/20250920/HYZ/2389_B26_1979_125091503.npz
B26_1980_125091507,/home/ubuntu/sunlong/gcms_consistency_old/dataset/20250920/1980#HYZBCS125091507.D,1980#HYZBCS125091507.D,26,20250920,1980.0,HYZ,云烟（紫）,B,125091507,BCS125091507,HYZ,HYZ,HYZ,HYZ,HYZ,False,/home/ubuntu/sunlong/gcms_consistency_old/new_prepared_data/tensors/20250920/HYZ/2390_B26_1980_125091507.npz
B26_1981_125091510,/home/ubuntu/sunlong/gcms_consistency_old/dataset/20250920/1981#HYZBCS125091510.D,1981#HYZBCS125091510.D,26,20250920,1981.0,HYZ,云烟（紫）,B,125091510,BCS125091510,HYZ,HYZ,HYZ,HYZ,HYZ,False,/home/ubuntu/sunlong/gcms_consistency_old/new_prepared_data/tensors/20250920/HYZ/2391_B26_1981_125091510.npz
B26_1982_125091513,/home/ubuntu/sunlong/gcms_consistency_old/dataset/20250920/1982#HYZBCS125091513.D,1982#HYZBCS125091513.D,26,20250920,1982.0,HYZ,云烟（紫）,B,125091513,BCS125091513,HYZ,HYZ,HYZ,HYZ,HYZ,False,/home/ubuntu/sunlong/gcms_consistency_old/new_prepared_data/tensors/20250920/HYZ/2392_B26_1982_125091513.npz
B26_1983_125091516,/home/ubuntu/sunlong/gcms_consistency_old/dataset/20250920/1983#HYZBCS125091516.D,1983#HYZBCS125091516.D,26,20250920,1983.0,HYZ,云烟（紫）,B,125091516,BCS125091516,HYZ,HYZ,HYZ,HYZ,HYZ,False,/home/ubuntu/sunlong/gcms_consistency_old/new_prepared_data/tensors/20250920/HYZ/2393_B26_1983_125091516.npz
B26_1984_425091501,/home/ubuntu/sunlong/gcms_consistency_old/dataset/20250920/1984#HYZBCS425091501.D,1984#HYZBCS425091501.D,26,20250920,1984.0,HYZ,云烟（紫）,B,425091501,BCS425091501,HYZ,HYZ,HYZ,HYZ,HYZ,False,/home/ubuntu/sunlong/gcms_consistency_old/new_prepared_data/tensors/20250920/HYZ/2394_B26_1984_425091501.npz
B26_1985_125091502,/home/ubuntu/sunlong/gcms_consistency_old/dataset/20250920/1985#RJDACS125091502.D,1985#RJDACS125091502.D,26,20250920,1985.0,YJD,红塔山（硬经典）,A,125091502,ACS125091502,YJD,YJD,YJD,YJD,YJD,False,/home/ubuntu/sunlong/gcms_consistency_old/new_prepared_data/tensors/20250920/RJD/2395_B26_1985_125091502.npz
B26_1986_125091501,/home/ubuntu/sunlong/gcms_consistency_old/dataset/20250920/1986#YJDACS125091501.D,1986#YJDACS125091501.D,26,20250920,1986.0,YJD,红塔山（硬经典）,A,125091501,ACS125091501,YJD,YJD,YJD,YJD,YJD,False,/home/ubuntu/sunlong/gcms_consistency_old/new_prepared_data/tensors/20250920/YJD/2396_B26_1986_125091501.npz
B26_1987_125091517,/home/ubuntu/sunlong/gcms_consistency_old/dataset/20250920/1987#H88ACS125091517.D,1987#H88ACS125091517.D,26,20250920,1987.0,H88,红河（88）,A,125091517,ACS125091517,H88,H88,H88,H88,H88,False,/home/ubuntu/sunlong/gcms_consistency_old/new_prepared_data/tensors/20250920/H88/2397_B26_1987_125091517.npz
B26_1988_125091601,/home/ubuntu/sunlong/gcms_consistency_old/dataset/20250920/1988#H88ACS125091601.D,1988#H88ACS125091601.D,26,20250920,1988.0,H88,红河（88）,A,125091601,ACS125091601,H88,H88,H88,H88,H88,False,/home/ubuntu/sunlong/gcms_consistency_old/new_prepared_data/tensors/20250920/H88/2398_B26_1988_125091601.npz
B26_1989_125091602,/home/ubuntu/sunlong/gcms_consistency_old/dataset/20250920/1989#H88ACS125091602.D,1989#H88ACS125091602.D,26,20250920,1989.0,H88,红河（88）,A,125091602,ACS125091602,H88,H88,H88,H88,H88,False,/home/ubuntu/sunlong/gcms_consistency_old/new_prepared_data/tensors/20250920/H88/2399_B26_1989_125091602.npz
B26_1990_125091618,/home/ubuntu/sunlong/gcms_consistency_old/dataset/20250920/1990#H88ACS125091618.D,1990#H88ACS125091618.D,26,20250920,1990.0,H88,红河（88）,A,125091618,ACS125091618,H88,H88,H88,H88,H88,False,/home/ubuntu/sunlong/gcms_consistency_old/new_prepared_data/tensors/20250920/H88/2400_B26_1990_125091618.npz
B26_1991_125091616,/home/ubuntu/sunlong/gcms_consistency_old/dataset/20250920/1991#H99CCS125091616.D,1991#H99CCS125091616.D,26,20250920,1991.0,H99,红河（99）,C,125091616,CCS125091616,H99,H99,H99,H99,H99,False,/home/ubuntu/sunlong/gcms_consistency_old/new_prepared_data/tensors/20250920/H99/2401_B26_1991_125091616.npz
B26_1992_125091615,/home/ubuntu/sunlong/gcms_consistency_old/dataset/20250920/1992#HV8ACS125091615.D,1992#HV8ACS125091615.D,26,20250920,1992.0,HV8,红河（V8）,A,125091615,ACS125091615,HV8,HV8,HV8,HV8,HV8,False,/home/ubuntu/sunlong/gcms_consistency_old/new_prepared_data/tensors/20250920/HV8/2402_B26_1992_125091615.npz
B26_1993_125091603,/home/ubuntu/sunlong/gcms_consistency_old/dataset/20250920/1993#HYZBCS125091603.D,1993#HYZBCS125091603.D,26,20250920,1993.0,HYZ,云烟（紫）,B,125091603,BCS125091603,HYZ,HYZ,HYZ,HYZ,HYZ,False,/home/ubuntu/sunlong/gcms_consistency_old/new_prepared_data/tensors/20250920/HYZ/2403_B26_1993_125091603.npz
B26_1994_125091608,/home/ubuntu/sunlong/gcms_consistency_old/dataset/20250920/1994#HYZBCS125091608.D,1994#HYZBCS125091608.D,26,20250920,1994.0,HYZ,云烟（紫）,B,125091608,BCS125091608,HYZ,HYZ,HYZ,HYZ,HYZ,False,/home/ubuntu/sunlong/gcms_consistency_old/new_prepared_data/tensors/20250920/HYZ/2404_B26_1994_125091608.npz
B26_1995_125091611,/home/ubuntu/sunlong/gcms_consistency_old/dataset/20250920/1995#HYZBCS125091611.D,1995#HYZBCS125091611.D,26,20250920,1995.0,HYZ,云烟（紫）,B,125091611,BCS125091611,HYZ,HYZ,HYZ,HYZ,HYZ,False,/home/ubuntu/sunlong/gcms_consistency_old/new_prepared_data/tensors/20250920/HYZ/2405_B26_1995_125091611.npz
B26_1996_125091617,/home/ubuntu/sunlong/gcms_consistency_old/dataset/20250920/1996#HYZBCS125091617.D,1996#HYZBCS125091617.D,26,20250920,1996.0,HYZ,云烟（紫）,B,125091617,BCS125091617,HYZ,HYZ,HYZ,HYZ,HYZ,False,/home/ubuntu/sunlong/gcms_consistency_old/new_prepared_data/tensors/20250920/HYZ/2406_B26_1996_125091617.npz
B26_1997_425091601,/home/ubuntu/sunlong/gcms_consistency_old/dataset/20250920/1997#HYZBCS425091601.D,1997#HYZBCS425091601.D,26,20250920,1997.0,HYZ,云烟（紫）,B,425091601,BCS425091601,HYZ,HYZ,HYZ,HYZ,HYZ,False,/home/ubuntu/sunlong/gcms_consistency_old/new_prepared_data/tensors/20250920/HYZ/2407_B26_1997_425091601.npz
B26_1998_425091602,/home/ubuntu/sunlong/gcms_consistency_old/dataset/20250920/1998#HYZBCS425091602.D,1998#HYZBCS425091602.D,26,20250920,1998.0,HYZ,云烟（紫）,B,425091602,BCS425091602,HYZ,HYZ,HYZ,HYZ,HYZ,False,/home/ubuntu/sunlong/gcms_consistency_old/new_prepared_data/tensors/20250920/HYZ/2408_B26_1998_425091602.npz
B26_1999_125091606,/home/ubuntu/sunlong/gcms_consistency_old/dataset/20250920/1999#HYZCCS125091606.D,1999#HYZCCS125091606.D,26,20250920,1999.0,HYZ,云烟（紫）,C,125091606,CCS125091606,HYZ,HYZ,HYZ,HYZ,HYZ,False,/home/ubuntu/sunlong/gcms_consistency_old/new_prepared_data/tensors/20250920/HYZ/2409_B26_1999_125091606.npz
B26_2000_125091609,/home/ubuntu/sunlong/gcms_consistency_old/dataset/20250920/2000#HYZCCS125091609.D,2000#HYZCCS125091609.D,26,20250920,2000.0,HYZ,云烟（紫）,C,125091609,CCS125091609,HYZ,HYZ,HYZ,HYZ,HYZ,False,/home/ubuntu/sunlong/gcms_consistency_old/new_prepared_data/tensors/20250920/HYZ/2410_B26_2000_125091609.npz
B26_2001_125091612,/home/ubuntu/sunlong/gcms_consistency_old/dataset/20250920/2001#HYZCCS125091612.D,2001#HYZCCS125091612.D,26,20250920,2001.0,HYZ,云烟（紫）,C,125091612,CCS125091612,HYZ,HYZ,HYZ,HYZ,HYZ,False,/home/ubuntu/sunlong/gcms_consistency_old/new_prepared_data/tensors/20250920/HYZ/2411_B26_2001_125091612.npz
B26_2002_125091614,/home/ubuntu/sunlong/gcms_consistency_old/dataset/20250920/2002#HYZCCS125091614.D,2002#HYZCCS125091614.D,26,20250920,2002.0,HYZ,云烟（紫）,C,125091614,CCS125091614,HYZ,HYZ,HYZ,HYZ,HYZ,False,/home/ubuntu/sunlong/gcms_consistency_old/new_prepared_data/tensors/20250920/HYZ/2412_B26_2002_125091614.npz
B26_2003_125091605,/home/ubuntu/sunlong/gcms_consistency_old/dataset/20250920/2003#RJDACS125091605.D,2003#RJDACS125091605.D,26,20250920,2003.0,YJD,红塔山（硬经典）,A,125091605,ACS125091605,YJD,YJD,YJD,YJD,YJD,False,/home/ubuntu/sunlong/gcms_consistency_old/new_prepared_data/tensors/20250920/RJD/2413_B26_2003_125091605.npz
B26_2004_125091607,/home/ubuntu/sunlong/gcms_consistency_old/dataset/20250920/2004#RJDACS125091607.D,2004#RJDACS125091607.D,26,20250920,2004.0,YJD,红塔山（硬经典）,A,125091607,ACS125091607,YJD,YJD,YJD,YJD,YJD,False,/home/ubuntu/sunlong/gcms_consistency_old/new_prepared_data/tensors/20250920/RJD/2414_B26_2004_125091607.npz
B26_2005_125091610,/home/ubuntu/sunlong/gcms_consistency_old/dataset/20250920/2005#RJDACS125091610.D,2005#RJDACS125091610.D,26,20250920,2005.0,YJD,红塔山（硬经典）,A,125091610,ACS125091610,YJD,YJD,YJD,YJD,YJD,False,/home/ubuntu/sunlong/gcms_consistency_old/new_prepared_data/tensors/20250920/RJD/2415_B26_2005_125091610.npz
B26_2006_125091613,/home/ubuntu/sunlong/gcms_consistency_old/dataset/20250920/2006#YJDACS125091613.D,2006#YJDACS125091613.D,26,20250920,2006.0,YJD,红塔山（硬经典）,A,125091613,ACS125091613,YJD,YJD,YJD,YJD,YJD,False,/home/ubuntu/sunlong/gcms_consistency_old/new_prepared_data/tensors/20250920/YJD/2416_B26_2006_125091613.npz
B26_2007_125091710,/home/ubuntu/sunlong/gcms_consistency_old/dataset/20250920/2007#H88CCS125091710.D,2007#H88CCS125091710.D,26,20250920,2007.0,H88,红河（88）,C,125091710,CCS125091710,H88,H88,H88,H88,H88,False,/home/ubuntu/sunlong/gcms_consistency_old/new_prepared_data/tensors/20250920/H88/2417_B26_2007_125091710.npz
B26_2008_125091712,/home/ubuntu/sunlong/gcms_consistency_old/dataset/20250920/2008#H99CCS125091712.D,2008#H99CCS125091712.D,26,20250920,2008.0,H99,红河（99）,C,125091712,CCS125091712,H99,H99,H99,H99,H99,False,/home/ubuntu/sunlong/gcms_consistency_old/new_prepared_data/tensors/20250920/H99/2418_B26_2008_125091712.npz
B26_2009_125091715,/home/ubuntu/sunlong/gcms_consistency_old/dataset/20250920/2009#H99CCS125091715.D,2009#H99CCS125091715.D,26,20250920,2009.0,H99,红河（99）,C,125091715,CCS125091715,H99,H99,H99,H99,H99,False,/home/ubuntu/sunlong/gcms_consistency_old/new_prepared_data/tensors/20250920/H99/2419_B26_2009_125091715.npz
B26_2010_125091708,/home/ubuntu/sunlong/gcms_consistency_old/dataset/20250920/2010#HMDACS125091708.D,2010#HMDACS125091708.D,26,20250920,2010.0,HMD,牡丹（软）,A,125091708,ACS125091708,HMD,HMD,HMD,HMD,HMD,False,/home/ubuntu/sunlong/gcms_consistency_old/new_prepared_data/tensors/20250920/HMD/2420_B26_2010_125091708.npz
B26_2011_125091709,/home/ubuntu/sunlong/gcms_consistency_old/dataset/20250920/2011#HMDACS125091709.D,2011#HMDACS125091709.D,26,20250920,2011.0,HMD,牡丹（软）,A,125091709,ACS125091709,HMD,HMD,HMD,HMD,HMD,False,/home/ubuntu/sunlong/gcms_consistency_old/new_prepared_data/tensors/20250920/HMD/2421_B26_2011_125091709.npz
B26_2012_125091701,/home/ubuntu/sunlong/gcms_consistency_old/dataset/20250920/2012#HYZBCS125091701.D,2012#HYZBCS125091701.D,26,20250920,2012.0,HYZ,云烟（紫）,B,125091701,BCS125091701,HYZ,HYZ,HYZ,HYZ,HYZ,False,/home/ubuntu/sunlong/gcms_consistency_old/new_prepared_data/tensors/20250920/HYZ/2422_B26_2012_125091701.npz
B26_2013_125091703,/home/ubuntu/sunlong/gcms_consistency_old/dataset/20250920/2013#HYZBCS125091703.D,2013#HYZBCS125091703.D,26,20250920,2013.0,HYZ,云烟（紫）,B,125091703,BCS125091703,HYZ,HYZ,HYZ,HYZ,HYZ,False,/home/ubuntu/sunlong/gcms_consistency_old/new_prepared_data/tensors/20250920/HYZ/2423_B26_2013_125091703.npz
B26_2014_125091706,/home/ubuntu/sunlong/gcms_consistency_old/dataset/20250920/2014#HYZBCS125091706.D,2014#HYZBCS125091706.D,26,20250920,2014.0,HYZ,云烟（紫）,B,125091706,BCS125091706,HYZ,HYZ,HYZ,HYZ,HYZ,False,/home/ubuntu/sunlong/gcms_consistency_old/new_prepared_data/tensors/20250920/HYZ/2424_B26_2014_125091706.npz
B26_2015_125091711,/home/ubuntu/sunlong/gcms_consistency_old/dataset/20250920/2015#HYZBCS125091711.D,2015#HYZBCS125091711.D,26,20250920,2015.0,HYZ,云烟（紫）,B,125091711,BCS125091711,HYZ,HYZ,HYZ,HYZ,HYZ,False,/home/ubuntu/sunlong/gcms_consistency_old/new_prepared_data/tensors/20250920/HYZ/2425_B26_2015_125091711.npz
B26_2016_125091712,/home/ubuntu/sunlong/gcms_consistency_old/dataset/20250920/2016#HYZBCS125091712.D,2016#HYZBCS125091712.D,26,20250920,2016.0,HYZ,云烟（紫）,B,125091712,BCS125091712,HYZ,HYZ,HYZ,HYZ,HYZ,False,/home/ubuntu/sunlong/gcms_consistency_old/new_prepared_data/tensors/20250920/HYZ/2426_B26_2016_125091712.npz
B26_2017_125091713,/home/ubuntu/sunlong/gcms_consistency_old/dataset/20250920/2017#HYZBCS125091713.D,2017#HYZBCS125091713.D,26,20250920,2017.0,HYZ,云烟（紫）,B,125091713,BCS125091713,HYZ,HYZ,HYZ,HYZ,HYZ,False,/home/ubuntu/sunlong/gcms_consistency_old/new_prepared_data/tensors/20250920/HYZ/2427_B26_2017_125091713.npz
B26_2018_125091717,/home/ubuntu/sunlong/gcms_consistency_old/dataset/20250920/2018#HYZBCS125091717.D,2018#HYZBCS125091717.D,26,20250920,2018.0,HYZ,云烟（紫）,B,125091717,BCS125091717,HYZ,HYZ,HYZ,HYZ,HYZ,False,/home/ubuntu/sunlong/gcms_consistency_old/new_prepared_data/tensors/20250920/HYZ/2428_B26_2018_125091717.npz
B26_2019_125091704,/home/ubuntu/sunlong/gcms_consistency_old/dataset/20250920/2019#HYZCCS125091704.D,2019#HYZCCS125091704.D,26,20250920,2019.0,HYZ,云烟（紫）,C,125091704,CCS125091704,HYZ,HYZ,HYZ,HYZ,HYZ,False,/home/ubuntu/sunlong/gcms_consistency_old/new_prepared_data/tensors/20250920/HYZ/2429_B26_2019_125091704.npz
B26_2020_125091707,/home/ubuntu/sunlong/gcms_consistency_old/dataset/20250920/2020#HYZCCS125091707.D,2020#HYZCCS125091707.D,26,20250920,2020.0,HYZ,云烟（紫）,C,125091707,CCS125091707,HYZ,HYZ,HYZ,HYZ,HYZ,False,/home/ubuntu/sunlong/gcms_consistency_old/new_prepared_data/tensors/20250920/HYZ/2430_B26_2020_125091707.npz
B26_2021_125091714,/home/ubuntu/sunlong/gcms_consistency_old/dataset/20250920/2021#RJDACS125091714.D,2021#RJDACS125091714.D,26,20250920,2021.0,YJD,红塔山（硬经典）,A,125091714,ACS125091714,YJD,YJD,YJD,YJD,YJD,False,/home/ubuntu/sunlong/gcms_consistency_old/new_prepared_data/tensors/20250920/RJD/2431_B26_2021_125091714.npz
B26_2022_225091701,/home/ubuntu/sunlong/gcms_consistency_old/dataset/20250920/2022#XCJACS225091701.D,2022#XCJACS225091701.D,26,20250920,2022.0,XCJ,云烟（中支小重九）,A,225091701,ACS225091701,XCJ,XCJ,XCJ,XCJ,XCJ,False,/home/ubuntu/sunlong/gcms_consistency_old/new_prepared_data/tensors/20250920/XCJ/2432_B26_2022_225091701.npz
B26_2023_125091702,/home/ubuntu/sunlong/gcms_consistency_old/dataset/20250920/2023#YJDACS125091702.D,2023#YJDACS125091702.D,26,20250920,2023.0,YJD,红塔山（硬经典）,A,125091702,ACS125091702,YJD,YJD,YJD,YJD,YJD,False,/home/ubuntu/sunlong/gcms_consistency_old/new_prepared_data/tensors/20250920/YJD/2433_B26_2023_125091702.npz
B26_2024_125091705,/home/ubuntu/sunlong/gcms_consistency_old/dataset/20250920/2024#YJDACS125091705.D,2024#YJDACS125091705.D,26,20250920,2024.0,YJD,红塔山（硬经典）,A,125091705,ACS125091705,YJD,YJD,YJD,YJD,YJD,False,/home/ubuntu/sunlong/gcms_consistency_old/new_prepared_data/tensors/20250920/YJD/2434_B26_2024_125091705.npz
B26_2025_125091804,/home/ubuntu/sunlong/gcms_consistency_old/dataset/20250920/2025#H88CCS125091804.D,2025#H88CCS125091804.D,26,20250920,2025.0,H88,红河（88）,C,125091804,CCS125091804,H88,H88,H88,H88,H88,False,/home/ubuntu/sunlong/gcms_consistency_old/new_prepared_data/tensors/20250920/H88/2435_B26_2025_125091804.npz
B26_2026_125091816,/home/ubuntu/sunlong/gcms_consistency_old/dataset/20250920/2026#H88CCS125091816.D,2026#H88CCS125091816.D,26,20250920,2026.0,H88,红河（88）,C,125091816,CCS125091816,H88,H88,H88,H88,H88,False,/home/ubuntu/sunlong/gcms_consistency_old/new_prepared_data/tensors/20250920/H88/2436_B26_2026_125091816.npz
B26_2027_125091818,/home/ubuntu/sunlong/gcms_consistency_old/dataset/20250920/2027#H99CCS125091818.D,2027#H99CCS125091818.D,26,20250920,2027.0,H99,红河（99）,C,125091818,CCS125091818,H99,H99,H99,H99,H99,False,/home/ubuntu/sunlong/gcms_consistency_old/new_prepared_data/tensors/20250920/H99/2437_B26_2027_125091818.npz
B26_2028_125091805,/home/ubuntu/sunlong/gcms_consistency_old/dataset/20250920/2028#HMDACS125091805.D,2028#HMDACS125091805.D,26,20250920,2028.0,HMD,牡丹（软）,A,125091805,ACS125091805,HMD,HMD,HMD,HMD,HMD,False,/home/ubuntu/sunlong/gcms_consistency_old/new_prepared_data/tensors/20250920/HMD/2438_B26_2028_125091805.npz
B26_2029_125091808,/home/ubuntu/sunlong/gcms_consistency_old/dataset/20250920/2029#HMDACS125091808.D,2029#HMDACS125091808.D,26,20250920,2029.0,HMD,牡丹（软）,A,125091808,ACS125091808,HMD,HMD,HMD,HMD,HMD,False,/home/ubuntu/sunlong/gcms_consistency_old/new_prepared_data/tensors/20250920/HMD/2439_B26_2029_125091808.npz
B26_2030_125091801,/home/ubuntu/sunlong/gcms_consistency_old/dataset/20250920/2030#HYZBCS125091801.D,2030#HYZBCS125091801.D,26,20250920,2030.0,HYZ,云烟（紫）,B,125091801,BCS125091801,HYZ,HYZ,HYZ,HYZ,HYZ,False,/home/ubuntu/sunlong/gcms_consistency_old/new_prepared_data/tensors/20250920/HYZ/2440_B26_2030_125091801.npz
B26_2031_125091803,/home/ubuntu/sunlong/gcms_consistency_old/dataset/20250920/2031#HYZBCS125091803.D,2031#HYZBCS125091803.D,26,20250920,2031.0,HYZ,云烟（紫）,B,125091803,BCS125091803,HYZ,HYZ,HYZ,HYZ,HYZ,False,/home/ubuntu/sunlong/gcms_consistency_old/new_prepared_data/tensors/20250920/HYZ/2441_B26_2031_125091803.npz
B26_2032_125091806,/home/ubuntu/sunlong/gcms_consistency_old/dataset/20250920/2032#HYZBCS125091806.D,2032#HYZBCS125091806.D,26,20250920,2032.0,HYZ,云烟（紫）,B,125091806,BCS125091806,HYZ,HYZ,HYZ,HYZ,HYZ,False,/home/ubuntu/sunlong/gcms_consistency_old/new_prepared_data/tensors/20250920/HYZ/2442_B26_2032_125091806.npz
B26_2033_125091810,/home/ubuntu/sunlong/gcms_consistency_old/dataset/20250920/2033#HYZBCS125091810.D,2033#HYZBCS125091810.D,26,20250920,2033.0,HYZ,云烟（紫）,B,125091810,BCS125091810,HYZ,HYZ,HYZ,HYZ,HYZ,False,/home/ubuntu/sunlong/gcms_consistency_old/new_prepared_data/tensors/20250920/HYZ/2443_B26_2033_125091810.npz
B26_2034_125091813,/home/ubuntu/sunlong/gcms_consistency_old/dataset/20250920/2034#HYZBCS125091813.D,2034#HYZBCS125091813.D,26,20250920,2034.0,HYZ,云烟（紫）,B,125091813,BCS125091813,HYZ,HYZ,HYZ,HYZ,HYZ,False,/home/ubuntu/sunlong/gcms_consistency_old/new_prepared_data/tensors/20250920/HYZ/2444_B26_2034_125091813.npz
B26_2035_125091817,/home/ubuntu/sunlong/gcms_consistency_old/dataset/20250920/2035#HYZBCS125091817.D,2035#HYZBCS125091817.D,26,20250920,2035.0,HYZ,云烟（紫）,B,125091817,BCS125091817,HYZ,HYZ,HYZ,HYZ,HYZ,False,/home/ubuntu/sunlong/gcms_consistency_old/new_prepared_data/tensors/20250920/HYZ/2445_B26_2035_125091817.npz
B26_2036_125091807,/home/ubuntu/sunlong/gcms_consistency_old/dataset/20250920/2036#HYZCCS125091807.D,2036#HYZCCS125091807.D,26,20250920,2036.0,HYZ,云烟（紫）,C,125091807,CCS125091807,HYZ,HYZ,HYZ,HYZ,HYZ,False,/home/ubuntu/sunlong/gcms_consistency_old/new_prepared_data/tensors/20250920/HYZ/2446_B26_2036_125091807.npz
B26_2037_125091811,/home/ubuntu/sunlong/gcms_consistency_old/dataset/20250920/2037#HYZCCS125091811.D,2037#HYZCCS125091811.D,26,20250920,2037.0,HYZ,云烟（紫）,C,125091811,CCS125091811,HYZ,HYZ,HYZ,HYZ,HYZ,False,/home/ubuntu/sunlong/gcms_consistency_old/new_prepared_data/tensors/20250920/HYZ/2447_B26_2037_125091811.npz
B26_2038_125091814,/home/ubuntu/sunlong/gcms_consistency_old/dataset/20250920/2038#HYZCCS125091814.D,2038#HYZCCS125091814.D,26,20250920,2038.0,HYZ,云烟（紫）,C,125091814,CCS125091814,HYZ,HYZ,HYZ,HYZ,HYZ,False,/home/ubuntu/sunlong/gcms_consistency_old/new_prepared_data/tensors/20250920/HYZ/2448_B26_2038_125091814.npz
B26_2039_125091802,/home/ubuntu/sunlong/gcms_consistency_old/dataset/20250920/2039#RJDACS125091802.D,2039#RJDACS125091802.D,26,20250920,2039.0,YJD,红塔山（硬经典）,A,125091802,ACS125091802,YJD,YJD,YJD,YJD,YJD,False,/home/ubuntu/sunlong/gcms_consistency_old/new_prepared_data/tensors/20250920/RJD/2449_B26_2039_125091802.npz
B26_2040_125091815,/home/ubuntu/sunlong/gcms_consistency_old/dataset/20250920/2040#RJDACS125091815.D,2040#RJDACS125091815.D,26,20250920,2040.0,YJD,红塔山（硬经典）,A,125091815,ACS125091815,YJD,YJD,YJD,YJD,YJD,False,/home/ubuntu/sunlong/gcms_consistency_old/new_prepared_data/tensors/20250920/RJD/2450_B26_2040_125091815.npz
B26_2041_125091820,/home/ubuntu/sunlong/gcms_consistency_old/dataset/20250920/2041#RJDACS125091820.D,2041#RJDACS125091820.D,26,20250920,2041.0,YJD,红塔山（硬经典）,A,125091820,ACS125091820,YJD,YJD,YJD,YJD,YJD,False,/home/ubuntu/sunlong/gcms_consistency_old/new_prepared_data/tensors/20250920/RJD/2451_B26_2041_125091820.npz
B26_2042_225091801,/home/ubuntu/sunlong/gcms_consistency_old/dataset/20250920/2042#XCJACS225091801.D,2042#XCJACS225091801.D,26,20250920,2042.0,XCJ,云烟（中支小重九）,A,225091801,ACS225091801,XCJ,XCJ,XCJ,XCJ,XCJ,False,/home/ubuntu/sunlong/gcms_consistency_old/new_prepared_data/tensors/20250920/XCJ/2452_B26_2042_225091801.npz
B26_2043_125091809,/home/ubuntu/sunlong/gcms_consistency_old/dataset/20250920/2043#YJDACS125091809.D,2043#YJDACS125091809.D,26,20250920,2043.0,YJD,红塔山（硬经典）,A,125091809,ACS125091809,YJD,YJD,YJD,YJD,YJD,False,/home/ubuntu/sunlong/gcms_consistency_old/new_prepared_data/tensors/20250920/YJD/2453_B26_2043_125091809.npz
B26_2044_125091812,/home/ubuntu/sunlong/gcms_consistency_old/dataset/20250920/2044#YJDACS125091812.D,2044#YJDACS125091812.D,26,20250920,2044.0,YJD,红塔山（硬经典）,A,125091812,ACS125091812,YJD,YJD,YJD,YJD,YJD,False,/home/ubuntu/sunlong/gcms_consistency_old/new_prepared_data/tensors/20250920/YJD/2454_B26_2044_125091812.npz
B26_2045_125091904,/home/ubuntu/sunlong/gcms_consistency_old/dataset/20250920/2045#H88CCS125091904.D,2045#H88CCS125091904.D,26,20250920,2045.0,H88,红河（88）,C,125091904,CCS125091904,H88,H88,H88,H88,H88,False,/home/ubuntu/sunlong/gcms_consistency_old/new_prepared_data/tensors/20250920/H88/2455_B26_2045_125091904.npz
B26_2046_125091915,/home/ubuntu/sunlong/gcms_consistency_old/dataset/20250920/2046#H88CCS125091915.D,2046#H88CCS125091915.D,26,20250920,2046.0,H88,红河（88）,C,125091915,CCS125091915,H88,H88,H88,H88,H88,False,/home/ubuntu/sunlong/gcms_consistency_old/new_prepared_data/tensors/20250920/H88/2456_B26_2046_125091915.npz
B26_2047_125091917,/home/ubuntu/sunlong/gcms_consistency_old/dataset/20250920/2047#H99CCS125091917.D,2047#H99CCS125091917.D,26,20250920,2047.0,H99,红河（99）,C,125091917,CCS125091917,H99,H99,H99,H99,H99,False,/home/ubuntu/sunlong/gcms_consistency_old/new_prepared_data/tensors/20250920/H99/2457_B26_2047_125091917.npz
B26_2048_125091905,/home/ubuntu/sunlong/gcms_consistency_old/dataset/20250920/2048#HMDACS125091905.D,2048#HMDACS125091905.D,26,20250920,2048.0,HMD,牡丹（软）,A,125091905,ACS125091905,HMD,HMD,HMD,HMD,HMD,False,/home/ubuntu/sunlong/gcms_consistency_old/new_prepared_data/tensors/20250920/HMD/2458_B26_2048_125091905.npz
B26_2049_125091908,/home/ubuntu/sunlong/gcms_consistency_old/dataset/20250920/2049#HMDACS125091908.D,2049#HMDACS125091908.D,26,20250920,2049.0,HMD,牡丹（软）,A,125091908,ACS125091908,HMD,HMD,HMD,HMD,HMD,False,/home/ubuntu/sunlong/gcms_consistency_old/new_prepared_data/tensors/20250920/HMD/2459_B26_2049_125091908.npz
B26_2050_125091909,/home/ubuntu/sunlong/gcms_consistency_old/dataset/20250920/2050#HMDACS125091909.D,2050#HMDACS125091909.D,26,20250920,2050.0,HMD,牡丹（软）,A,125091909,ACS125091909,HMD,HMD,HMD,HMD,HMD,False,/home/ubuntu/sunlong/gcms_consistency_old/new_prepared_data/tensors/20250920/HMD/2460_B26_2050_125091909.npz
B26_2051_125091901,/home/ubuntu/sunlong/gcms_consistency_old/dataset/20250920/2051#HYZBCS125091901.D,2051#HYZBCS125091901.D,26,20250920,2051.0,HYZ,云烟（紫）,B,125091901,BCS125091901,HYZ,HYZ,HYZ,HYZ,HYZ,False,/home/ubuntu/sunlong/gcms_consistency_old/new_prepared_data/tensors/20250920/HYZ/2461_B26_2051_125091901.npz
B26_2052_125091903,/home/ubuntu/sunlong/gcms_consistency_old/dataset/20250920/2052#HYZBCS125091903.D,2052#HYZBCS125091903.D,26,20250920,2052.0,HYZ,云烟（紫）,B,125091903,BCS125091903,HYZ,HYZ,HYZ,HYZ,HYZ,False,/home/ubuntu/sunlong/gcms_consistency_old/new_prepared_data/tensors/20250920/HYZ/2462_B26_2052_125091903.npz
B26_2053_125091906,/home/ubuntu/sunlong/gcms_consistency_old/dataset/20250920/2053#HYZBCS125091906.D,2053#HYZBCS125091906.D,26,20250920,2053.0,HYZ,云烟（紫）,B,125091906,BCS125091906,HYZ,HYZ,HYZ,HYZ,HYZ,False,/home/ubuntu/sunlong/gcms_consistency_old/new_prepared_data/tensors/20250920/HYZ/2463_B26_2053_125091906.npz
B26_2054_125091910,/home/ubuntu/sunlong/gcms_consistency_old/dataset/20250920/2054#HYZBCS125091910.D,2054#HYZBCS125091910.D,26,20250920,2054.0,HYZ,云烟（紫）,B,125091910,BCS125091910,HYZ,HYZ,HYZ,HYZ,HYZ,False,/home/ubuntu/sunlong/gcms_consistency_old/new_prepared_data/tensors/20250920/HYZ/2464_B26_2054_125091910.npz
B26_2055_125091912,/home/ubuntu/sunlong/gcms_consistency_old/dataset/20250920/2055#HYZBCS125091912.D,2055#HYZBCS125091912.D,26,20250920,2055.0,HYZ,云烟（紫）,B,125091912,BCS125091912,HYZ,HYZ,HYZ,HYZ,HYZ,False,/home/ubuntu/sunlong/gcms_consistency_old/new_prepared_data/tensors/20250920/HYZ/2465_B26_2055_125091912.npz
B26_2056_125091916,/home/ubuntu/sunlong/gcms_consistency_old/dataset/20250920/2056#HYZBCS125091916.D,2056#HYZBCS125091916.D,26,20250920,2056.0,HYZ,云烟（紫）,B,125091916,BCS125091916,HYZ,HYZ,HYZ,HYZ,HYZ,False,/home/ubuntu/sunlong/gcms_consistency_old/new_prepared_data/tensors/20250920/HYZ/2466_B26_2056_125091916.npz
B26_2057_125091907,/home/ubuntu/sunlong/gcms_consistency_old/dataset/20250920/2057#HYZCCS125091907.D,2057#HYZCCS125091907.D,26,20250920,2057.0,HYZ,云烟（紫）,C,125091907,CCS125091907,HYZ,HYZ,HYZ,HYZ,HYZ,False,/home/ubuntu/sunlong/gcms_consistency_old/new_prepared_data/tensors/20250920/HYZ/2467_B26_2057_125091907.npz
B26_2058_125091911,/home/ubuntu/sunlong/gcms_consistency_old/dataset/20250920/2058#HYZCCS125091911.D,2058#HYZCCS125091911.D,26,20250920,2058.0,HYZ,云烟（紫）,C,125091911,CCS125091911,HYZ,HYZ,HYZ,HYZ,HYZ,False,/home/ubuntu/sunlong/gcms_consistency_old/new_prepared_data/tensors/20250920/HYZ/2468_B26_2058_125091911.npz
B26_2059_125091913,/home/ubuntu/sunlong/gcms_consistency_old/dataset/20250920/2059#HYZCCS125091913.D,2059#HYZCCS125091913.D,26,20250920,2059.0,HYZ,云烟（紫）,C,125091913,CCS125091913,HYZ,HYZ,HYZ,HYZ,HYZ,False,/home/ubuntu/sunlong/gcms_consistency_old/new_prepared_data/tensors/20250920/HYZ/2469_B26_2059_125091913.npz
B26_2060_125091902,/home/ubuntu/sunlong/gcms_consistency_old/dataset/20250920/2060#RJDACS125091902.D,2060#RJDACS125091902.D,26,20250920,2060.0,YJD,红塔山（硬经典）,A,125091902,ACS125091902,YJD,YJD,YJD,YJD,YJD,False,/home/ubuntu/sunlong/gcms_consistency_old/new_prepared_data/tensors/20250920/RJD/2470_B26_2060_125091902.npz
B26_2061_225091901,/home/ubuntu/sunlong/gcms_consistency_old/dataset/20250920/2061#XCJACS225091901.D,2061#XCJACS225091901.D,26,20250920,2061.0,XCJ,云烟（中支小重九）,A,225091901,ACS225091901,XCJ,XCJ,XCJ,XCJ,XCJ,False,/home/ubuntu/sunlong/gcms_consistency_old/new_prepared_data/tensors/20250920/XCJ/2471_B26_2061_225091901.npz
B26_2062_125091914,/home/ubuntu/sunlong/gcms_consistency_old/dataset/20250920/2062#YJDACS125091914.D,2062#YJDACS125091914.D,26,20250920,2062.0,YJD,红塔山（硬经典）,A,125091914,ACS125091914,YJD,YJD,YJD,YJD,YJD,False,/home/ubuntu/sunlong/gcms_consistency_old/new_prepared_data/tensors/20250920/YJD/2472_B26_2062_125091914.npz
B26_2063_125091919,/home/ubuntu/sunlong/gcms_consistency_old/dataset/20250920/2063#YJDACS125091919.D,2063#YJDACS125091919.D,26,20250920,2063.0,YJD,红塔山（硬经典）,A,125091919,ACS125091919,YJD,YJD,YJD,YJD,YJD,False,/home/ubuntu/sunlong/gcms_consistency_old/new_prepared_data/tensors/20250920/YJD/2473_B26_2063_125091919.npz
B26_2064_125092004,/home/ubuntu/sunlong/gcms_consistency_old/dataset/20250920/2064#H88CCS125092004.D,2064#H88CCS125092004.D,26,20250920,2064.0,H88,红河（88）,C,125092004,CCS125092004,H88,H88,H88,H88,H88,False,/home/ubuntu/sunlong/gcms_consistency_old/new_prepared_data/tensors/20250920/H88/2474_B26_2064_125092004.npz
B26_2065_125092015,/home/ubuntu/sunlong/gcms_consistency_old/dataset/20250920/2065#H88CCS125092015.D,2065#H88CCS125092015.D,26,20250920,2065.0,H88,红河（88）,C,125092015,CCS125092015,H88,H88,H88,H88,H88,False,/home/ubuntu/sunlong/gcms_consistency_old/new_prepared_data/tensors/20250920/H88/2475_B26_2065_125092015.npz
B26_2066_125092017,/home/ubuntu/sunlong/gcms_consistency_old/dataset/20250920/2066#H99CCS125092017.D,2066#H99CCS125092017.D,26,20250920,2066.0,H99,红河（99）,C,125092017,CCS125092017,H99,H99,H99,H99,H99,False,/home/ubuntu/sunlong/gcms_consistency_old/new_prepared_data/tensors/20250920/H99/2476_B26_2066_125092017.npz
B26_2067_125092001,/home/ubuntu/sunlong/gcms_consistency_old/dataset/20250920/2067#HYZBCS125092001.D,2067#HYZBCS125092001.D,26,20250920,2067.0,HYZ,云烟（紫）,B,125092001,BCS125092001,HYZ,HYZ,HYZ,HYZ,HYZ,False,/home/ubuntu/sunlong/gcms_consistency_old/new_prepared_data/tensors/20250920/HYZ/2477_B26_2067_125092001.npz
B26_2068_125092003,/home/ubuntu/sunlong/gcms_consistency_old/dataset/20250920/2068#HYZBCS125092003.D,2068#HYZBCS125092003.D,26,20250920,2068.0,HYZ,云烟（紫）,B,125092003,BCS125092003,HYZ,HYZ,HYZ,HYZ,HYZ,False,/home/ubuntu/sunlong/gcms_consistency_old/new_prepared_data/tensors/20250920/HYZ/2478_B26_2068_125092003.npz
B26_2069_125092006,/home/ubuntu/sunlong/gcms_consistency_old/dataset/20250920/2069#HYZBCS125092006.D,2069#HYZBCS125092006.D,26,20250920,2069.0,HYZ,云烟（紫）,B,125092006,BCS125092006,HYZ,HYZ,HYZ,HYZ,HYZ,False,/home/ubuntu/sunlong/gcms_consistency_old/new_prepared_data/tensors/20250920/HYZ/2479_B26_2069_125092006.npz
B26_2070_125092009,/home/ubuntu/sunlong/gcms_consistency_old/dataset/20250920/2070#HYZBCS125092009.D,2070#HYZBCS125092009.D,26,20250920,2070.0,HYZ,云烟（紫）,B,125092009,BCS125092009,HYZ,HYZ,HYZ,HYZ,HYZ,False,/home/ubuntu/sunlong/gcms_consistency_old/new_prepared_data/tensors/20250920/HYZ/2480_B26_2070_125092009.npz
B26_2071_125092012,/home/ubuntu/sunlong/gcms_consistency_old/dataset/20250920/2071#HYZBCS125092012.D,2071#HYZBCS125092012.D,26,20250920,2071.0,HYZ,云烟（紫）,B,125092012,BCS125092012,HYZ,HYZ,HYZ,HYZ,HYZ,False,/home/ubuntu/sunlong/gcms_consistency_old/new_prepared_data/tensors/20250920/HYZ/2481_B26_2071_125092012.npz
B26_2072_125092016,/home/ubuntu/sunlong/gcms_consistency_old/dataset/20250920/2072#HYZBCS125092016.D,2072#HYZBCS125092016.D,26,20250920,2072.0,HYZ,云烟（紫）,B,125092016,BCS125092016,HYZ,HYZ,HYZ,HYZ,HYZ,False,/home/ubuntu/sunlong/gcms_consistency_old/new_prepared_data/tensors/20250920/HYZ/2482_B26_2072_125092016.npz
B26_2073_125092018,/home/ubuntu/sunlong/gcms_consistency_old/dataset/20250920/2073#HYZBCS125092018.D,2073#HYZBCS125092018.D,26,20250920,2073.0,HYZ,云烟（紫）,B,125092018,BCS125092018,HYZ,HYZ,HYZ,HYZ,HYZ,False,/home/ubuntu/sunlong/gcms_consistency_old/new_prepared_data/tensors/20250920/HYZ/2483_B26_2073_125092018.npz
B26_2074_125092007,/home/ubuntu/sunlong/gcms_consistency_old/dataset/20250920/2074#HYZCCS125092007.D,2074#HYZCCS125092007.D,26,20250920,2074.0,HYZ,云烟（紫）,C,125092007,CCS125092007,HYZ,HYZ,HYZ,HYZ,HYZ,False,/home/ubuntu/sunlong/gcms_consistency_old/new_prepared_data/tensors/20250920/HYZ/2484_B26_2074_125092007.npz
B26_2075_125092010,/home/ubuntu/sunlong/gcms_consistency_old/dataset/20250920/2075#HYZCCS125092010.D,2075#HYZCCS125092010.D,26,20250920,2075.0,HYZ,云烟（紫）,C,125092010,CCS125092010,HYZ,HYZ,HYZ,HYZ,HYZ,False,/home/ubuntu/sunlong/gcms_consistency_old/new_prepared_data/tensors/20250920/HYZ/2485_B26_2075_125092010.npz
B26_2076_125092013,/home/ubuntu/sunlong/gcms_consistency_old/dataset/20250920/2076#HYZCCS125092013.D,2076#HYZCCS125092013.D,26,20250920,2076.0,HYZ,云烟（紫）,C,125092013,CCS125092013,HYZ,HYZ,HYZ,HYZ,HYZ,False,/home/ubuntu/sunlong/gcms_consistency_old/new_prepared_data/tensors/20250920/HYZ/2486_B26_2076_125092013.npz
B26_2077_125092005,/home/ubuntu/sunlong/gcms_consistency_old/dataset/20250920/2077#RJDACS125092005.D,2077#RJDACS125092005.D,26,20250920,2077.0,YJD,红塔山（硬经典）,A,125092005,ACS125092005,YJD,YJD,YJD,YJD,YJD,False,/home/ubuntu/sunlong/gcms_consistency_old/new_prepared_data/tensors/20250920/RJD/2487_B26_2077_125092005.npz
B26_2078_125092008,/home/ubuntu/sunlong/gcms_consistency_old/dataset/20250920/2078#RJDACS125092008.D,2078#RJDACS125092008.D,26,20250920,2078.0,YJD,红塔山（硬经典）,A,125092008,ACS125092008,YJD,YJD,YJD,YJD,YJD,False,/home/ubuntu/sunlong/gcms_consistency_old/new_prepared_data/tensors/20250920/RJD/2488_B26_2078_125092008.npz
B26_2079_125092011,/home/ubuntu/sunlong/gcms_consistency_old/dataset/20250920/2079#RJDACS125092011.D,2079#RJDACS125092011.D,26,20250920,2079.0,YJD,红塔山（硬经典）,A,125092011,ACS125092011,YJD,YJD,YJD,YJD,YJD,False,/home/ubuntu/sunlong/gcms_consistency_old/new_prepared_data/tensors/20250920/RJD/2489_B26_2079_125092011.npz
B26_2080_125092002,/home/ubuntu/sunlong/gcms_consistency_old/dataset/20250920/2080#YJDACS125092002.D,2080#YJDACS125092002.D,26,20250920,2080.0,YJD,红塔山（硬经典）,A,125092002,ACS125092002,YJD,YJD,YJD,YJD,YJD,False,/home/ubuntu/sunlong/gcms_consistency_old/new_prepared_data/tensors/20250920/YJD/2490_B26_2080_125092002.npz
B26_2081_125092014,/home/ubuntu/sunlong/gcms_consistency_old/dataset/20250920/2081#YJDACS125092014.D,2081#YJDACS125092014.D,26,20250920,2081.0,YJD,红塔山（硬经典）,A,125092014,ACS125092014,YJD,YJD,YJD,YJD,YJD,False,/home/ubuntu/sunlong/gcms_consistency_old/new_prepared_data/tensors/20250920/YJD/2491_B26_2081_125092014.npz
B26_2082_125092205,/home/ubuntu/sunlong/gcms_consistency_old/dataset/20250920/2082#H88ACS125092205.D,2082#H88ACS125092205.D,26,20250920,2082.0,H88,红河（88）,A,125092205,ACS125092205,H88,H88,H88,H88,H88,False,/home/ubuntu/sunlong/gcms_consistency_old/new_prepared_data/tensors/20250920/H88/2492_B26_2082_125092205.npz
B26_2083_125092207,/home/ubuntu/sunlong/gcms_consistency_old/dataset/20250920/2083#H88ACS125092207.D,2083#H88ACS125092207.D,26,20250920,2083.0,H88,红河（88）,A,125092207,ACS125092207,H88,H88,H88,H88,H88,False,/home/ubuntu/sunlong/gcms_consistency_old/new_prepared_data/tensors/20250920/H88/2493_B26_2083_125092207.npz
B26_2084_125092209,/home/ubuntu/sunlong/gcms_consistency_old/dataset/20250920/2084#H88ACS125092209.D,2084#H88ACS125092209.D,26,20250920,2084.0,H88,红河（88）,A,125092209,ACS125092209,H88,H88,H88,H88,H88,False,/home/ubuntu/sunlong/gcms_consistency_old/new_prepared_data/tensors/20250920/H88/2494_B26_2084_125092209.npz
B26_2085_125092211,/home/ubuntu/sunlong/gcms_consistency_old/dataset/20250920/2085#HMDACS125092211.D,2085#HMDACS125092211.D,26,20250920,2085.0,HMD,牡丹（软）,A,125092211,ACS125092211,HMD,HMD,HMD,HMD,HMD,False,/home/ubuntu/sunlong/gcms_consistency_old/new_prepared_data/tensors/20250920/HMD/2495_B26_2085_125092211.npz
B26_2086_125092213,/home/ubuntu/sunlong/gcms_consistency_old/dataset/20250920/2086#HMDACS125092213.D,2086#HMDACS125092213.D,26,20250920,2086.0,HMD,牡丹（软）,A,125092213,ACS125092213,HMD,HMD,HMD,HMD,HMD,False,/home/ubuntu/sunlong/gcms_consistency_old/new_prepared_data/tensors/20250920/HMD/2496_B26_2086_125092213.npz
B26_2087_125092201,/home/ubuntu/sunlong/gcms_consistency_old/dataset/20250920/2087#HYZBCS125092201.D,2087#HYZBCS125092201.D,26,20250920,2087.0,HYZ,云烟（紫）,B,125092201,BCS125092201,HYZ,HYZ,HYZ,HYZ,HYZ,False,/home/ubuntu/sunlong/gcms_consistency_old/new_prepared_data/tensors/20250920/HYZ/2497_B26_2087_125092201.npz
B26_2088_125092203,/home/ubuntu/sunlong/gcms_consistency_old/dataset/20250920/2088#HYZBCS125092203.D,2088#HYZBCS125092203.D,26,20250920,2088.0,HYZ,云烟（紫）,B,125092203,BCS125092203,HYZ,HYZ,HYZ,HYZ,HYZ,False,/home/ubuntu/sunlong/gcms_consistency_old/new_prepared_data/tensors/20250920/HYZ/2498_B26_2088_125092203.npz
B26_2089_125092206,/home/ubuntu/sunlong/gcms_consistency_old/dataset/20250920/2089#HYZBCS125092206.D,2089#HYZBCS125092206.D,26,20250920,2089.0,HYZ,云烟（紫）,B,125092206,BCS125092206,HYZ,HYZ,HYZ,HYZ,HYZ,False,/home/ubuntu/sunlong/gcms_consistency_old/new_prepared_data/tensors/20250920/HYZ/2499_B26_2089_125092206.npz
B26_2090_425092201,/home/ubuntu/sunlong/gcms_consistency_old/dataset/20250920/2090#HYZBCS425092201.D,2090#HYZBCS425092201.D,26,20250920,2090.0,HYZ,云烟（紫）,B,425092201,BCS425092201,HYZ,HYZ,HYZ,HYZ,HYZ,False,/home/ubuntu/sunlong/gcms_consistency_old/new_prepared_data/tensors/20250920/HYZ/2500_B26_2090_425092201.npz
B26_2091_425092202,/home/ubuntu/sunlong/gcms_consistency_old/dataset/20250920/2091#HYZBCS425092202.D,2091#HYZBCS425092202.D,26,20250920,2091.0,HYZ,云烟（紫）,B,425092202,BCS425092202,HYZ,HYZ,HYZ,HYZ,HYZ,False,/home/ubuntu/sunlong/gcms_consistency_old/new_prepared_data/tensors/20250920/HYZ/2501_B26_2091_425092202.npz
B26_2092_425092203,/home/ubuntu/sunlong/gcms_consistency_old/dataset/20250920/2092#HYZBCS425092203.D,2092#HYZBCS425092203.D,26,20250920,2092.0,HYZ,云烟（紫）,B,425092203,BCS425092203,HYZ,HYZ,HYZ,HYZ,HYZ,False,/home/ubuntu/sunlong/gcms_consistency_old/new_prepared_data/tensors/20250920/HYZ/2502_B26_2092_425092203.npz
B26_2093_425092204,/home/ubuntu/sunlong/gcms_consistency_old/dataset/20250920/2093#HYZBCS425092204.D,2093#HYZBCS425092204.D,26,20250920,2093.0,HYZ,云烟（紫）,B,425092204,BCS425092204,HYZ,HYZ,HYZ,HYZ,HYZ,False,/home/ubuntu/sunlong/gcms_consistency_old/new_prepared_data/tensors/20250920/HYZ/2503_B26_2093_425092204.npz
B26_2094_125092204,/home/ubuntu/sunlong/gcms_consistency_old/dataset/20250920/2094#HYZCCS125092204.D,2094#HYZCCS125092204.D,26,20250920,2094.0,HYZ,云烟（紫）,C,125092204,CCS125092204,HYZ,HYZ,HYZ,HYZ,HYZ,False,/home/ubuntu/sunlong/gcms_consistency_old/new_prepared_data/tensors/20250920/HYZ/2504_B26_2094_125092204.npz
B26_2095_125092208,/home/ubuntu/sunlong/gcms_consistency_old/dataset/20250920/2095#HYZCCS125092208.D,2095#HYZCCS125092208.D,26,20250920,2095.0,HYZ,云烟（紫）,C,125092208,CCS125092208,HYZ,HYZ,HYZ,HYZ,HYZ,False,/home/ubuntu/sunlong/gcms_consistency_old/new_prepared_data/tensors/20250920/HYZ/2505_B26_2095_125092208.npz
B26_2096_125092210,/home/ubuntu/sunlong/gcms_consistency_old/dataset/20250920/2096#HYZCCS125092210.D,2096#HYZCCS125092210.D,26,20250920,2096.0,HYZ,云烟（紫）,C,125092210,CCS125092210,HYZ,HYZ,HYZ,HYZ,HYZ,False,/home/ubuntu/sunlong/gcms_consistency_old/new_prepared_data/tensors/20250920/HYZ/2506_B26_2096_125092210.npz
B26_2097_125092212,/home/ubuntu/sunlong/gcms_consistency_old/dataset/20250920/2097#HYZCCS125092212.D,2097#HYZCCS125092212.D,26,20250920,2097.0,HYZ,云烟（紫）,C,125092212,CCS125092212,HYZ,HYZ,HYZ,HYZ,HYZ,False,/home/ubuntu/sunlong/gcms_consistency_old/new_prepared_data/tensors/20250920/HYZ/2507_B26_2097_125092212.npz
B26_2098_125092202,/home/ubuntu/sunlong/gcms_consistency_old/dataset/20250920/2098#YJDACS125092202.D,2098#YJDACS125092202.D,26,20250920,2098.0,YJD,红塔山（硬经典）,A,125092202,ACS125092202,YJD,YJD,YJD,YJD,YJD,False,/home/ubuntu/sunlong/gcms_consistency_old/new_prepared_data/tensors/20250920/YJD/2508_B26_2098_125092202.npz
B27_2099_125092314,/home/ubuntu/sunlong/gcms_consistency_old/dataset/20250926/2099#H88CCS125092314.D,2099#H88CCS125092314.D,27,20250926,2099.0,H88,红河（88）,C,125092314,CCS125092314,H88,H88,H88,H88,H88,False,/home/ubuntu/sunlong/gcms_consistency_old/new_prepared_data/tensors/20250926/H88/2509_B27_2099_125092314.npz
B27_2100_125092316,/home/ubuntu/sunlong/gcms_consistency_old/dataset/20250926/2100#H99CCS125092316.D,2100#H99CCS125092316.D,27,20250926,2100.0,H99,红河（99）,C,125092316,CCS125092316,H99,H99,H99,H99,H99,False,/home/ubuntu/sunlong/gcms_consistency_old/new_prepared_data/tensors/20250926/H99/2510_B27_2100_125092316.npz
B27_2101_125092302,/home/ubuntu/sunlong/gcms_consistency_old/dataset/20250926/2101#HMDACS125092302.D,2101#HMDACS125092302.D,27,20250926,2101.0,HMD,牡丹（软）,A,125092302,ACS125092302,HMD,HMD,HMD,HMD,HMD,False,/home/ubuntu/sunlong/gcms_consistency_old/new_prepared_data/tensors/20250926/HMD/2511_B27_2101_125092302.npz
B27_2102_125092301,/home/ubuntu/sunlong/gcms_consistency_old/dataset/20250926/2102#HYZBCS125092301.D,2102#HYZBCS125092301.D,27,20250926,2102.0,HYZ,云烟（紫）,B,125092301,BCS125092301,HYZ,HYZ,HYZ,HYZ,HYZ,False,/home/ubuntu/sunlong/gcms_consistency_old/new_prepared_data/tensors/20250926/HYZ/2512_B27_2102_125092301.npz
B27_2103_125092303,/home/ubuntu/sunlong/gcms_consistency_old/dataset/20250926/2103#HYZBCS125092303.D,2103#HYZBCS125092303.D,27,20250926,2103.0,HYZ,云烟（紫）,B,125092303,BCS125092303,HYZ,HYZ,HYZ,HYZ,HYZ,False,/home/ubuntu/sunlong/gcms_consistency_old/new_prepared_data/tensors/20250926/HYZ/2513_B27_2103_125092303.npz
B27_2104_125092306,/home/ubuntu/sunlong/gcms_consistency_old/dataset/20250926/2104#HYZBCS125092306.D,2104#HYZBCS125092306.D,27,20250926,2104.0,HYZ,云烟（紫）,B,125092306,BCS125092306,HYZ,HYZ,HYZ,HYZ,HYZ,False,/home/ubuntu/sunlong/gcms_consistency_old/new_prepared_data/tensors/20250926/HYZ/2514_B27_2104_125092306.npz
B27_2105_125092309,/home/ubuntu/sunlong/gcms_consistency_old/dataset/20250926/2105#HYZBCS125092309.D,2105#HYZBCS125092309.D,27,20250926,2105.0,HYZ,云烟（紫）,B,125092309,BCS125092309,HYZ,HYZ,HYZ,HYZ,HYZ,False,/home/ubuntu/sunlong/gcms_consistency_old/new_prepared_data/tensors/20250926/HYZ/2515_B27_2105_125092309.npz
B27_2106_125092311,/home/ubuntu/sunlong/gcms_consistency_old/dataset/20250926/2106#HYZBCS125092311.D,2106#HYZBCS125092311.D,27,20250926,2106.0,HYZ,云烟（紫）,B,125092311,BCS125092311,HYZ,HYZ,HYZ,HYZ,HYZ,False,/home/ubuntu/sunlong/gcms_consistency_old/new_prepared_data/tensors/20250926/HYZ/2516_B27_2106_125092311.npz
B27_2107_125092315,/home/ubuntu/sunlong/gcms_consistency_old/dataset/20250926/2107#HYZBCS125092315.D,2107#HYZBCS125092315.D,27,20250926,2107.0,HYZ,云烟（紫）,B,125092315,BCS125092315,HYZ,HYZ,HYZ,HYZ,HYZ,False,/home/ubuntu/sunlong/gcms_consistency_old/new_prepared_data/tensors/20250926/HYZ/2517_B27_2107_125092315.npz
B27_2108_125092317,/home/ubuntu/sunlong/gcms_consistency_old/dataset/20250926/2108#HYZBCS125092317.D,2108#HYZBCS125092317.D,27,20250926,2108.0,HYZ,云烟（紫）,B,125092317,BCS125092317,HYZ,HYZ,HYZ,HYZ,HYZ,False,/home/ubuntu/sunlong/gcms_consistency_old/new_prepared_data/tensors/20250926/HYZ/2518_B27_2108_125092317.npz
B27_2109_125092304,/home/ubuntu/sunlong/gcms_consistency_old/dataset/20250926/2109#HYZCCS125092304.D,2109#HYZCCS125092304.D,27,20250926,2109.0,HYZ,云烟（紫）,C,125092304,CCS125092304,HYZ,HYZ,HYZ,HYZ,HYZ,False,/home/ubuntu/sunlong/gcms_consistency_old/new_prepared_data/tensors/20250926/HYZ/2519_B27_2109_125092304.npz
B27_2110_125092307,/home/ubuntu/sunlong/gcms_consistency_old/dataset/20250926/2110#HYZCCS125092307.D,2110#HYZCCS125092307.D,27,20250926,2110.0,HYZ,云烟（紫）,C,125092307,CCS125092307,HYZ,HYZ,HYZ,HYZ,HYZ,False,/home/ubuntu/sunlong/gcms_consistency_old/new_prepared_data/tensors/20250926/HYZ/2520_B27_2110_125092307.npz
B27_2111_125092310,/home/ubuntu/sunlong/gcms_consistency_old/dataset/20250926/2111#HYZCCS125092310.D,2111#HYZCCS125092310.D,27,20250926,2111.0,HYZ,云烟（紫）,C,125092310,CCS125092310,HYZ,HYZ,HYZ,HYZ,HYZ,False,/home/ubuntu/sunlong/gcms_consistency_old/new_prepared_data/tensors/20250926/HYZ/2521_B27_2111_125092310.npz
B27_2112_125092312,/home/ubuntu/sunlong/gcms_consistency_old/dataset/20250926/2112#HYZCCS125092312.D,2112#HYZCCS125092312.D,27,20250926,2112.0,HYZ,云烟（紫）,C,125092312,CCS125092312,HYZ,HYZ,HYZ,HYZ,HYZ,False,/home/ubuntu/sunlong/gcms_consistency_old/new_prepared_data/tensors/20250926/HYZ/2522_B27_2112_125092312.npz
B27_2113_125092313,/home/ubuntu/sunlong/gcms_consistency_old/dataset/20250926/2113#RJDACS125092313.D,2113#RJDACS125092313.D,27,20250926,2113.0,RJD,红塔山（软经典）,A,125092313,ACS125092313,RJD,RJD,RJD,RJD,RJD,False,/home/ubuntu/sunlong/gcms_consistency_old/new_prepared_data/tensors/20250926/RJD/2523_B27_2113_125092313.npz
B27_2114_4250292301,/home/ubuntu/sunlong/gcms_consistency_old/dataset/20250926/2114#XCJACS4250292301.D,2114#XCJACS4250292301.D,27,20250926,2114.0,XCJ,云烟（中支小重九）,A,4250292301,ACS4250292301,XCJ,XCJ,XCJ,XCJ,XCJ,False,/home/ubuntu/sunlong/gcms_consistency_old/new_prepared_data/tensors/20250926/XCJ/2524_B27_2114_4250292301.npz
B27_2115_125092305,/home/ubuntu/sunlong/gcms_consistency_old/dataset/20250926/2115#YJDACS125092305.D,2115#YJDACS125092305.D,27,20250926,2115.0,YJD,红塔山（硬经典）,A,125092305,ACS125092305,YJD,YJD,YJD,YJD,YJD,False,/home/ubuntu/sunlong/gcms_consistency_old/new_prepared_data/tensors/20250926/YJD/2525_B27_2115_125092305.npz
B27_2116_125092308,/home/ubuntu/sunlong/gcms_consistency_old/dataset/20250926/2116#YJDACS125092308.D,2116#YJDACS125092308.D,27,20250926,2116.0,YJD,红塔山（硬经典）,A,125092308,ACS125092308,YJD,YJD,YJD,YJD,YJD,False,/home/ubuntu/sunlong/gcms_consistency_old/new_prepared_data/tensors/20250926/YJD/2526_B27_2116_125092308.npz
B27_2117_125092417,/home/ubuntu/sunlong/gcms_consistency_old/dataset/20250926/2117#H88CCS125092417.D,2117#H88CCS125092417.D,27,20250926,2117.0,H88,红河（88）,C,125092417,CCS125092417,H88,H88,H88,H88,H88,False,/home/ubuntu/sunlong/gcms_consistency_old/new_prepared_data/tensors/20250926/H88/2527_B27_2117_125092417.npz
B27_2118_125092413,/home/ubuntu/sunlong/gcms_consistency_old/dataset/20250926/2118#HMDACS125092413.D,2118#HMDACS125092413.D,27,20250926,2118.0,HMD,牡丹（软）,A,125092413,ACS125092413,HMD,HMD,HMD,HMD,HMD,False,/home/ubuntu/sunlong/gcms_consistency_old/new_prepared_data/tensors/20250926/HMD/2528_B27_2118_125092413.npz
B27_2119_125092402,/home/ubuntu/sunlong/gcms_consistency_old/dataset/20250926/2119#HYZBCS125092402.D,2119#HYZBCS125092402.D,27,20250926,2119.0,HYZ,云烟（紫）,B,125092402,BCS125092402,HYZ,HYZ,HYZ,HYZ,HYZ,False,/home/ubuntu/sunlong/gcms_consistency_old/new_prepared_data/tensors/20250926/HYZ/2529_B27_2119_125092402.npz
B27_2120_125092404,/home/ubuntu/sunlong/gcms_consistency_old/dataset/20250926/2120#HYZBCS125092404.D,2120#HYZBCS125092404.D,27,20250926,2120.0,HYZ,云烟（紫）,B,125092404,BCS125092404,HYZ,HYZ,HYZ,HYZ,HYZ,False,/home/ubuntu/sunlong/gcms_consistency_old/new_prepared_data/tensors/20250926/HYZ/2530_B27_2120_125092404.npz
B27_2121_125092410,/home/ubuntu/sunlong/gcms_consistency_old/dataset/20250926/2121#HYZBCS125092410.D,2121#HYZBCS125092410.D,27,20250926,2121.0,HYZ,云烟（紫）,B,125092410,BCS125092410,HYZ,HYZ,HYZ,HYZ,HYZ,False,/home/ubuntu/sunlong/gcms_consistency_old/new_prepared_data/tensors/20250926/HYZ/2531_B27_2121_125092410.npz
B27_2122_125092414,/home/ubuntu/sunlong/gcms_consistency_old/dataset/20250926/2122#HYZBCS125092414.D,2122#HYZBCS125092414.D,27,20250926,2122.0,HYZ,云烟（紫）,B,125092414,BCS125092414,HYZ,HYZ,HYZ,HYZ,HYZ,False,/home/ubuntu/sunlong/gcms_consistency_old/new_prepared_data/tensors/20250926/HYZ/2532_B27_2122_125092414.npz
B27_2123_125092415,/home/ubuntu/sunlong/gcms_consistency_old/dataset/20250926/2123#HYZBCS125092415.D,2123#HYZBCS125092415.D,27,20250926,2123.0,HYZ,云烟（紫）,B,125092415,BCS125092415,HYZ,HYZ,HYZ,HYZ,HYZ,False,/home/ubuntu/sunlong/gcms_consistency_old/new_prepared_data/tensors/20250926/HYZ/2533_B27_2123_125092415.npz
B27_2124_125092418,/home/ubuntu/sunlong/gcms_consistency_old/dataset/20250926/2124#HYZBCS125092418.D,2124#HYZBCS125092418.D,27,20250926,2124.0,HYZ,云烟（紫）,B,125092418,BCS125092418,HYZ,HYZ,HYZ,HYZ,HYZ,False,/home/ubuntu/sunlong/gcms_consistency_old/new_prepared_data/tensors/20250926/HYZ/2534_B27_2124_125092418.npz
B27_2125_125092420,/home/ubuntu/sunlong/gcms_consistency_old/dataset/20250926/2125#HYZBCS125092420.D,2125#HYZBCS125092420.D,27,20250926,2125.0,HYZ,云烟（紫）,B,125092420,BCS125092420,HYZ,HYZ,HYZ,HYZ,HYZ,False,/home/ubuntu/sunlong/gcms_consistency_old/new_prepared_data/tensors/20250926/HYZ/2535_B27_2125_125092420.npz
B27_2126_125092405,/home/ubuntu/sunlong/gcms_consistency_old/dataset/20250926/2126#HYZCCS125092405.D,2126#HYZCCS125092405.D,27,20250926,2126.0,HYZ,云烟（紫）,C,125092405,CCS125092405,HYZ,HYZ,HYZ,HYZ,HYZ,False,/home/ubuntu/sunlong/gcms_consistency_old/new_prepared_data/tensors/20250926/HYZ/2536_B27_2126_125092405.npz
B27_2127_125092408,/home/ubuntu/sunlong/gcms_consistency_old/dataset/20250926/2127#HYZCCS125092408.D,2127#HYZCCS125092408.D,27,20250926,2127.0,HYZ,云烟（紫）,C,125092408,CCS125092408,HYZ,HYZ,HYZ,HYZ,HYZ,False,/home/ubuntu/sunlong/gcms_consistency_old/new_prepared_data/tensors/20250926/HYZ/2537_B27_2127_125092408.npz
B27_2128_125092411,/home/ubuntu/sunlong/gcms_consistency_old/dataset/20250926/2128#HYZCCS125092411.D,2128#HYZCCS125092411.D,27,20250926,2128.0,HYZ,云烟（紫）,C,125092411,CCS125092411,HYZ,HYZ,HYZ,HYZ,HYZ,False,/home/ubuntu/sunlong/gcms_consistency_old/new_prepared_data/tensors/20250926/HYZ/2538_B27_2128_125092411.npz
B27_2129_125092419,/home/ubuntu/sunlong/gcms_consistency_old/dataset/20250926/2129#HYZCCS125092419.D,2129#HYZCCS125092419.D,27,20250926,2129.0,HYZ,云烟（紫）,C,125092419,CCS125092419,HYZ,HYZ,HYZ,HYZ,HYZ,False,/home/ubuntu/sunlong/gcms_consistency_old/new_prepared_data/tensors/20250926/HYZ/2539_B27_2129_125092419.npz
B27_2130_125092401,/home/ubuntu/sunlong/gcms_consistency_old/dataset/20250926/2130#RJDACS125092401.D,2130#RJDACS125092401.D,27,20250926,2130.0,RJD,红塔山（软经典）,A,125092401,ACS125092401,RJD,RJD,RJD,RJD,RJD,False,/home/ubuntu/sunlong/gcms_consistency_old/new_prepared_data/tensors/20250926/RJD/2540_B27_2130_125092401.npz
B27_2131_125092403,/home/ubuntu/sunlong/gcms_consistency_old/dataset/20250926/2131#RJDACS125092403.D,2131#RJDACS125092403.D,27,20250926,2131.0,RJD,红塔山（软经典）,A,125092403,ACS125092403,RJD,RJD,RJD,RJD,RJD,False,/home/ubuntu/sunlong/gcms_consistency_old/new_prepared_data/tensors/20250926/RJD/2541_B27_2131_125092403.npz
B27_2132_125092406,/home/ubuntu/sunlong/gcms_consistency_old/dataset/20250926/2132#RJDACS125092406.D,2132#RJDACS125092406.D,27,20250926,2132.0,RJD,红塔山（软经典）,A,125092406,ACS125092406,RJD,RJD,RJD,RJD,RJD,False,/home/ubuntu/sunlong/gcms_consistency_old/new_prepared_data/tensors/20250926/RJD/2542_B27_2132_125092406.npz
B27_2133_125092416,/home/ubuntu/sunlong/gcms_consistency_old/dataset/20250926/2133#RJDACS125092416.D,2133#RJDACS125092416.D,27,20250926,2133.0,RJD,红塔山（软经典）,A,125092416,ACS125092416,RJD,RJD,RJD,RJD,RJD,False,/home/ubuntu/sunlong/gcms_consistency_old/new_prepared_data/tensors/20250926/RJD/2543_B27_2133_125092416.npz
B27_2134_425092401,/home/ubuntu/sunlong/gcms_consistency_old/dataset/20250926/2134#XCJACS425092401.D,2134#XCJACS425092401.D,27,20250926,2134.0,XCJ,云烟（中支小重九）,A,425092401,ACS425092401,XCJ,XCJ,XCJ,XCJ,XCJ,False,/home/ubuntu/sunlong/gcms_consistency_old/new_prepared_data/tensors/20250926/XCJ/2544_B27_2134_425092401.npz
B27_2135_125092409,/home/ubuntu/sunlong/gcms_consistency_old/dataset/20250926/2135#YJDACS125092409.D,2135#YJDACS125092409.D,27,20250926,2135.0,YJD,红塔山（硬经典）,A,125092409,ACS125092409,YJD,YJD,YJD,YJD,YJD,False,/home/ubuntu/sunlong/gcms_consistency_old/new_prepared_data/tensors/20250926/YJD/2545_B27_2135_125092409.npz
B27_2136_125092412,/home/ubuntu/sunlong/gcms_consistency_old/dataset/20250926/2136#YJDACS125092412.D,2136#YJDACS125092412.D,27,20250926,2136.0,YJD,红塔山（硬经典）,A,125092412,ACS125092412,YJD,YJD,YJD,YJD,YJD,False,/home/ubuntu/sunlong/gcms_consistency_old/new_prepared_data/tensors/20250926/YJD/2546_B27_2136_125092412.npz
B27_2137_125092501,/home/ubuntu/sunlong/gcms_consistency_old/dataset/20250926/2137#HYZBCS125092501.D,2137#HYZBCS125092501.D,27,20250926,2137.0,HYZ,云烟（紫）,B,125092501,BCS125092501,HYZ,HYZ,HYZ,HYZ,HYZ,False,/home/ubuntu/sunlong/gcms_consistency_old/new_prepared_data/tensors/20250926/HYZ/2547_B27_2137_125092501.npz
B27_2138_125092502,/home/ubuntu/sunlong/gcms_consistency_old/dataset/20250926/2138#HYZBCS125092502.D,2138#HYZBCS125092502.D,27,20250926,2138.0,HYZ,云烟（紫）,B,125092502,BCS125092502,HYZ,HYZ,HYZ,HYZ,HYZ,False,/home/ubuntu/sunlong/gcms_consistency_old/new_prepared_data/tensors/20250926/HYZ/2548_B27_2138_125092502.npz
B27_2139_125092504,/home/ubuntu/sunlong/gcms_consistency_old/dataset/20250926/2139#HYZBCS125092504.D,2139#HYZBCS125092504.D,27,20250926,2139.0,HYZ,云烟（紫）,B,125092504,BCS125092504,HYZ,HYZ,HYZ,HYZ,HYZ,False,/home/ubuntu/sunlong/gcms_consistency_old/new_prepared_data/tensors/20250926/HYZ/2549_B27_2139_125092504.npz
B27_2140_125092503,/home/ubuntu/sunlong/gcms_consistency_old/dataset/20250926/2140#HYZCCS125092503.D,2140#HYZCCS125092503.D,27,20250926,2140.0,HYZ,云烟（紫）,C,125092503,CCS125092503,HYZ,HYZ,HYZ,HYZ,HYZ,False,/home/ubuntu/sunlong/gcms_consistency_old/new_prepared_data/tensors/20250926/HYZ/2550_B27_2140_125092503.npz
B27_2141_125092505,/home/ubuntu/sunlong/gcms_consistency_old/dataset/20250926/2141#HYZCCS125092505.D,2141#HYZCCS125092505.D,27,20250926,2141.0,HYZ,云烟（紫）,C,125092505,CCS125092505,HYZ,HYZ,HYZ,HYZ,HYZ,False,/home/ubuntu/sunlong/gcms_consistency_old/new_prepared_data/tensors/20250926/HYZ/2551_B27_2141_125092505.npz
B27_0000_blank,/home/ubuntu/sunlong/gcms_consistency_old/dataset/20250926/blank.D,blank.D,27,20250926,,BLANK,空白样,,,blank,BLANK,BLANK,BLANK,BLANK,BLANK,True,/home/ubuntu/sunlong/gcms_consistency_old/new_prepared_data/tensors/20250926/BLANK/2552_B27_0000_blank.npz
B28_0001_125121112,/home/ubuntu/sunlong/gcms_consistency_old/dataset/20260302/001#H88ACS125121112.D,001#H88ACS125121112.D,28,20260302,1.0,H88,红河（88）,A,125121112,ACS125121112,H88,H88,H88,H88,H88,False,/home/ubuntu/sunlong/gcms_consistency_old/new_prepared_data/tensors/20260302/H88/2553_B28_0001_125121112.npz
B28_0002_125121216,/home/ubuntu/sunlong/gcms_consistency_old/dataset/20260302/002#H88ACS125121216.D,002#H88ACS125121216.D,28,20260302,2.0,H88,红河（88）,A,125121216,ACS125121216,H88,H88,H88,H88,H88,False,/home/ubuntu/sunlong/gcms_consistency_old/new_prepared_data/tensors/20260302/H88/2554_B28_0002_125121216.npz
B28_0003_125121001,/home/ubuntu/sunlong/gcms_consistency_old/dataset/20260302/003#H88ACS125121001.D,003#H88ACS125121001.D,28,20260302,3.0,H88,红河（88）,A,125121001,ACS125121001,H88,H88,H88,H88,H88,False,/home/ubuntu/sunlong/gcms_consistency_old/new_prepared_data/tensors/20260302/H88/2555_B28_0003_125121001.npz
B28_0004_125121206,/home/ubuntu/sunlong/gcms_consistency_old/dataset/20260302/004#H88ACS125121206.D,004#H88ACS125121206.D,28,20260302,4.0,H88,红河（88）,A,125121206,ACS125121206,H88,H88,H88,H88,H88,False,/home/ubuntu/sunlong/gcms_consistency_old/new_prepared_data/tensors/20260302/H88/2556_B28_0004_125121206.npz
B28_0005_125121109,/home/ubuntu/sunlong/gcms_consistency_old/dataset/20260302/005#H88ACS125121109.D,005#H88ACS125121109.D,28,20260302,5.0,H88,红河（88）,A,125121109,ACS125121109,H88,H88,H88,H88,H88,False,/home/ubuntu/sunlong/gcms_consistency_old/new_prepared_data/tensors/20260302/H88/2557_B28_0005_125121109.npz
B28_0006_125120405,/home/ubuntu/sunlong/gcms_consistency_old/dataset/20260302/006#H88CCS125120405.D,006#H88CCS125120405.D,28,20260302,6.0,H88,红河（88）,C,125120405,CCS125120405,H88,H88,H88,H88,H88,False,/home/ubuntu/sunlong/gcms_consistency_old/new_prepared_data/tensors/20260302/H88/2558_B28_0006_125120405.npz
B28_0007_125120407,/home/ubuntu/sunlong/gcms_consistency_old/dataset/20260302/007#H88CCS125120407.D,007#H88CCS125120407.D,28,20260302,7.0,H88,红河（88）,C,125120407,CCS125120407,H88,H88,H88,H88,H88,False,/home/ubuntu/sunlong/gcms_consistency_old/new_prepared_data/tensors/20260302/H88/2559_B28_0007_125120407.npz
B28_0008_125120216,/home/ubuntu/sunlong/gcms_consistency_old/dataset/20260302/008#H88CCS125120216.D,008#H88CCS125120216.D,28,20260302,8.0,H88,红河（88）,C,125120216,CCS125120216,H88,H88,H88,H88,H88,False,/home/ubuntu/sunlong/gcms_consistency_old/new_prepared_data/tensors/20260302/H88/2560_B28_0008_125120216.npz
B28_0009_125120413,/home/ubuntu/sunlong/gcms_consistency_old/dataset/20260302/009#H88ACS125120413.D,009#H88ACS125120413.D,28,20260302,9.0,H88,红河（88）,A,125120413,ACS125120413,H88,H88,H88,H88,H88,False,/home/ubuntu/sunlong/gcms_consistency_old/new_prepared_data/tensors/20260302/H88/2561_B28_0009_125120413.npz
B28_0010_125121213,/home/ubuntu/sunlong/gcms_consistency_old/dataset/20260302/010#H88ACS125121213.D,010#H88ACS125121213.D,28,20260302,10.0,H88,红河（88）,A,125121213,ACS125121213,H88,H88,H88,H88,H88,False,/home/ubuntu/sunlong/gcms_consistency_old/new_prepared_data/tensors/20260302/H88/2562_B28_0010_125121213.npz
B28_0011_125120206,/home/ubuntu/sunlong/gcms_consistency_old/dataset/20260302/011#H88ACS125120206.D,011#H88ACS125120206.D,28,20260302,11.0,H88,红河（88）,A,125120206,ACS125120206,H88,H88,H88,H88,H88,False,/home/ubuntu/sunlong/gcms_consistency_old/new_prepared_data/tensors/20260302/H88/2563_B28_0011_125120206.npz
B28_0012_125120814,/home/ubuntu/sunlong/gcms_consistency_old/dataset/20260302/012#H88CCS125120814.D,012#H88CCS125120814.D,28,20260302,12.0,H88,红河（88）,C,125120814,CCS125120814,H88,H88,H88,H88,H88,False,/home/ubuntu/sunlong/gcms_consistency_old/new_prepared_data/tensors/20260302/H88/2564_B28_0012_125120814.npz
B28_0013_125120912,/home/ubuntu/sunlong/gcms_consistency_old/dataset/20260302/013#H88ACS125120912.D,013#H88ACS125120912.D,28,20260302,13.0,H88,红河（88）,A,125120912,ACS125120912,H88,H88,H88,H88,H88,False,/home/ubuntu/sunlong/gcms_consistency_old/new_prepared_data/tensors/20260302/H88/2565_B28_0013_125120912.npz
B28_0014_125120501,/home/ubuntu/sunlong/gcms_consistency_old/dataset/20260302/014#H88ACS125120501.D,014#H88ACS125120501.D,28,20260302,14.0,H88,红河（88）,A,125120501,ACS125120501,H88,H88,H88,H88,H88,False,/home/ubuntu/sunlong/gcms_consistency_old/new_prepared_data/tensors/20260302/H88/2566_B28_0014_125120501.npz
B28_0015_125121004,/home/ubuntu/sunlong/gcms_consistency_old/dataset/20260302/015#H88ACS125121004.D,015#H88ACS125121004.D,28,20260302,15.0,H88,红河（88）,A,125121004,ACS125121004,H88,H88,H88,H88,H88,False,/home/ubuntu/sunlong/gcms_consistency_old/new_prepared_data/tensors/20260302/H88/2567_B28_0015_125121004.npz
B28_0016_125121106,/home/ubuntu/sunlong/gcms_consistency_old/dataset/20260302/016#H88ACS125121106.D,016#H88ACS125121106.D,28,20260302,16.0,H88,红河（88）,A,125121106,ACS125121106,H88,H88,H88,H88,H88,False,/home/ubuntu/sunlong/gcms_consistency_old/new_prepared_data/tensors/20260302/H88/2568_B28_0016_125121106.npz
B28_0017_125120202,/home/ubuntu/sunlong/gcms_consistency_old/dataset/20260302/017#H88ACS125120202.D,017#H88ACS125120202.D,28,20260302,17.0,H88,红河（88）,A,125120202,ACS125120202,H88,H88,H88,H88,H88,False,/home/ubuntu/sunlong/gcms_consistency_old/new_prepared_data/tensors/20260302/H88/2569_B28_0017_125120202.npz
B28_0018_125120803,/home/ubuntu/sunlong/gcms_consistency_old/dataset/20260302/018#H88CCS125120803.D,018#H88CCS125120803.D,28,20260302,18.0,H88,红河（88）,C,125120803,CCS125120803,H88,H88,H88,H88,H88,False,/home/ubuntu/sunlong/gcms_consistency_old/new_prepared_data/tensors/20260302/H88/2570_B28_0018_125120803.npz
B28_0019_125120813,/home/ubuntu/sunlong/gcms_consistency_old/dataset/20260302/019#H88ACS125120813.D,019#H88ACS125120813.D,28,20260302,19.0,H88,红河（88）,A,125120813,ACS125120813,H88,H88,H88,H88,H88,False,/home/ubuntu/sunlong/gcms_consistency_old/new_prepared_data/tensors/20260302/H88/2571_B28_0019_125120813.npz
B28_0020_125120801,/home/ubuntu/sunlong/gcms_consistency_old/dataset/20260302/020#H88ACS125120801.D,020#H88ACS125120801.D,28,20260302,20.0,H88,红河（88）,A,125120801,ACS125120801,H88,H88,H88,H88,H88,False,/home/ubuntu/sunlong/gcms_consistency_old/new_prepared_data/tensors/20260302/H88/2572_B28_0020_125120801.npz
B28_0021_125120204,/home/ubuntu/sunlong/gcms_consistency_old/dataset/20260302/021#H88CCS125120204.D,021#H88CCS125120204.D,28,20260302,21.0,H88,红河（88）,C,125120204,CCS125120204,H88,H88,H88,H88,H88,False,/home/ubuntu/sunlong/gcms_consistency_old/new_prepared_data/tensors/20260302/H88/2573_B28_0021_125120204.npz
B28_0022_125120804,/home/ubuntu/sunlong/gcms_consistency_old/dataset/20260302/022#H88ACS125120804.D,022#H88ACS125120804.D,28,20260302,22.0,H88,红河（88）,A,125120804,ACS125120804,H88,H88,H88,H88,H88,False,/home/ubuntu/sunlong/gcms_consistency_old/new_prepared_data/tensors/20260302/H88/2574_B28_0022_125120804.npz
B28_0023_125120508,/home/ubuntu/sunlong/gcms_consistency_old/dataset/20260302/023#H88ACS125120508.D,023#H88ACS125120508.D,28,20260302,23.0,H88,红河（88）,A,125120508,ACS125120508,H88,H88,H88,H88,H88,False,/home/ubuntu/sunlong/gcms_consistency_old/new_prepared_data/tensors/20260302/H88/2575_B28_0023_125120508.npz
B28_0024_125120508,/home/ubuntu/sunlong/gcms_consistency_old/dataset/20260302/024#H88ACS125120508.D,024#H88ACS125120508.D,28,20260302,24.0,H88,红河（88）,A,125120508,ACS125120508,H88,H88,H88,H88,H88,False,/home/ubuntu/sunlong/gcms_consistency_old/new_prepared_data/tensors/20260302/H88/2576_B28_0024_125120508.npz
B28_0025_125120808,/home/ubuntu/sunlong/gcms_consistency_old/dataset/20260302/025#H88ACS125120808.D,025#H88ACS125120808.D,28,20260302,25.0,H88,红河（88）,A,125120808,ACS125120808,H88,H88,H88,H88,H88,False,/home/ubuntu/sunlong/gcms_consistency_old/new_prepared_data/tensors/20260302/H88/2577_B28_0025_125120808.npz
B28_0026_425120801,/home/ubuntu/sunlong/gcms_consistency_old/dataset/20260302/026#H88ACS425120801.D,026#H88ACS425120801.D,28,20260302,26.0,H88,红河（88）,A,425120801,ACS425120801,H88,H88,H88,H88,H88,False,/home/ubuntu/sunlong/gcms_consistency_old/new_prepared_data/tensors/20260302/H88/2578_B28_0026_425120801.npz
B28_0027_125120514,/home/ubuntu/sunlong/gcms_consistency_old/dataset/20260302/027#H88ACS125120514.D,027#H88ACS125120514.D,28,20260302,27.0,H88,红河（88）,A,125120514,ACS125120514,H88,H88,H88,H88,H88,False,/home/ubuntu/sunlong/gcms_consistency_old/new_prepared_data/tensors/20260302/H88/2579_B28_0027_125120514.npz
B28_0028_125120503,/home/ubuntu/sunlong/gcms_consistency_old/dataset/20260302/028#H88ACS125120503.D,028#H88ACS125120503.D,28,20260302,28.0,H88,红河（88）,A,125120503,ACS125120503,H88,H88,H88,H88,H88,False,/home/ubuntu/sunlong/gcms_consistency_old/new_prepared_data/tensors/20260302/H88/2580_B28_0028_125120503.npz
B28_0029_425120502,/home/ubuntu/sunlong/gcms_consistency_old/dataset/20260302/029#H88ACS425120502.D,029#H88ACS425120502.D,28,20260302,29.0,H88,红河（88）,A,425120502,ACS425120502,H88,H88,H88,H88,H88,False,/home/ubuntu/sunlong/gcms_consistency_old/new_prepared_data/tensors/20260302/H88/2581_B28_0029_425120502.npz
B28_0030_125120811,/home/ubuntu/sunlong/gcms_consistency_old/dataset/20260302/030#H88ACS125120811.D,030#H88ACS125120811.D,28,20260302,30.0,H88,红河（88）,A,125120811,ACS125120811,H88,H88,H88,H88,H88,False,/home/ubuntu/sunlong/gcms_consistency_old/new_prepared_data/tensors/20260302/H88/2582_B28_0030_125120811.npz
B28_0031_425120804,/home/ubuntu/sunlong/gcms_consistency_old/dataset/20260302/031#H88ACS425120804.D,031#H88ACS425120804.D,28,20260302,31.0,H88,红河（88）,A,425120804,ACS425120804,H88,H88,H88,H88,H88,False,/home/ubuntu/sunlong/gcms_consistency_old/new_prepared_data/tensors/20260302/H88/2583_B28_0031_425120804.npz
B28_0032_125110403,/home/ubuntu/sunlong/gcms_consistency_old/dataset/20260302/032#H88ACS125110403.D,032#H88ACS125110403.D,28,20260302,32.0,H88,红河（88）,A,125110403,ACS125110403,H88,H88,H88,H88,H88,False,/home/ubuntu/sunlong/gcms_consistency_old/new_prepared_data/tensors/20260302/H88/2584_B28_0032_125110403.npz
B28_0033_125110406,/home/ubuntu/sunlong/gcms_consistency_old/dataset/20260302/033#H88ACS125110406.D,033#H88ACS125110406.D,28,20260302,33.0,H88,红河（88）,A,125110406,ACS125110406,H88,H88,H88,H88,H88,False,/home/ubuntu/sunlong/gcms_consistency_old/new_prepared_data/tensors/20260302/H88/2585_B28_0033_125110406.npz
B28_0034_125110511,/home/ubuntu/sunlong/gcms_consistency_old/dataset/20260302/034#H88ACS125110511.D,034#H88ACS125110511.D,28,20260302,34.0,H88,红河（88）,A,125110511,ACS125110511,H88,H88,H88,H88,H88,False,/home/ubuntu/sunlong/gcms_consistency_old/new_prepared_data/tensors/20260302/H88/2586_B28_0034_125110511.npz
B28_0035_125110514,/home/ubuntu/sunlong/gcms_consistency_old/dataset/20260302/035#H88ACS125110514.D,035#H88ACS125110514.D,28,20260302,35.0,H88,红河（88）,A,125110514,ACS125110514,H88,H88,H88,H88,H88,False,/home/ubuntu/sunlong/gcms_consistency_old/new_prepared_data/tensors/20260302/H88/2587_B28_0035_125110514.npz
B28_0036_125110506,/home/ubuntu/sunlong/gcms_consistency_old/dataset/20260302/036#H88ACS125110506.D,036#H88ACS125110506.D,28,20260302,36.0,H88,红河（88）,A,125110506,ACS125110506,H88,H88,H88,H88,H88,False,/home/ubuntu/sunlong/gcms_consistency_old/new_prepared_data/tensors/20260302/H88/2588_B28_0036_125110506.npz
B28_0037_125112111,/home/ubuntu/sunlong/gcms_consistency_old/dataset/20260302/037#H88CCS125112111.D,037#H88CCS125112111.D,28,20260302,37.0,H88,红河（88）,C,125112111,CCS125112111,H88,H88,H88,H88,H88,False,/home/ubuntu/sunlong/gcms_consistency_old/new_prepared_data/tensors/20260302/H88/2589_B28_0037_125112111.npz
B28_0038_125112101,/home/ubuntu/sunlong/gcms_consistency_old/dataset/20260302/038#H88ACS125112101.D,038#H88ACS125112101.D,28,20260302,38.0,H88,红河（88）,A,125112101,ACS125112101,H88,H88,H88,H88,H88,False,/home/ubuntu/sunlong/gcms_consistency_old/new_prepared_data/tensors/20260302/H88/2590_B28_0038_125112101.npz
B28_0039_125112104,/home/ubuntu/sunlong/gcms_consistency_old/dataset/20260302/039#H88ACS125112104.D,039#H88ACS125112104.D,28,20260302,39.0,H88,红河（88）,A,125112104,ACS125112104,H88,H88,H88,H88,H88,False,/home/ubuntu/sunlong/gcms_consistency_old/new_prepared_data/tensors/20260302/H88/2591_B28_0039_125112104.npz
B28_0040_125110409,/home/ubuntu/sunlong/gcms_consistency_old/dataset/20260302/040#H88ACS125110409.D,040#H88ACS125110409.D,28,20260302,40.0,H88,红河（88）,A,125110409,ACS125110409,H88,H88,H88,H88,H88,False,/home/ubuntu/sunlong/gcms_consistency_old/new_prepared_data/tensors/20260302/H88/2592_B28_0040_125110409.npz
B28_0041_125110412,/home/ubuntu/sunlong/gcms_consistency_old/dataset/20260302/041#H88ACS125110412.D,041#H88ACS125110412.D,28,20260302,41.0,H88,红河（88）,A,125110412,ACS125110412,H88,H88,H88,H88,H88,False,/home/ubuntu/sunlong/gcms_consistency_old/new_prepared_data/tensors/20260302/H88/2593_B28_0041_125110412.npz
B28_0042_125112113,/home/ubuntu/sunlong/gcms_consistency_old/dataset/20260302/042#H88ACS125112113.D,042#H88ACS125112113.D,28,20260302,42.0,H88,红河（88）,A,125112113,ACS125112113,H88,H88,H88,H88,H88,False,/home/ubuntu/sunlong/gcms_consistency_old/new_prepared_data/tensors/20260302/H88/2594_B28_0042_125112113.npz
B28_0043_125112106,/home/ubuntu/sunlong/gcms_consistency_old/dataset/20260302/043#H88CCS125112106.D,043#H88CCS125112106.D,28,20260302,43.0,H88,红河（88）,C,125112106,CCS125112106,H88,H88,H88,H88,H88,False,/home/ubuntu/sunlong/gcms_consistency_old/new_prepared_data/tensors/20260302/H88/2595_B28_0043_125112106.npz
B28_0044_125112108,/home/ubuntu/sunlong/gcms_consistency_old/dataset/20260302/044#H88CCS125112108.D,044#H88CCS125112108.D,28,20260302,44.0,H88,红河（88）,C,125112108,CCS125112108,H88,H88,H88,H88,H88,False,/home/ubuntu/sunlong/gcms_consistency_old/new_prepared_data/tensors/20260302/H88/2596_B28_0044_125112108.npz
B28_0045_125112714,/home/ubuntu/sunlong/gcms_consistency_old/dataset/20260302/045#H88ACS125112714.D,045#H88ACS125112714.D,28,20260302,45.0,H88,红河（88）,A,125112714,ACS125112714,H88,H88,H88,H88,H88,False,/home/ubuntu/sunlong/gcms_consistency_old/new_prepared_data/tensors/20260302/H88/2597_B28_0045_125112714.npz
B28_0046_125112714,/home/ubuntu/sunlong/gcms_consistency_old/dataset/20260302/046#H88ACS125112714.D,046#H88ACS125112714.D,28,20260302,46.0,H88,红河（88）,A,125112714,ACS125112714,H88,H88,H88,H88,H88,False,/home/ubuntu/sunlong/gcms_consistency_old/new_prepared_data/tensors/20260302/H88/2598_B28_0046_125112714.npz
B28_0047_125112325,/home/ubuntu/sunlong/gcms_consistency_old/dataset/20260302/047#H88CCS125112325.D,047#H88CCS125112325.D,28,20260302,47.0,H88,红河（88）,C,125112325,CCS125112325,H88,H88,H88,H88,H88,False,/home/ubuntu/sunlong/gcms_consistency_old/new_prepared_data/tensors/20260302/H88/2599_B28_0047_125112325.npz
B28_0048_125120304,/home/ubuntu/sunlong/gcms_consistency_old/dataset/20260302/048#H88CCS125120304.D,048#H88CCS125120304.D,28,20260302,48.0,H88,红河（88）,C,125120304,CCS125120304,H88,H88,H88,H88,H88,False,/home/ubuntu/sunlong/gcms_consistency_old/new_prepared_data/tensors/20260302/H88/2600_B28_0048_125120304.npz
B28_0049_125120306,/home/ubuntu/sunlong/gcms_consistency_old/dataset/20260302/049#H88CCS125120306.D,049#H88CCS125120306.D,28,20260302,49.0,H88,红河（88）,C,125120306,CCS125120306,H88,H88,H88,H88,H88,False,/home/ubuntu/sunlong/gcms_consistency_old/new_prepared_data/tensors/20260302/H88/2601_B28_0049_125120306.npz
B28_0050_125111901,/home/ubuntu/sunlong/gcms_consistency_old/dataset/20260302/050#H88ACS125111901.D,050#H88ACS125111901.D,28,20260302,50.0,H88,红河（88）,A,125111901,ACS125111901,H88,H88,H88,H88,H88,False,/home/ubuntu/sunlong/gcms_consistency_old/new_prepared_data/tensors/20260302/H88/2602_B28_0050_125111901.npz
B28_0051_125111913,/home/ubuntu/sunlong/gcms_consistency_old/dataset/20260302/051#H88ACS125111913.D,051#H88ACS125111913.D,28,20260302,51.0,H88,红河（88）,A,125111913,ACS125111913,H88,H88,H88,H88,H88,False,/home/ubuntu/sunlong/gcms_consistency_old/new_prepared_data/tensors/20260302/H88/2603_B28_0051_125111913.npz
B28_0052_125111916,/home/ubuntu/sunlong/gcms_consistency_old/dataset/20260302/052#H88ACS125111916.D,052#H88ACS125111916.D,28,20260302,52.0,H88,红河（88）,A,125111916,ACS125111916,H88,H88,H88,H88,H88,False,/home/ubuntu/sunlong/gcms_consistency_old/new_prepared_data/tensors/20260302/H88/2604_B28_0052_125111916.npz
B28_0053_125111918,/home/ubuntu/sunlong/gcms_consistency_old/dataset/20260302/053#H88CCS125111918.D,053#H88CCS125111918.D,28,20260302,53.0,H88,红河（88）,C,125111918,CCS125111918,H88,H88,H88,H88,H88,False,/home/ubuntu/sunlong/gcms_consistency_old/new_prepared_data/tensors/20260302/H88/2605_B28_0053_125111918.npz
B28_0054_125111911,/home/ubuntu/sunlong/gcms_consistency_old/dataset/20260302/054#H88CCS125111911.D,054#H88CCS125111911.D,28,20260302,54.0,H88,红河（88）,C,125111911,CCS125111911,H88,H88,H88,H88,H88,False,/home/ubuntu/sunlong/gcms_consistency_old/new_prepared_data/tensors/20260302/H88/2606_B28_0054_125111911.npz
B28_0055_125111321,/home/ubuntu/sunlong/gcms_consistency_old/dataset/20260302/055#H88ACS125111321.D,055#H88ACS125111321.D,28,20260302,55.0,H88,红河（88）,A,125111321,ACS125111321,H88,H88,H88,H88,H88,False,/home/ubuntu/sunlong/gcms_consistency_old/new_prepared_data/tensors/20260302/H88/2607_B28_0055_125111321.npz
B28_0056_125111315,/home/ubuntu/sunlong/gcms_consistency_old/dataset/20260302/056#H88CCS125111315.D,056#H88CCS125111315.D,28,20260302,56.0,H88,红河（88）,C,125111315,CCS125111315,H88,H88,H88,H88,H88,False,/home/ubuntu/sunlong/gcms_consistency_old/new_prepared_data/tensors/20260302/H88/2608_B28_0056_125111315.npz
B28_0057_125111304,/home/ubuntu/sunlong/gcms_consistency_old/dataset/20260302/057#H88ACS125111304.D,057#H88ACS125111304.D,28,20260302,57.0,H88,红河（88）,A,125111304,ACS125111304,H88,H88,H88,H88,H88,False,/home/ubuntu/sunlong/gcms_consistency_old/new_prepared_data/tensors/20260302/H88/2609_B28_0057_125111304.npz
B28_0058_125111106,/home/ubuntu/sunlong/gcms_consistency_old/dataset/20260302/058#H88CCS125111106.D,058#H88CCS125111106.D,28,20260302,58.0,H88,红河（88）,C,125111106,CCS125111106,H88,H88,H88,H88,H88,False,/home/ubuntu/sunlong/gcms_consistency_old/new_prepared_data/tensors/20260302/H88/2610_B28_0058_125111106.npz
B28_0059_125111107,/home/ubuntu/sunlong/gcms_consistency_old/dataset/20260302/059#H88ACS125111107.D,059#H88ACS125111107.D,28,20260302,59.0,H88,红河（88）,A,125111107,ACS125111107,H88,H88,H88,H88,H88,False,/home/ubuntu/sunlong/gcms_consistency_old/new_prepared_data/tensors/20260302/H88/2611_B28_0059_125111107.npz
B28_0060_125111101,/home/ubuntu/sunlong/gcms_consistency_old/dataset/20260302/060#H88ACS125111101.D,060#H88ACS125111101.D,28,20260302,60.0,H88,红河（88）,A,125111101,ACS125111101,H88,H88,H88,H88,H88,False,/home/ubuntu/sunlong/gcms_consistency_old/new_prepared_data/tensors/20260302/H88/2612_B28_0060_125111101.npz
B28_0061_125111108,/home/ubuntu/sunlong/gcms_consistency_old/dataset/20260302/061#H88CCS125111108.D,061#H88CCS125111108.D,28,20260302,61.0,H88,红河（88）,C,125111108,CCS125111108,H88,H88,H88,H88,H88,False,/home/ubuntu/sunlong/gcms_consistency_old/new_prepared_data/tensors/20260302/H88/2613_B28_0061_125111108.npz
B28_0062_125111104,/home/ubuntu/sunlong/gcms_consistency_old/dataset/20260302/062#H88ACS125111104.D,062#H88ACS125111104.D,28,20260302,62.0,H88,红河（88）,A,125111104,ACS125111104,H88,H88,H88,H88,H88,False,/home/ubuntu/sunlong/gcms_consistency_old/new_prepared_data/tensors/20260302/H88/2614_B28_0062_125111104.npz
B28_0063_125111301,/home/ubuntu/sunlong/gcms_consistency_old/dataset/20260302/063#H88ACS125111301.D,063#H88ACS125111301.D,28,20260302,63.0,H88,红河（88）,A,125111301,ACS125111301,H88,H88,H88,H88,H88,False,/home/ubuntu/sunlong/gcms_consistency_old/new_prepared_data/tensors/20260302/H88/2615_B28_0063_125111301.npz
B28_0064_126011901,/home/ubuntu/sunlong/gcms_consistency_old/dataset/20260302/064#H88ACS126011901.D,064#H88ACS126011901.D,28,20260302,64.0,H88,红河（88）,A,126011901,ACS126011901,H88,H88,H88,H88,H88,False,/home/ubuntu/sunlong/gcms_consistency_old/new_prepared_data/tensors/20260302/H88/2616_B28_0064_126011901.npz
B28_0065_126011704,/home/ubuntu/sunlong/gcms_consistency_old/dataset/20260302/065#H88ACS126011704.D,065#H88ACS126011704.D,28,20260302,65.0,H88,红河（88）,A,126011704,ACS126011704,H88,H88,H88,H88,H88,False,/home/ubuntu/sunlong/gcms_consistency_old/new_prepared_data/tensors/20260302/H88/2617_B28_0065_126011704.npz
B28_0066_126011904,/home/ubuntu/sunlong/gcms_consistency_old/dataset/20260302/066#H88ACS126011904.D,066#H88ACS126011904.D,28,20260302,66.0,H88,红河（88）,A,126011904,ACS126011904,H88,H88,H88,H88,H88,False,/home/ubuntu/sunlong/gcms_consistency_old/new_prepared_data/tensors/20260302/H88/2618_B28_0066_126011904.npz
B28_0067_126011718,/home/ubuntu/sunlong/gcms_consistency_old/dataset/20260302/067#H88ACS126011718.D,067#H88ACS126011718.D,28,20260302,67.0,H88,红河（88）,A,126011718,ACS126011718,H88,H88,H88,H88,H88,False,/home/ubuntu/sunlong/gcms_consistency_old/new_prepared_data/tensors/20260302/H88/2619_B28_0067_126011718.npz
B28_0068_126011701,/home/ubuntu/sunlong/gcms_consistency_old/dataset/20260302/068#H88ACS126011701.D,068#H88ACS126011701.D,28,20260302,68.0,H88,红河（88）,A,126011701,ACS126011701,H88,H88,H88,H88,H88,False,/home/ubuntu/sunlong/gcms_consistency_old/new_prepared_data/tensors/20260302/H88/2620_B28_0068_126011701.npz
B28_0069_126011003,/home/ubuntu/sunlong/gcms_consistency_old/dataset/20260302/069#H88ACS126011003.D,069#H88ACS126011003.D,28,20260302,69.0,H88,红河（88）,A,126011003,ACS126011003,H88,H88,H88,H88,H88,False,/home/ubuntu/sunlong/gcms_consistency_old/new_prepared_data/tensors/20260302/H88/2621_B28_0069_126011003.npz
B28_0070_126011720,/home/ubuntu/sunlong/gcms_consistency_old/dataset/20260302/070#H88ACS126011720.D,070#H88ACS126011720.D,28,20260302,70.0,H88,红河（88）,A,126011720,ACS126011720,H88,H88,H88,H88,H88,False,/home/ubuntu/sunlong/gcms_consistency_old/new_prepared_data/tensors/20260302/H88/2622_B28_0070_126011720.npz
B28_0071_126011907,/home/ubuntu/sunlong/gcms_consistency_old/dataset/20260302/071#H88ACS126011907.D,071#H88ACS126011907.D,28,20260302,71.0,H88,红河（88）,A,126011907,ACS126011907,H88,H88,H88,H88,H88,False,/home/ubuntu/sunlong/gcms_consistency_old/new_prepared_data/tensors/20260302/H88/2623_B28_0071_126011907.npz
B28_0072_126011301,/home/ubuntu/sunlong/gcms_consistency_old/dataset/20260302/072#H88ACS126011301.D,072#H88ACS126011301.D,28,20260302,72.0,H88,红河（88）,A,126011301,ACS126011301,H88,H88,H88,H88,H88,False,/home/ubuntu/sunlong/gcms_consistency_old/new_prepared_data/tensors/20260302/H88/2624_B28_0072_126011301.npz
B28_0073_126011910,/home/ubuntu/sunlong/gcms_consistency_old/dataset/20260302/073#H88ACS126011910.D,073#H88ACS126011910.D,28,20260302,73.0,H88,红河（88）,A,126011910,ACS126011910,H88,H88,H88,H88,H88,False,/home/ubuntu/sunlong/gcms_consistency_old/new_prepared_data/tensors/20260302/H88/2625_B28_0073_126011910.npz
B28_0074_126011215,/home/ubuntu/sunlong/gcms_consistency_old/dataset/20260302/074#H88ACS126011215.D,074#H88ACS126011215.D,28,20260302,74.0,H88,红河（88）,A,126011215,ACS126011215,H88,H88,H88,H88,H88,False,/home/ubuntu/sunlong/gcms_consistency_old/new_prepared_data/tensors/20260302/H88/2626_B28_0074_126011215.npz
B28_0075_126011504,/home/ubuntu/sunlong/gcms_consistency_old/dataset/20260302/075#H88ACS126011504.D,075#H88ACS126011504.D,28,20260302,75.0,H88,红河（88）,A,126011504,ACS126011504,H88,H88,H88,H88,H88,False,/home/ubuntu/sunlong/gcms_consistency_old/new_prepared_data/tensors/20260302/H88/2627_B28_0075_126011504.npz
B28_0076_126011617,/home/ubuntu/sunlong/gcms_consistency_old/dataset/20260302/076#H88ACS126011617.D,076#H88ACS126011617.D,28,20260302,76.0,H88,红河（88）,A,126011617,ACS126011617,H88,H88,H88,H88,H88,False,/home/ubuntu/sunlong/gcms_consistency_old/new_prepared_data/tensors/20260302/H88/2628_B28_0076_126011617.npz
B28_0077_126011426,/home/ubuntu/sunlong/gcms_consistency_old/dataset/20260302/077#H88ACS126011426.D,077#H88ACS126011426.D,28,20260302,77.0,H88,红河（88）,A,126011426,ACS126011426,H88,H88,H88,H88,H88,False,/home/ubuntu/sunlong/gcms_consistency_old/new_prepared_data/tensors/20260302/H88/2629_B28_0077_126011426.npz
B28_0078_126011507,/home/ubuntu/sunlong/gcms_consistency_old/dataset/20260302/078#H88ACS126011507.D,078#H88ACS126011507.D,28,20260302,78.0,H88,红河（88）,A,126011507,ACS126011507,H88,H88,H88,H88,H88,False,/home/ubuntu/sunlong/gcms_consistency_old/new_prepared_data/tensors/20260302/H88/2630_B28_0078_126011507.npz
B28_0079_126011421,/home/ubuntu/sunlong/gcms_consistency_old/dataset/20260302/079#H88ACS126011421.D,079#H88ACS126011421.D,28,20260302,79.0,H88,红河（88）,A,126011421,ACS126011421,H88,H88,H88,H88,H88,False,/home/ubuntu/sunlong/gcms_consistency_old/new_prepared_data/tensors/20260302/H88/2631_B28_0079_126011421.npz
B28_0080_126011419,/home/ubuntu/sunlong/gcms_consistency_old/dataset/20260302/080#H88ACS126011419.D,080#H88ACS126011419.D,28,20260302,80.0,H88,红河（88）,A,126011419,ACS126011419,H88,H88,H88,H88,H88,False,/home/ubuntu/sunlong/gcms_consistency_old/new_prepared_data/tensors/20260302/H88/2632_B28_0080_126011419.npz
B28_0081_126011113,/home/ubuntu/sunlong/gcms_consistency_old/dataset/20260302/081#H88ACS126011113.D,081#H88ACS126011113.D,28,20260302,81.0,H88,红河（88）,A,126011113,ACS126011113,H88,H88,H88,H88,H88,False,/home/ubuntu/sunlong/gcms_consistency_old/new_prepared_data/tensors/20260302/H88/2633_B28_0081_126011113.npz
B28_0082_126010819,/home/ubuntu/sunlong/gcms_consistency_old/dataset/20260302/082#H88ACS126010819.D,082#H88ACS126010819.D,28,20260302,82.0,H88,红河（88）,A,126010819,ACS126010819,H88,H88,H88,H88,H88,False,/home/ubuntu/sunlong/gcms_consistency_old/new_prepared_data/tensors/20260302/H88/2634_B28_0082_126010819.npz
B28_0083_126010818,/home/ubuntu/sunlong/gcms_consistency_old/dataset/20260302/083#H88ACS126010818.D,083#H88ACS126010818.D,28,20260302,83.0,H88,红河（88）,A,126010818,ACS126010818,H88,H88,H88,H88,H88,False,/home/ubuntu/sunlong/gcms_consistency_old/new_prepared_data/tensors/20260302/H88/2635_B28_0083_126010818.npz
B28_0084_126011001,/home/ubuntu/sunlong/gcms_consistency_old/dataset/20260302/084#H88ACS126011001.D,084#H88ACS126011001.D,28,20260302,84.0,H88,红河（88）,A,126011001,ACS126011001,H88,H88,H88,H88,H88,False,/home/ubuntu/sunlong/gcms_consistency_old/new_prepared_data/tensors/20260302/H88/2636_B28_0084_126011001.npz
B28_0085_126010904,/home/ubuntu/sunlong/gcms_consistency_old/dataset/20260302/085#H88ACS126010904.D,085#H88ACS126010904.D,28,20260302,85.0,H88,红河（88）,A,126010904,ACS126010904,H88,H88,H88,H88,H88,False,/home/ubuntu/sunlong/gcms_consistency_old/new_prepared_data/tensors/20260302/H88/2637_B28_0085_126010904.npz
B28_0086_426011205,/home/ubuntu/sunlong/gcms_consistency_old/dataset/20260302/086#H88ACS426011205.D,086#H88ACS426011205.D,28,20260302,86.0,H88,红河（88）,A,426011205,ACS426011205,H88,H88,H88,H88,H88,False,/home/ubuntu/sunlong/gcms_consistency_old/new_prepared_data/tensors/20260302/H88/2638_B28_0086_426011205.npz
B28_0087_126010901,/home/ubuntu/sunlong/gcms_consistency_old/dataset/20260302/087#H88ACS126010901.D,087#H88ACS126010901.D,28,20260302,87.0,H88,红河（88）,A,126010901,ACS126010901,H88,H88,H88,H88,H88,False,/home/ubuntu/sunlong/gcms_consistency_old/new_prepared_data/tensors/20260302/H88/2639_B28_0087_126010901.npz
B28_0088_126010623,/home/ubuntu/sunlong/gcms_consistency_old/dataset/20260302/088#H88ACS126010623.D,088#H88ACS126010623.D,28,20260302,88.0,H88,红河（88）,A,126010623,ACS126010623,H88,H88,H88,H88,H88,False,/home/ubuntu/sunlong/gcms_consistency_old/new_prepared_data/tensors/20260302/H88/2640_B28_0088_126010623.npz
B28_0089_126010703,/home/ubuntu/sunlong/gcms_consistency_old/dataset/20260302/089#H88ACS126010703.D,089#H88ACS126010703.D,28,20260302,89.0,H88,红河（88）,A,126010703,ACS126010703,H88,H88,H88,H88,H88,False,/home/ubuntu/sunlong/gcms_consistency_old/new_prepared_data/tensors/20260302/H88/2641_B28_0089_126010703.npz
B28_0090_126010619,/home/ubuntu/sunlong/gcms_consistency_old/dataset/20260302/090#H88ACS126010619.D,090#H88ACS126010619.D,28,20260302,90.0,H88,红河（88）,A,126010619,ACS126010619,H88,H88,H88,H88,H88,False,/home/ubuntu/sunlong/gcms_consistency_old/new_prepared_data/tensors/20260302/H88/2642_B28_0090_126010619.npz
B28_0091_126010706,/home/ubuntu/sunlong/gcms_consistency_old/dataset/20260302/091#H88ACS126010706.D,091#H88ACS126010706.D,28,20260302,91.0,H88,红河（88）,A,126010706,ACS126010706,H88,H88,H88,H88,H88,False,/home/ubuntu/sunlong/gcms_consistency_old/new_prepared_data/tensors/20260302/H88/2643_B28_0091_126010706.npz
B28_0092_126010719,/home/ubuntu/sunlong/gcms_consistency_old/dataset/20260302/092#H88ACS126010719.D,092#H88ACS126010719.D,28,20260302,92.0,H88,红河（88）,A,126010719,ACS126010719,H88,H88,H88,H88,H88,False,/home/ubuntu/sunlong/gcms_consistency_old/new_prepared_data/tensors/20260302/H88/2644_B28_0092_126010719.npz
B28_0093_126010720,/home/ubuntu/sunlong/gcms_consistency_old/dataset/20260302/093#H88ACS126010720.D,093#H88ACS126010720.D,28,20260302,93.0,H88,红河（88）,A,126010720,ACS126010720,H88,H88,H88,H88,H88,False,/home/ubuntu/sunlong/gcms_consistency_old/new_prepared_data/tensors/20260302/H88/2645_B28_0093_126010720.npz
B28_0094_126010507,/home/ubuntu/sunlong/gcms_consistency_old/dataset/20260302/094#H88ACS126010507.D,094#H88ACS126010507.D,28,20260302,94.0,H88,红河（88）,A,126010507,ACS126010507,H88,H88,H88,H88,H88,False,/home/ubuntu/sunlong/gcms_consistency_old/new_prepared_data/tensors/20260302/H88/2646_B28_0094_126010507.npz
B28_0095_126010502,/home/ubuntu/sunlong/gcms_consistency_old/dataset/20260302/095#H88ACS126010502.D,095#H88ACS126010502.D,28,20260302,95.0,H88,红河（88）,A,126010502,ACS126010502,H88,H88,H88,H88,H88,False,/home/ubuntu/sunlong/gcms_consistency_old/new_prepared_data/tensors/20260302/H88/2647_B28_0095_126010502.npz
B28_0096_426010503,/home/ubuntu/sunlong/gcms_consistency_old/dataset/20260302/096#H88ACS426010503.D,096#H88ACS426010503.D,28,20260302,96.0,H88,红河（88）,A,426010503,ACS426010503,H88,H88,H88,H88,H88,False,/home/ubuntu/sunlong/gcms_consistency_old/new_prepared_data/tensors/20260302/H88/2648_B28_0096_426010503.npz
B28_0097_126010307,/home/ubuntu/sunlong/gcms_consistency_old/dataset/20260302/097#H88ACS126010307.D,097#H88ACS126010307.D,28,20260302,97.0,H88,红河（88）,A,126010307,ACS126010307,H88,H88,H88,H88,H88,False,/home/ubuntu/sunlong/gcms_consistency_old/new_prepared_data/tensors/20260302/H88/2649_B28_0097_126010307.npz
B28_0098_126010216,/home/ubuntu/sunlong/gcms_consistency_old/dataset/20260302/098#H88ACS126010216.D,098#H88ACS126010216.D,28,20260302,98.0,H88,红河（88）,A,126010216,ACS126010216,H88,H88,H88,H88,H88,False,/home/ubuntu/sunlong/gcms_consistency_old/new_prepared_data/tensors/20260302/H88/2650_B28_0098_126010216.npz
B28_0099_126010210,/home/ubuntu/sunlong/gcms_consistency_old/dataset/20260302/099#H88ACS126010210.D,099#H88ACS126010210.D,28,20260302,99.0,H88,红河（88）,A,126010210,ACS126010210,H88,H88,H88,H88,H88,False,/home/ubuntu/sunlong/gcms_consistency_old/new_prepared_data/tensors/20260302/H88/2651_B28_0099_126010210.npz
B28_0100_125121707,/home/ubuntu/sunlong/gcms_consistency_old/dataset/20260302/100#H88ACS125121707.D,100#H88ACS125121707.D,28,20260302,100.0,H88,红河（88）,A,125121707,ACS125121707,H88,H88,H88,H88,H88,False,/home/ubuntu/sunlong/gcms_consistency_old/new_prepared_data/tensors/20260302/H88/2652_B28_0100_125121707.npz
B28_0101_126010106,/home/ubuntu/sunlong/gcms_consistency_old/dataset/20260302/101#H88ACS126010106.D,101#H88ACS126010106.D,28,20260302,101.0,H88,红河（88）,A,126010106,ACS126010106,H88,H88,H88,H88,H88,False,/home/ubuntu/sunlong/gcms_consistency_old/new_prepared_data/tensors/20260302/H88/2653_B28_0101_126010106.npz
B28_0102_126010213,/home/ubuntu/sunlong/gcms_consistency_old/dataset/20260302/102#H88ACS126010213.D,102#H88ACS126010213.D,28,20260302,102.0,H88,红河（88）,A,126010213,ACS126010213,H88,H88,H88,H88,H88,False,/home/ubuntu/sunlong/gcms_consistency_old/new_prepared_data/tensors/20260302/H88/2654_B28_0102_126010213.npz
B28_0103_125121603,/home/ubuntu/sunlong/gcms_consistency_old/dataset/20260302/103#H88ACS125121603.D,103#H88ACS125121603.D,28,20260302,103.0,H88,红河（88）,A,125121603,ACS125121603,H88,H88,H88,H88,H88,False,/home/ubuntu/sunlong/gcms_consistency_old/new_prepared_data/tensors/20260302/H88/2655_B28_0103_125121603.npz
B28_0104_125121510,/home/ubuntu/sunlong/gcms_consistency_old/dataset/20260302/104#H88ACS125121510.D,104#H88ACS125121510.D,28,20260302,104.0,H88,红河（88）,A,125121510,ACS125121510,H88,H88,H88,H88,H88,False,/home/ubuntu/sunlong/gcms_consistency_old/new_prepared_data/tensors/20260302/H88/2656_B28_0104_125121510.npz
B28_0105_125121507,/home/ubuntu/sunlong/gcms_consistency_old/dataset/20260302/105#H88ACS125121507.D,105#H88ACS125121507.D,28,20260302,105.0,H88,红河（88）,A,125121507,ACS125121507,H88,H88,H88,H88,H88,False,/home/ubuntu/sunlong/gcms_consistency_old/new_prepared_data/tensors/20260302/H88/2657_B28_0105_125121507.npz
B28_0106_125121507,/home/ubuntu/sunlong/gcms_consistency_old/dataset/20260302/106#H88ACS125121507.D,106#H88ACS125121507.D,28,20260302,106.0,H88,红河（88）,A,125121507,ACS125121507,H88,H88,H88,H88,H88,False,/home/ubuntu/sunlong/gcms_consistency_old/new_prepared_data/tensors/20260302/H88/2658_B28_0106_125121507.npz
B28_0107_125121507,/home/ubuntu/sunlong/gcms_consistency_old/dataset/20260302/107#H88ACS125121507.D,107#H88ACS125121507.D,28,20260302,107.0,H88,红河（88）,A,125121507,ACS125121507,H88,H88,H88,H88,H88,False,/home/ubuntu/sunlong/gcms_consistency_old/new_prepared_data/tensors/20260302/H88/2659_B28_0107_125121507.npz
B29_0116_126011711,/home/ubuntu/sunlong/gcms_consistency_old/dataset/20260306/116#HRJACS126011711.D,116#HRJACS126011711.D,29,20260306,116.0,HRJ,红河（软甲）,A,126011711,ACS126011711,HRJ,HRJ,HRJ,HRJ,HRJ,False,/home/ubuntu/sunlong/gcms_consistency_old/new_prepared_data/tensors/20260306/HRJ/2660_B29_0116_126011711.npz
B29_0117_126011510,/home/ubuntu/sunlong/gcms_consistency_old/dataset/20260306/117#HRJACS126011510.D,117#HRJACS126011510.D,29,20260306,117.0,HRJ,红河（软甲）,A,126011510,ACS126011510,HRJ,HRJ,HRJ,HRJ,HRJ,False,/home/ubuntu/sunlong/gcms_consistency_old/new_prepared_data/tensors/20260306/HRJ/2661_B29_0117_126011510.npz
B29_0118_126011714,/home/ubuntu/sunlong/gcms_consistency_old/dataset/20260306/118#HRJACS126011714.D,118#HRJACS126011714.D,29,20260306,118.0,HRJ,红河（软甲）,A,126011714,ACS126011714,HRJ,HRJ,HRJ,HRJ,HRJ,False,/home/ubuntu/sunlong/gcms_consistency_old/new_prepared_data/tensors/20260306/HRJ/2662_B29_0118_126011714.npz
B29_0119_126012016,/home/ubuntu/sunlong/gcms_consistency_old/dataset/20260306/119#HRJACS126012016.D,119#HRJACS126012016.D,29,20260306,119.0,HRJ,红河（软甲）,A,126012016,ACS126012016,HRJ,HRJ,HRJ,HRJ,HRJ,False,/home/ubuntu/sunlong/gcms_consistency_old/new_prepared_data/tensors/20260306/HRJ/2663_B29_0119_126012016.npz
B29_0120_126011217,/home/ubuntu/sunlong/gcms_consistency_old/dataset/20260306/120#HRJACS126011217.D,120#HRJACS126011217.D,29,20260306,120.0,HRJ,红河（软甲）,A,126011217,ACS126011217,HRJ,HRJ,HRJ,HRJ,HRJ,False,/home/ubuntu/sunlong/gcms_consistency_old/new_prepared_data/tensors/20260306/HRJ/2664_B29_0120_126011217.npz
B29_0121_126011313,/home/ubuntu/sunlong/gcms_consistency_old/dataset/20260306/121#HRJACS126011313.D,121#HRJACS126011313.D,29,20260306,121.0,HRJ,红河（软甲）,A,126011313,ACS126011313,HRJ,HRJ,HRJ,HRJ,HRJ,False,/home/ubuntu/sunlong/gcms_consistency_old/new_prepared_data/tensors/20260306/HRJ/2665_B29_0121_126011313.npz
B29_0122_126011607,/home/ubuntu/sunlong/gcms_consistency_old/dataset/20260306/122#HRJACS126011607.D,122#HRJACS126011607.D,29,20260306,122.0,HRJ,红河（软甲）,A,126011607,ACS126011607,HRJ,HRJ,HRJ,HRJ,HRJ,False,/home/ubuntu/sunlong/gcms_consistency_old/new_prepared_data/tensors/20260306/HRJ/2666_B29_0122_126011607.npz
B29_0123_126011011,/home/ubuntu/sunlong/gcms_consistency_old/dataset/20260306/123#HRJACS126011011.D,123#HRJACS126011011.D,29,20260306,123.0,HRJ,红河（软甲）,A,126011011,ACS126011011,HRJ,HRJ,HRJ,HRJ,HRJ,False,/home/ubuntu/sunlong/gcms_consistency_old/new_prepared_data/tensors/20260306/HRJ/2667_B29_0123_126011011.npz
B29_0124_126011501,/home/ubuntu/sunlong/gcms_consistency_old/dataset/20260306/124#HRJACS126011501.D,124#HRJACS126011501.D,29,20260306,124.0,HRJ,红河（软甲）,A,126011501,ACS126011501,HRJ,HRJ,HRJ,HRJ,HRJ,False,/home/ubuntu/sunlong/gcms_consistency_old/new_prepared_data/tensors/20260306/HRJ/2668_B29_0124_126011501.npz
B29_0125_126010820,/home/ubuntu/sunlong/gcms_consistency_old/dataset/20260306/125#HRJACS126010820.D,125#HRJACS126010820.D,29,20260306,125.0,HRJ,红河（软甲）,A,126010820,ACS126010820,HRJ,HRJ,HRJ,HRJ,HRJ,False,/home/ubuntu/sunlong/gcms_consistency_old/new_prepared_data/tensors/20260306/HRJ/2669_B29_0125_126010820.npz
B29_0126_126011916,/home/ubuntu/sunlong/gcms_consistency_old/dataset/20260306/126#HRJACS126011916.D,126#HRJACS126011916.D,29,20260306,126.0,HRJ,红河（软甲）,A,126011916,ACS126011916,HRJ,HRJ,HRJ,HRJ,HRJ,False,/home/ubuntu/sunlong/gcms_consistency_old/new_prepared_data/tensors/20260306/HRJ/2670_B29_0126_126011916.npz
B29_0127_126011014,/home/ubuntu/sunlong/gcms_consistency_old/dataset/20260306/127#HRJACS126011014.D,127#HRJACS126011014.D,29,20260306,127.0,HRJ,红河（软甲）,A,126011014,ACS126011014,HRJ,HRJ,HRJ,HRJ,HRJ,False,/home/ubuntu/sunlong/gcms_consistency_old/new_prepared_data/tensors/20260306/HRJ/2671_B29_0127_126011014.npz
B29_0128_126010301,/home/ubuntu/sunlong/gcms_consistency_old/dataset/20260306/128#HRJACS126010301.D,128#HRJACS126010301.D,29,20260306,128.0,HRJ,红河（软甲）,A,126010301,ACS126010301,HRJ,HRJ,HRJ,HRJ,HRJ,False,/home/ubuntu/sunlong/gcms_consistency_old/new_prepared_data/tensors/20260306/HRJ/2672_B29_0128_126010301.npz
B29_0129_126010915,/home/ubuntu/sunlong/gcms_consistency_old/dataset/20260306/129#HRJACS126010915.D,129#HRJACS126010915.D,29,20260306,129.0,HRJ,红河（软甲）,A,126010915,ACS126010915,HRJ,HRJ,HRJ,HRJ,HRJ,False,/home/ubuntu/sunlong/gcms_consistency_old/new_prepared_data/tensors/20260306/HRJ/2673_B29_0129_126010915.npz
B29_0130_126010912,/home/ubuntu/sunlong/gcms_consistency_old/dataset/20260306/130#HRJACS126010912.D,130#HRJACS126010912.D,29,20260306,130.0,HRJ,红河（软甲）,A,126010912,ACS126010912,HRJ,HRJ,HRJ,HRJ,HRJ,False,/home/ubuntu/sunlong/gcms_consistency_old/new_prepared_data/tensors/20260306/HRJ/2674_B29_0130_126010912.npz
B29_0131_126010624,/home/ubuntu/sunlong/gcms_consistency_old/dataset/20260306/131#HRJACS126010624.D,131#HRJACS126010624.D,29,20260306,131.0,HRJ,红河（软甲）,A,126010624,ACS126010624,HRJ,HRJ,HRJ,HRJ,HRJ,False,/home/ubuntu/sunlong/gcms_consistency_old/new_prepared_data/tensors/20260306/HRJ/2675_B29_0131_126010624.npz
B29_0132_126010702,/home/ubuntu/sunlong/gcms_consistency_old/dataset/20260306/132#HRJACS126010702.D,132#HRJACS126010702.D,29,20260306,132.0,HRJ,红河（软甲）,A,126010702,ACS126010702,HRJ,HRJ,HRJ,HRJ,HRJ,False,/home/ubuntu/sunlong/gcms_consistency_old/new_prepared_data/tensors/20260306/HRJ/2676_B29_0132_126010702.npz
B29_0133_126010821,/home/ubuntu/sunlong/gcms_consistency_old/dataset/20260306/133#HRJACS126010821.D,133#HRJACS126010821.D,29,20260306,133.0,HRJ,红河（软甲）,A,126010821,ACS126010821,HRJ,HRJ,HRJ,HRJ,HRJ,False,/home/ubuntu/sunlong/gcms_consistency_old/new_prepared_data/tensors/20260306/HRJ/2677_B29_0133_126010821.npz
B29_0134_126010502,/home/ubuntu/sunlong/gcms_consistency_old/dataset/20260306/134#HRJACS126010502.D,134#HRJACS126010502.D,29,20260306,134.0,HRJ,红河（软甲）,A,126010502,ACS126010502,HRJ,HRJ,HRJ,HRJ,HRJ,False,/home/ubuntu/sunlong/gcms_consistency_old/new_prepared_data/tensors/20260306/HRJ/2678_B29_0134_126010502.npz
B29_0135_126010312,/home/ubuntu/sunlong/gcms_consistency_old/dataset/20260306/135#HRJACS126010312.D,135#HRJACS126010312.D,29,20260306,135.0,HRJ,红河（软甲）,A,126010312,ACS126010312,HRJ,HRJ,HRJ,HRJ,HRJ,False,/home/ubuntu/sunlong/gcms_consistency_old/new_prepared_data/tensors/20260306/HRJ/2679_B29_0135_126010312.npz
B29_0136_126020315,/home/ubuntu/sunlong/gcms_consistency_old/dataset/20260306/136#HRJACS126020315.D,136#HRJACS126020315.D,29,20260306,136.0,HRJ,红河（软甲）,A,126020315,ACS126020315,HRJ,HRJ,HRJ,HRJ,HRJ,False,/home/ubuntu/sunlong/gcms_consistency_old/new_prepared_data/tensors/20260306/HRJ/2680_B29_0136_126020315.npz
B29_0137_126020318,/home/ubuntu/sunlong/gcms_consistency_old/dataset/20260306/137#HRJACS126020318.D,137#HRJACS126020318.D,29,20260306,137.0,HRJ,红河（软甲）,A,126020318,ACS126020318,HRJ,HRJ,HRJ,HRJ,HRJ,False,/home/ubuntu/sunlong/gcms_consistency_old/new_prepared_data/tensors/20260306/HRJ/2681_B29_0137_126020318.npz
B29_0138_126020302,/home/ubuntu/sunlong/gcms_consistency_old/dataset/20260306/138#HRJBCS126020302.D,138#HRJBCS126020302.D,29,20260306,138.0,HRJ,红河（软甲）,B,126020302,BCS126020302,HRJ,HRJ,HRJ,HRJ,HRJ,False,/home/ubuntu/sunlong/gcms_consistency_old/new_prepared_data/tensors/20260306/HRJ/2682_B29_0138_126020302.npz
B29_0139_126020211,/home/ubuntu/sunlong/gcms_consistency_old/dataset/20260306/139#HRJACS126020211.D,139#HRJACS126020211.D,29,20260306,139.0,HRJ,红河（软甲）,A,126020211,ACS126020211,HRJ,HRJ,HRJ,HRJ,HRJ,False,/home/ubuntu/sunlong/gcms_consistency_old/new_prepared_data/tensors/20260306/HRJ/2683_B29_0139_126020211.npz
B29_0140_426020203,/home/ubuntu/sunlong/gcms_consistency_old/dataset/20260306/140#HRJACS426020203.D,140#HRJACS426020203.D,29,20260306,140.0,HRJ,红河（软甲）,A,426020203,ACS426020203,HRJ,HRJ,HRJ,HRJ,HRJ,False,/home/ubuntu/sunlong/gcms_consistency_old/new_prepared_data/tensors/20260306/HRJ/2684_B29_0140_426020203.npz
B29_0141_126012217,/home/ubuntu/sunlong/gcms_consistency_old/dataset/20260306/141#HRJACS126012217.D,141#HRJACS126012217.D,29,20260306,141.0,HRJ,红河（软甲）,A,126012217,ACS126012217,HRJ,HRJ,HRJ,HRJ,HRJ,False,/home/ubuntu/sunlong/gcms_consistency_old/new_prepared_data/tensors/20260306/HRJ/2685_B29_0141_126012217.npz
B29_0142_126012321,/home/ubuntu/sunlong/gcms_consistency_old/dataset/20260306/142#HRJACS126012321.D,142#HRJACS126012321.D,29,20260306,142.0,HRJ,红河（软甲）,A,126012321,ACS126012321,HRJ,HRJ,HRJ,HRJ,HRJ,False,/home/ubuntu/sunlong/gcms_consistency_old/new_prepared_data/tensors/20260306/HRJ/2686_B29_0142_126012321.npz
B29_0143_126012317,/home/ubuntu/sunlong/gcms_consistency_old/dataset/20260306/143#HRJACS126012317.D,143#HRJACS126012317.D,29,20260306,143.0,HRJ,红河（软甲）,A,126012317,ACS126012317,HRJ,HRJ,HRJ,HRJ,HRJ,False,/home/ubuntu/sunlong/gcms_consistency_old/new_prepared_data/tensors/20260306/HRJ/2687_B29_0143_126012317.npz
B29_0144_126012504,/home/ubuntu/sunlong/gcms_consistency_old/dataset/20260306/144#HRJACS126012504.D,144#HRJACS126012504.D,29,20260306,144.0,HRJ,红河（软甲）,A,126012504,ACS126012504,HRJ,HRJ,HRJ,HRJ,HRJ,False,/home/ubuntu/sunlong/gcms_consistency_old/new_prepared_data/tensors/20260306/HRJ/2688_B29_0144_126012504.npz
B29_0145_125110717,/home/ubuntu/sunlong/gcms_consistency_old/dataset/20260306/145#H99CCS125110717.D,145#H99CCS125110717.D,29,20260306,145.0,H99,红河（99）,C,125110717,CCS125110717,H99,H99,H99,H99,H99,False,/home/ubuntu/sunlong/gcms_consistency_old/new_prepared_data/tensors/20260306/H99/2689_B29_0145_125110717.npz
B29_0146_125110115,/home/ubuntu/sunlong/gcms_consistency_old/dataset/20260306/146#H99CCS125110115.D,146#H99CCS125110115.D,29,20260306,146.0,H99,红河（99）,C,125110115,CCS125110115,H99,H99,H99,H99,H99,False,/home/ubuntu/sunlong/gcms_consistency_old/new_prepared_data/tensors/20260306/H99/2690_B29_0146_125110115.npz
B29_0147_125110109,/home/ubuntu/sunlong/gcms_consistency_old/dataset/20260306/147#H99CCS125110109.D,147#H99CCS125110109.D,29,20260306,147.0,H99,红河（99）,C,125110109,CCS125110109,H99,H99,H99,H99,H99,False,/home/ubuntu/sunlong/gcms_consistency_old/new_prepared_data/tensors/20260306/H99/2691_B29_0147_125110109.npz
B29_0148_125102903,/home/ubuntu/sunlong/gcms_consistency_old/dataset/20260306/148#H99CCS125102903.D,148#H99CCS125102903.D,29,20260306,148.0,H99,红河（99）,C,125102903,CCS125102903,H99,H99,H99,H99,H99,False,/home/ubuntu/sunlong/gcms_consistency_old/new_prepared_data/tensors/20260306/H99/2692_B29_0148_125102903.npz
B29_0149_425110104,/home/ubuntu/sunlong/gcms_consistency_old/dataset/20260306/149#H99CCS425110104.D,149#H99CCS425110104.D,29,20260306,149.0,H99,红河（99）,C,425110104,CCS425110104,H99,H99,H99,H99,H99,False,/home/ubuntu/sunlong/gcms_consistency_old/new_prepared_data/tensors/20260306/H99/2693_B29_0149_425110104.npz
B29_0150_425103001,/home/ubuntu/sunlong/gcms_consistency_old/dataset/20260306/150#H99CCS425103001.D,150#H99CCS425103001.D,29,20260306,150.0,H99,红河（99）,C,425103001,CCS425103001,H99,H99,H99,H99,H99,False,/home/ubuntu/sunlong/gcms_consistency_old/new_prepared_data/tensors/20260306/H99/2694_B29_0150_425103001.npz
B29_0151_125103012,/home/ubuntu/sunlong/gcms_consistency_old/dataset/20260306/151#H99CCS125103012.D,151#H99CCS125103012.D,29,20260306,151.0,H99,红河（99）,C,125103012,CCS125103012,H99,H99,H99,H99,H99,False,/home/ubuntu/sunlong/gcms_consistency_old/new_prepared_data/tensors/20260306/H99/2695_B29_0151_125103012.npz
B29_0152_125110112,/home/ubuntu/sunlong/gcms_consistency_old/dataset/20260306/152#H99CCS125110112.D,152#H99CCS125110112.D,29,20260306,152.0,H99,红河（99）,C,125110112,CCS125110112,H99,H99,H99,H99,H99,False,/home/ubuntu/sunlong/gcms_consistency_old/new_prepared_data/tensors/20260306/H99/2696_B29_0152_125110112.npz
B29_0153_425103103,/home/ubuntu/sunlong/gcms_consistency_old/dataset/20260306/153#H99CCS425103103.D,153#H99CCS425103103.D,29,20260306,153.0,H99,红河（99）,C,425103103,CCS425103103,H99,H99,H99,H99,H99,False,/home/ubuntu/sunlong/gcms_consistency_old/new_prepared_data/tensors/20260306/H99/2697_B29_0153_425103103.npz
B29_0154_125111205,/home/ubuntu/sunlong/gcms_consistency_old/dataset/20260306/154#H99CCS125111205.D,154#H99CCS125111205.D,29,20260306,154.0,H99,红河（99）,C,125111205,CCS125111205,H99,H99,H99,H99,H99,False,/home/ubuntu/sunlong/gcms_consistency_old/new_prepared_data/tensors/20260306/H99/2698_B29_0154_125111205.npz
B29_0155_125110719,/home/ubuntu/sunlong/gcms_consistency_old/dataset/20260306/155#H99CCS125110719.D,155#H99CCS125110719.D,29,20260306,155.0,H99,红河（99）,C,125110719,CCS125110719,H99,H99,H99,H99,H99,False,/home/ubuntu/sunlong/gcms_consistency_old/new_prepared_data/tensors/20260306/H99/2699_B29_0155_125110719.npz
B29_0156_125110308,/home/ubuntu/sunlong/gcms_consistency_old/dataset/20260306/156#H99CCS125110308.D,156#H99CCS125110308.D,29,20260306,156.0,H99,红河（99）,C,125110308,CCS125110308,H99,H99,H99,H99,H99,False,/home/ubuntu/sunlong/gcms_consistency_old/new_prepared_data/tensors/20260306/H99/2700_B29_0156_125110308.npz
B29_0157_125110310,/home/ubuntu/sunlong/gcms_consistency_old/dataset/20260306/157#H99CCS125110310.D,157#H99CCS125110310.D,29,20260306,157.0,H99,红河（99）,C,125110310,CCS125110310,H99,H99,H99,H99,H99,False,/home/ubuntu/sunlong/gcms_consistency_old/new_prepared_data/tensors/20260306/H99/2701_B29_0157_125110310.npz
B29_0158_125110304,/home/ubuntu/sunlong/gcms_consistency_old/dataset/20260306/158#H99CCS125110304.D,158#H99CCS125110304.D,29,20260306,158.0,H99,红河（99）,C,125110304,CCS125110304,H99,H99,H99,H99,H99,False,/home/ubuntu/sunlong/gcms_consistency_old/new_prepared_data/tensors/20260306/H99/2702_B29_0158_125110304.npz
B29_0159_125111216,/home/ubuntu/sunlong/gcms_consistency_old/dataset/20260306/159#H99CCS125111216.D,159#H99CCS125111216.D,29,20260306,159.0,H99,红河（99）,C,125111216,CCS125111216,H99,H99,H99,H99,H99,False,/home/ubuntu/sunlong/gcms_consistency_old/new_prepared_data/tensors/20260306/H99/2703_B29_0159_125111216.npz
B29_0160_125110416,/home/ubuntu/sunlong/gcms_consistency_old/dataset/20260306/160#H99CCS125110416.D,160#H99CCS125110416.D,29,20260306,160.0,H99,红河（99）,C,125110416,CCS125110416,H99,H99,H99,H99,H99,False,/home/ubuntu/sunlong/gcms_consistency_old/new_prepared_data/tensors/20260306/H99/2704_B29_0160_125110416.npz
B29_0161_125110419,/home/ubuntu/sunlong/gcms_consistency_old/dataset/20260306/161#H99CCS125110419.D,161#H99CCS125110419.D,29,20260306,161.0,H99,红河（99）,C,125110419,CCS125110419,H99,H99,H99,H99,H99,False,/home/ubuntu/sunlong/gcms_consistency_old/new_prepared_data/tensors/20260306/H99/2705_B29_0161_125110419.npz
B29_0162_125110512,/home/ubuntu/sunlong/gcms_consistency_old/dataset/20260306/162#H99CCS125110512.D,162#H99CCS125110512.D,29,20260306,162.0,H99,红河（99）,C,125110512,CCS125110512,H99,H99,H99,H99,H99,False,/home/ubuntu/sunlong/gcms_consistency_old/new_prepared_data/tensors/20260306/H99/2706_B29_0162_125110512.npz
B29_0163_125110516,/home/ubuntu/sunlong/gcms_consistency_old/dataset/20260306/163#H99CCS125110516.D,163#H99CCS125110516.D,29,20260306,163.0,H99,红河（99）,C,125110516,CCS125110516,H99,H99,H99,H99,H99,False,/home/ubuntu/sunlong/gcms_consistency_old/new_prepared_data/tensors/20260306/H99/2707_B29_0163_125110516.npz
B29_0164_125110612,/home/ubuntu/sunlong/gcms_consistency_old/dataset/20260306/164#H99CCS125110612.D,164#H99CCS125110612.D,29,20260306,164.0,H99,红河（99）,C,125110612,CCS125110612,H99,H99,H99,H99,H99,False,/home/ubuntu/sunlong/gcms_consistency_old/new_prepared_data/tensors/20260306/H99/2708_B29_0164_125110612.npz
B29_0165_125112706,/home/ubuntu/sunlong/gcms_consistency_old/dataset/20260306/165#H99CCS125112706.D,165#H99CCS125112706.D,29,20260306,165.0,H99,红河（99）,C,125112706,CCS125112706,H99,H99,H99,H99,H99,False,/home/ubuntu/sunlong/gcms_consistency_old/new_prepared_data/tensors/20260306/H99/2709_B29_0165_125112706.npz
B29_0166_125110405,/home/ubuntu/sunlong/gcms_consistency_old/dataset/20260306/166#H99CCS125110405.D,166#H99CCS125110405.D,29,20260306,166.0,H99,红河（99）,C,125110405,CCS125110405,H99,H99,H99,H99,H99,False,/home/ubuntu/sunlong/gcms_consistency_old/new_prepared_data/tensors/20260306/H99/2710_B29_0166_125110405.npz
B29_0167_125112114,/home/ubuntu/sunlong/gcms_consistency_old/dataset/20260306/167#H99CCS125112114.D,167#H99CCS125112114.D,29,20260306,167.0,H99,红河（99）,C,125112114,CCS125112114,H99,H99,H99,H99,H99,False,/home/ubuntu/sunlong/gcms_consistency_old/new_prepared_data/tensors/20260306/H99/2711_B29_0167_125112114.npz
B29_0168_125112712,/home/ubuntu/sunlong/gcms_consistency_old/dataset/20260306/168#H99CCS125112712.D,168#H99CCS125112712.D,29,20260306,168.0,H99,红河（99）,C,125112712,CCS125112712,H99,H99,H99,H99,H99,False,/home/ubuntu/sunlong/gcms_consistency_old/new_prepared_data/tensors/20260306/H99/2712_B29_0168_125112712.npz
B29_0169_125112718,/home/ubuntu/sunlong/gcms_consistency_old/dataset/20260306/169#H99CCS125112718.D,169#H99CCS125112718.D,29,20260306,169.0,H99,红河（99）,C,125112718,CCS125112718,H99,H99,H99,H99,H99,False,/home/ubuntu/sunlong/gcms_consistency_old/new_prepared_data/tensors/20260306/H99/2713_B29_0169_125112718.npz
B29_0170_125112715,/home/ubuntu/sunlong/gcms_consistency_old/dataset/20260306/170#H99CCS125112715.D,170#H99CCS125112715.D,29,20260306,170.0,H99,红河（99）,C,125112715,CCS125112715,H99,H99,H99,H99,H99,False,/home/ubuntu/sunlong/gcms_consistency_old/new_prepared_data/tensors/20260306/H99/2714_B29_0170_125112715.npz
B29_0171_125112403,/home/ubuntu/sunlong/gcms_consistency_old/dataset/20260306/171#H99CCS125112403.D,171#H99CCS125112403.D,29,20260306,171.0,H99,红河（99）,C,125112403,CCS125112403,H99,H99,H99,H99,H99,False,/home/ubuntu/sunlong/gcms_consistency_old/new_prepared_data/tensors/20260306/H99/2715_B29_0171_125112403.npz
B29_0172_125112720,/home/ubuntu/sunlong/gcms_consistency_old/dataset/20260306/172#H99CCS125112720.D,172#H99CCS125112720.D,29,20260306,172.0,H99,红河（99）,C,125112720,CCS125112720,H99,H99,H99,H99,H99,False,/home/ubuntu/sunlong/gcms_consistency_old/new_prepared_data/tensors/20260306/H99/2716_B29_0172_125112720.npz
B29_0173_125112703,/home/ubuntu/sunlong/gcms_consistency_old/dataset/20260306/173#H99CCS125112703.D,173#H99CCS125112703.D,29,20260306,173.0,H99,红河（99）,C,125112703,CCS125112703,H99,H99,H99,H99,H99,False,/home/ubuntu/sunlong/gcms_consistency_old/new_prepared_data/tensors/20260306/H99/2717_B29_0173_125112703.npz
B29_0174_125112722,/home/ubuntu/sunlong/gcms_consistency_old/dataset/20260306/174#H99CCS125112722.D,174#H99CCS125112722.D,29,20260306,174.0,H99,红河（99）,C,125112722,CCS125112722,H99,H99,H99,H99,H99,False,/home/ubuntu/sunlong/gcms_consistency_old/new_prepared_data/tensors/20260306/H99/2718_B29_0174_125112722.npz
B29_0175_125102116,/home/ubuntu/sunlong/gcms_consistency_old/dataset/20260306/175#H99CCS125102116.D,175#H99CCS125102116.D,29,20260306,175.0,H99,红河（99）,C,125102116,CCS125102116,H99,H99,H99,H99,H99,False,/home/ubuntu/sunlong/gcms_consistency_old/new_prepared_data/tensors/20260306/H99/2719_B29_0175_125102116.npz
B29_0176_125102212,/home/ubuntu/sunlong/gcms_consistency_old/dataset/20260306/176#H99CCS125102212.D,176#H99CCS125102212.D,29,20260306,176.0,H99,红河（99）,C,125102212,CCS125102212,H99,H99,H99,H99,H99,False,/home/ubuntu/sunlong/gcms_consistency_old/new_prepared_data/tensors/20260306/H99/2720_B29_0176_125102212.npz
B29_0177_125102411,/home/ubuntu/sunlong/gcms_consistency_old/dataset/20260306/177#H99CCS125102411.D,177#H99CCS125102411.D,29,20260306,177.0,H99,红河（99）,C,125102411,CCS125102411,H99,H99,H99,H99,H99,False,/home/ubuntu/sunlong/gcms_consistency_old/new_prepared_data/tensors/20260306/H99/2721_B29_0177_125102411.npz
B29_0178_125103112,/home/ubuntu/sunlong/gcms_consistency_old/dataset/20260306/178#H99CCS125103112.D,178#H99CCS125103112.D,29,20260306,178.0,H99,红河（99）,C,125103112,CCS125103112,H99,H99,H99,H99,H99,False,/home/ubuntu/sunlong/gcms_consistency_old/new_prepared_data/tensors/20260306/H99/2722_B29_0178_125103112.npz
B29_0179_125102916,/home/ubuntu/sunlong/gcms_consistency_old/dataset/20260306/179#H99CCS125102916.D,179#H99CCS125102916.D,29,20260306,179.0,H99,红河（99）,C,125102916,CCS125102916,H99,H99,H99,H99,H99,False,/home/ubuntu/sunlong/gcms_consistency_old/new_prepared_data/tensors/20260306/H99/2723_B29_0179_125102916.npz
B29_0180_125102310,/home/ubuntu/sunlong/gcms_consistency_old/dataset/20260306/180#H99CCS125102310.D,180#H99CCS125102310.D,29,20260306,180.0,H99,红河（99）,C,125102310,CCS125102310,H99,H99,H99,H99,H99,False,/home/ubuntu/sunlong/gcms_consistency_old/new_prepared_data/tensors/20260306/H99/2724_B29_0180_125102310.npz
B29_0181_425102403,/home/ubuntu/sunlong/gcms_consistency_old/dataset/20260306/181#H99CCS425102403.D,181#H99CCS425102403.D,29,20260306,181.0,H99,红河（99）,C,425102403,CCS425102403,H99,H99,H99,H99,H99,False,/home/ubuntu/sunlong/gcms_consistency_old/new_prepared_data/tensors/20260306/H99/2725_B29_0181_425102403.npz
B29_0182_125102715,/home/ubuntu/sunlong/gcms_consistency_old/dataset/20260306/182#H99CCS125102715.D,182#H99CCS125102715.D,29,20260306,182.0,H99,红河（99）,C,125102715,CCS125102715,H99,H99,H99,H99,H99,False,/home/ubuntu/sunlong/gcms_consistency_old/new_prepared_data/tensors/20260306/H99/2726_B29_0182_125102715.npz
B29_0183_125102712,/home/ubuntu/sunlong/gcms_consistency_old/dataset/20260306/183#H99CCS125102712.D,183#H99CCS125102712.D,29,20260306,183.0,H99,红河（99）,C,125102712,CCS125102712,H99,H99,H99,H99,H99,False,/home/ubuntu/sunlong/gcms_consistency_old/new_prepared_data/tensors/20260306/H99/2727_B29_0183_125102712.npz
B29_0184_125102408,/home/ubuntu/sunlong/gcms_consistency_old/dataset/20260306/184#H99CCS125102408.D,184#H99CCS125102408.D,29,20260306,184.0,H99,红河（99）,C,125102408,CCS125102408,H99,H99,H99,H99,H99,False,/home/ubuntu/sunlong/gcms_consistency_old/new_prepared_data/tensors/20260306/H99/2728_B29_0184_125102408.npz
B29_0185_125102806,/home/ubuntu/sunlong/gcms_consistency_old/dataset/20260306/185#H99CCS125102806.D,185#H99CCS125102806.D,29,20260306,185.0,H99,红河（99）,C,125102806,CCS125102806,H99,H99,H99,H99,H99,False,/home/ubuntu/sunlong/gcms_consistency_old/new_prepared_data/tensors/20260306/H99/2729_B29_0185_125102806.npz
B29_0186_125102017,/home/ubuntu/sunlong/gcms_consistency_old/dataset/20260306/186#H99CCS125102017.D,186#H99CCS125102017.D,29,20260306,186.0,H99,红河（99）,C,125102017,CCS125102017,H99,H99,H99,H99,H99,False,/home/ubuntu/sunlong/gcms_consistency_old/new_prepared_data/tensors/20260306/H99/2730_B29_0186_125102017.npz
B29_0187_425101003,/home/ubuntu/sunlong/gcms_consistency_old/dataset/20260306/187#H99CCS425101003.D,187#H99CCS425101003.D,29,20260306,187.0,H99,红河（99）,C,425101003,CCS425101003,H99,H99,H99,H99,H99,False,/home/ubuntu/sunlong/gcms_consistency_old/new_prepared_data/tensors/20260306/H99/2731_B29_0187_425101003.npz
B29_0188_125102808,/home/ubuntu/sunlong/gcms_consistency_old/dataset/20260306/188#H99CCS125102808.D,188#H99CCS125102808.D,29,20260306,188.0,H99,红河（99）,C,125102808,CCS125102808,H99,H99,H99,H99,H99,False,/home/ubuntu/sunlong/gcms_consistency_old/new_prepared_data/tensors/20260306/H99/2732_B29_0188_125102808.npz
B29_0189_125102316,/home/ubuntu/sunlong/gcms_consistency_old/dataset/20260306/189#H99CCS125102316.D,189#H99CCS125102316.D,29,20260306,189.0,H99,红河（99）,C,125102316,CCS125102316,H99,H99,H99,H99,H99,False,/home/ubuntu/sunlong/gcms_consistency_old/new_prepared_data/tensors/20260306/H99/2733_B29_0189_125102316.npz
B29_0190_125121115,/home/ubuntu/sunlong/gcms_consistency_old/dataset/20260306/190#H99CCS125121115.D,190#H99CCS125121115.D,29,20260306,190.0,H99,红河（99）,C,125121115,CCS125121115,H99,H99,H99,H99,H99,False,/home/ubuntu/sunlong/gcms_consistency_old/new_prepared_data/tensors/20260306/H99/2734_B29_0190_125121115.npz
B29_0191_425121001,/home/ubuntu/sunlong/gcms_consistency_old/dataset/20260306/191#H99CCS425121001.D,191#H99CCS425121001.D,29,20260306,191.0,H99,红河（99）,C,425121001,CCS425121001,H99,H99,H99,H99,H99,False,/home/ubuntu/sunlong/gcms_consistency_old/new_prepared_data/tensors/20260306/H99/2735_B29_0191_425121001.npz
B29_0192_425120401,/home/ubuntu/sunlong/gcms_consistency_old/dataset/20260306/192#YJDACS425120401.D,192#YJDACS425120401.D,29,20260306,192.0,YJD,红塔山（硬经典）,A,425120401,ACS425120401,YJD,YJD,YJD,YJD,YJD,False,/home/ubuntu/sunlong/gcms_consistency_old/new_prepared_data/tensors/20260306/YJD/2736_B29_0192_425120401.npz
B29_0193_125121105,/home/ubuntu/sunlong/gcms_consistency_old/dataset/20260306/193#H99CCS125121105.D,193#H99CCS125121105.D,29,20260306,193.0,H99,红河（99）,C,125121105,CCS125121105,H99,H99,H99,H99,H99,False,/home/ubuntu/sunlong/gcms_consistency_old/new_prepared_data/tensors/20260306/H99/2737_B29_0193_125121105.npz
B29_0194_125120404,/home/ubuntu/sunlong/gcms_consistency_old/dataset/20260306/194#H99CCS125120404.D,194#H99CCS125120404.D,29,20260306,194.0,H99,红河（99）,C,125120404,CCS125120404,H99,H99,H99,H99,H99,False,/home/ubuntu/sunlong/gcms_consistency_old/new_prepared_data/tensors/20260306/H99/2738_B29_0194_125120404.npz
B29_0195_125120414,/home/ubuntu/sunlong/gcms_consistency_old/dataset/20260306/195#H99CCS125120414.D,195#H99CCS125120414.D,29,20260306,195.0,H99,红河（99）,C,125120414,CCS125120414,H99,H99,H99,H99,H99,False,/home/ubuntu/sunlong/gcms_consistency_old/new_prepared_data/tensors/20260306/H99/2739_B29_0195_125120414.npz
B29_0196_125121010,/home/ubuntu/sunlong/gcms_consistency_old/dataset/20260306/196#H99CCS125121010.D,196#H99CCS125121010.D,29,20260306,196.0,H99,红河（99）,C,125121010,CCS125121010,H99,H99,H99,H99,H99,False,/home/ubuntu/sunlong/gcms_consistency_old/new_prepared_data/tensors/20260306/H99/2740_B29_0196_125121010.npz
B29_0197_125121003,/home/ubuntu/sunlong/gcms_consistency_old/dataset/20260306/197#H99CCS125121003.D,197#H99CCS125121003.D,29,20260306,197.0,H99,红河（99）,C,125121003,CCS125121003,H99,H99,H99,H99,H99,False,/home/ubuntu/sunlong/gcms_consistency_old/new_prepared_data/tensors/20260306/H99/2741_B29_0197_125121003.npz
B29_0198_125120416,/home/ubuntu/sunlong/gcms_consistency_old/dataset/20260306/198#H99CCS125120416.D,198#H99CCS125120416.D,29,20260306,198.0,H99,红河（99）,C,125120416,CCS125120416,H99,H99,H99,H99,H99,False,/home/ubuntu/sunlong/gcms_consistency_old/new_prepared_data/tensors/20260306/H99/2742_B29_0198_125120416.npz
B29_0199_125120905,/home/ubuntu/sunlong/gcms_consistency_old/dataset/20260306/199#H99CCS125120905.D,199#H99CCS125120905.D,29,20260306,199.0,H99,红河（99）,C,125120905,CCS125120905,H99,H99,H99,H99,H99,False,/home/ubuntu/sunlong/gcms_consistency_old/new_prepared_data/tensors/20260306/H99/2743_B29_0199_125120905.npz
B29_0200_125121202,/home/ubuntu/sunlong/gcms_consistency_old/dataset/20260306/200#H99CCS125121202.D,200#H99CCS125121202.D,29,20260306,200.0,H99,红河（99）,C,125121202,CCS125121202,H99,H99,H99,H99,H99,False,/home/ubuntu/sunlong/gcms_consistency_old/new_prepared_data/tensors/20260306/H99/2744_B29_0200_125121202.npz
B29_0201_125121012,/home/ubuntu/sunlong/gcms_consistency_old/dataset/20260306/201#H99CCS125121012.D,201#H99CCS125121012.D,29,20260306,201.0,H99,红河（99）,C,125121012,CCS125121012,H99,H99,H99,H99,H99,False,/home/ubuntu/sunlong/gcms_consistency_old/new_prepared_data/tensors/20260306/H99/2745_B29_0201_125121012.npz
B29_0202_125120910,/home/ubuntu/sunlong/gcms_consistency_old/dataset/20260306/202#H99CCS125120910.D,202#H99CCS125120910.D,29,20260306,202.0,H99,红河（99）,C,125120910,CCS125120910,H99,H99,H99,H99,H99,False,/home/ubuntu/sunlong/gcms_consistency_old/new_prepared_data/tensors/20260306/H99/2746_B29_0202_125120910.npz
B29_0203_125120902,/home/ubuntu/sunlong/gcms_consistency_old/dataset/20260306/203#H99CCS125120902.D,203#H99CCS125120902.D,29,20260306,203.0,H99,红河（99）,C,125120902,CCS125120902,H99,H99,H99,H99,H99,False,/home/ubuntu/sunlong/gcms_consistency_old/new_prepared_data/tensors/20260306/H99/2747_B29_0203_125120902.npz
B29_0204_125121217,/home/ubuntu/sunlong/gcms_consistency_old/dataset/20260306/204#H99CCS125121217.D,204#H99CCS125121217.D,29,20260306,204.0,H99,红河（99）,C,125121217,CCS125121217,H99,H99,H99,H99,H99,False,/home/ubuntu/sunlong/gcms_consistency_old/new_prepared_data/tensors/20260306/H99/2748_B29_0204_125121217.npz
B29_0205_125120411,/home/ubuntu/sunlong/gcms_consistency_old/dataset/20260306/205#H99CCS125120411.D,205#H99CCS125120411.D,29,20260306,205.0,H99,红河（99）,C,125120411,CCS125120411,H99,H99,H99,H99,H99,False,/home/ubuntu/sunlong/gcms_consistency_old/new_prepared_data/tensors/20260306/H99/2749_B29_0205_125120411.npz
B29_0206_126011919,/home/ubuntu/sunlong/gcms_consistency_old/dataset/20260306/206#H99CCS126011919.D,206#H99CCS126011919.D,29,20260306,206.0,H99,红河（99）,C,126011919,CCS126011919,H99,H99,H99,H99,H99,False,/home/ubuntu/sunlong/gcms_consistency_old/new_prepared_data/tensors/20260306/H99/2750_B29_0206_126011919.npz
B29_0207_126011903,/home/ubuntu/sunlong/gcms_consistency_old/dataset/20260306/207#H99CCS126011903.D,207#H99CCS126011903.D,29,20260306,207.0,H99,红河（99）,C,126011903,CCS126011903,H99,H99,H99,H99,H99,False,/home/ubuntu/sunlong/gcms_consistency_old/new_prepared_data/tensors/20260306/H99/2751_B29_0207_126011903.npz
B29_0208_126011703,/home/ubuntu/sunlong/gcms_consistency_old/dataset/20260306/208#H99CCS126011703.D,208#H99CCS126011703.D,29,20260306,208.0,H99,红河（99）,C,126011703,CCS126011703,H99,H99,H99,H99,H99,False,/home/ubuntu/sunlong/gcms_consistency_old/new_prepared_data/tensors/20260306/H99/2752_B29_0208_126011703.npz
B29_0209_126011915,/home/ubuntu/sunlong/gcms_consistency_old/dataset/20260306/209#H99CCS126011915.D,209#H99CCS126011915.D,29,20260306,209.0,H99,红河（99）,C,126011915,CCS126011915,H99,H99,H99,H99,H99,False,/home/ubuntu/sunlong/gcms_consistency_old/new_prepared_data/tensors/20260306/H99/2753_B29_0209_126011915.npz
B29_0210_126011717,/home/ubuntu/sunlong/gcms_consistency_old/dataset/20260306/210#H99CCS126011717.D,210#H99CCS126011717.D,29,20260306,210.0,H99,红河（99）,C,126011717,CCS126011717,H99,H99,H99,H99,H99,False,/home/ubuntu/sunlong/gcms_consistency_old/new_prepared_data/tensors/20260306/H99/2754_B29_0210_126011717.npz
B29_0211_126011715,/home/ubuntu/sunlong/gcms_consistency_old/dataset/20260306/211#H99CCS126011715.D,211#H99CCS126011715.D,29,20260306,211.0,H99,红河（99）,C,126011715,CCS126011715,H99,H99,H99,H99,H99,False,/home/ubuntu/sunlong/gcms_consistency_old/new_prepared_data/tensors/20260306/H99/2755_B29_0211_126011715.npz
B29_0212_126011712,/home/ubuntu/sunlong/gcms_consistency_old/dataset/20260306/212#H99CCS126011712.D,212#H99CCS126011712.D,29,20260306,212.0,H99,红河（99）,C,126011712,CCS126011712,H99,H99,H99,H99,H99,False,/home/ubuntu/sunlong/gcms_consistency_old/new_prepared_data/tensors/20260306/H99/2756_B29_0212_126011712.npz
B29_0213_126011602,/home/ubuntu/sunlong/gcms_consistency_old/dataset/20260306/213#H99CCS126011602.D,213#H99CCS126011602.D,29,20260306,213.0,H99,红河（99）,C,126011602,CCS126011602,H99,H99,H99,H99,H99,False,/home/ubuntu/sunlong/gcms_consistency_old/new_prepared_data/tensors/20260306/H99/2757_B29_0213_126011602.npz
B29_0214_126011612,/home/ubuntu/sunlong/gcms_consistency_old/dataset/20260306/214#H99CCS126011612.D,214#H99CCS126011612.D,29,20260306,214.0,H99,红河（99）,C,126011612,CCS126011612,H99,H99,H99,H99,H99,False,/home/ubuntu/sunlong/gcms_consistency_old/new_prepared_data/tensors/20260306/H99/2758_B29_0214_126011612.npz
B29_0215_126011610,/home/ubuntu/sunlong/gcms_consistency_old/dataset/20260306/215#H99CCS126011610.D,215#H99CCS126011610.D,29,20260306,215.0,H99,红河（99）,C,126011610,CCS126011610,H99,H99,H99,H99,H99,False,/home/ubuntu/sunlong/gcms_consistency_old/new_prepared_data/tensors/20260306/H99/2759_B29_0215_126011610.npz
B29_0236_125121101,/home/ubuntu/sunlong/gcms_consistency_old/dataset/20260306/236#YJDACS125121101.D,236#YJDACS125121101.D,29,20260306,236.0,YJD,红塔山（硬经典）,A,125121101,ACS125121101,YJD,YJD,YJD,YJD,YJD,False,/home/ubuntu/sunlong/gcms_consistency_old/new_prepared_data/tensors/20260306/YJD/2760_B29_0236_125121101.npz
B29_0237_125121009,/home/ubuntu/sunlong/gcms_consistency_old/dataset/20260306/237#YJDACS125121009.D,237#YJDACS125121009.D,29,20260306,237.0,YJD,红塔山（硬经典）,A,125121009,ACS125121009,YJD,YJD,YJD,YJD,YJD,False,/home/ubuntu/sunlong/gcms_consistency_old/new_prepared_data/tensors/20260306/YJD/2761_B29_0237_125121009.npz
B29_0238_125121119,/home/ubuntu/sunlong/gcms_consistency_old/dataset/20260306/238#YJDACS125121119.D,238#YJDACS125121119.D,29,20260306,238.0,YJD,红塔山（硬经典）,A,125121119,ACS125121119,YJD,YJD,YJD,YJD,YJD,False,/home/ubuntu/sunlong/gcms_consistency_old/new_prepared_data/tensors/20260306/YJD/2762_B29_0238_125121119.npz
B29_0239_425121002,/home/ubuntu/sunlong/gcms_consistency_old/dataset/20260306/239#YJDACS425121002.D,239#YJDACS425121002.D,29,20260306,239.0,YJD,红塔山（硬经典）,A,425121002,ACS425121002,YJD,YJD,YJD,YJD,YJD,False,/home/ubuntu/sunlong/gcms_consistency_old/new_prepared_data/tensors/20260306/YJD/2763_B29_0239_425121002.npz
B29_0240_125121701,/home/ubuntu/sunlong/gcms_consistency_old/dataset/20260306/240#YJDACS125121701.D,240#YJDACS125121701.D,29,20260306,240.0,YJD,红塔山（硬经典）,A,125121701,ACS125121701,YJD,YJD,YJD,YJD,YJD,False,/home/ubuntu/sunlong/gcms_consistency_old/new_prepared_data/tensors/20260306/YJD/2764_B29_0240_125121701.npz
B29_0241_125121203,/home/ubuntu/sunlong/gcms_consistency_old/dataset/20260306/241#YJDACS125121203.D,241#YJDACS125121203.D,29,20260306,241.0,YJD,红塔山（硬经典）,A,125121203,ACS125121203,YJD,YJD,YJD,YJD,YJD,False,/home/ubuntu/sunlong/gcms_consistency_old/new_prepared_data/tensors/20260306/YJD/2765_B29_0241_125121203.npz
B29_0242_125121210,/home/ubuntu/sunlong/gcms_consistency_old/dataset/20260306/242#YJDACS125121210.D,242#YJDACS125121210.D,29,20260306,242.0,YJD,红塔山（硬经典）,A,125121210,ACS125121210,YJD,YJD,YJD,YJD,YJD,False,/home/ubuntu/sunlong/gcms_consistency_old/new_prepared_data/tensors/20260306/YJD/2766_B29_0242_125121210.npz
B29_0243_125121207,/home/ubuntu/sunlong/gcms_consistency_old/dataset/20260306/243#YJDACS125121207.D,243#YJDACS125121207.D,29,20260306,243.0,YJD,红塔山（硬经典）,A,125121207,ACS125121207,YJD,YJD,YJD,YJD,YJD,False,/home/ubuntu/sunlong/gcms_consistency_old/new_prepared_data/tensors/20260306/YJD/2767_B29_0243_125121207.npz
B29_0244_125121704,/home/ubuntu/sunlong/gcms_consistency_old/dataset/20260306/244#YJDACS125121704.D,244#YJDACS125121704.D,29,20260306,244.0,YJD,红塔山（硬经典）,A,125121704,ACS125121704,YJD,YJD,YJD,YJD,YJD,False,/home/ubuntu/sunlong/gcms_consistency_old/new_prepared_data/tensors/20260306/YJD/2768_B29_0244_125121704.npz
B29_0245_125121103,/home/ubuntu/sunlong/gcms_consistency_old/dataset/20260306/245#YJDACS125121103.D,245#YJDACS125121103.D,29,20260306,245.0,YJD,红塔山（硬经典）,A,125121103,ACS125121103,YJD,YJD,YJD,YJD,YJD,False,/home/ubuntu/sunlong/gcms_consistency_old/new_prepared_data/tensors/20260306/YJD/2769_B29_0245_125121103.npz
B29_0246_425120402,/home/ubuntu/sunlong/gcms_consistency_old/dataset/20260306/246#YJDACS425120402.D,246#YJDACS425120402.D,29,20260306,246.0,YJD,红塔山（硬经典）,A,425120402,ACS425120402,YJD,YJD,YJD,YJD,YJD,False,/home/ubuntu/sunlong/gcms_consistency_old/new_prepared_data/tensors/20260306/YJD/2770_B29_0246_425120402.npz
B29_0247_125121501,/home/ubuntu/sunlong/gcms_consistency_old/dataset/20260306/247#YJDACS125121501.D,247#YJDACS125121501.D,29,20260306,247.0,YJD,红塔山（硬经典）,A,125121501,ACS125121501,YJD,YJD,YJD,YJD,YJD,False,/home/ubuntu/sunlong/gcms_consistency_old/new_prepared_data/tensors/20260306/YJD/2771_B29_0247_125121501.npz
B29_0248_125120907,/home/ubuntu/sunlong/gcms_consistency_old/dataset/20260306/248#YJDACS125120907.D,248#YJDACS125120907.D,29,20260306,248.0,YJD,红塔山（硬经典）,A,125120907,ACS125120907,YJD,YJD,YJD,YJD,YJD,False,/home/ubuntu/sunlong/gcms_consistency_old/new_prepared_data/tensors/20260306/YJD/2772_B29_0248_125120907.npz
B29_0249_125121504,/home/ubuntu/sunlong/gcms_consistency_old/dataset/20260306/249#YJDACS125121504.D,249#YJDACS125121504.D,29,20260306,249.0,YJD,红塔山（硬经典）,A,125121504,ACS125121504,YJD,YJD,YJD,YJD,YJD,False,/home/ubuntu/sunlong/gcms_consistency_old/new_prepared_data/tensors/20260306/YJD/2773_B29_0249_125121504.npz
B29_0250_125102106,/home/ubuntu/sunlong/gcms_consistency_old/dataset/20260306/250#YJDACS125102106.D,250#YJDACS125102106.D,29,20260306,250.0,YJD,红塔山（硬经典）,A,125102106,ACS125102106,YJD,YJD,YJD,YJD,YJD,False,/home/ubuntu/sunlong/gcms_consistency_old/new_prepared_data/tensors/20260306/YJD/2774_B29_0250_125102106.npz
B29_0251_125100810,/home/ubuntu/sunlong/gcms_consistency_old/dataset/20260306/251#YJDACS125100810.D,251#YJDACS125100810.D,29,20260306,251.0,YJD,红塔山（硬经典）,A,125100810,ACS125100810,YJD,YJD,YJD,YJD,YJD,False,/home/ubuntu/sunlong/gcms_consistency_old/new_prepared_data/tensors/20260306/YJD/2775_B29_0251_125100810.npz
B29_0252_125102201,/home/ubuntu/sunlong/gcms_consistency_old/dataset/20260306/252#YJDACS125102201.D,252#YJDACS125102201.D,29,20260306,252.0,YJD,红塔山（硬经典）,A,125102201,ACS125102201,YJD,YJD,YJD,YJD,YJD,False,/home/ubuntu/sunlong/gcms_consistency_old/new_prepared_data/tensors/20260306/YJD/2776_B29_0252_125102201.npz
B29_0253_125102410,/home/ubuntu/sunlong/gcms_consistency_old/dataset/20260306/253#YJDACS125102410.D,253#YJDACS125102410.D,29,20260306,253.0,YJD,红塔山（硬经典）,A,125102410,ACS125102410,YJD,YJD,YJD,YJD,YJD,False,/home/ubuntu/sunlong/gcms_consistency_old/new_prepared_data/tensors/20260306/YJD/2777_B29_0253_125102410.npz
B29_0254_125102306,/home/ubuntu/sunlong/gcms_consistency_old/dataset/20260306/254#YJDACS125102306.D,254#YJDACS125102306.D,29,20260306,254.0,YJD,红塔山（硬经典）,A,125102306,ACS125102306,YJD,YJD,YJD,YJD,YJD,False,/home/ubuntu/sunlong/gcms_consistency_old/new_prepared_data/tensors/20260306/YJD/2778_B29_0254_125102306.npz
B29_0255_125102407,/home/ubuntu/sunlong/gcms_consistency_old/dataset/20260306/255#YJDACS125102407.D,255#YJDACS125102407.D,29,20260306,255.0,YJD,红塔山（硬经典）,A,125102407,ACS125102407,YJD,YJD,YJD,YJD,YJD,False,/home/ubuntu/sunlong/gcms_consistency_old/new_prepared_data/tensors/20260306/YJD/2779_B29_0255_125102407.npz
B29_0256_125102807,/home/ubuntu/sunlong/gcms_consistency_old/dataset/20260306/256#YJDACS125102807.D,256#YJDACS125102807.D,29,20260306,256.0,YJD,红塔山（硬经典）,A,125102807,ACS125102807,YJD,YJD,YJD,YJD,YJD,False,/home/ubuntu/sunlong/gcms_consistency_old/new_prepared_data/tensors/20260306/YJD/2780_B29_0256_125102807.npz
B29_0257_425101002,/home/ubuntu/sunlong/gcms_consistency_old/dataset/20260306/257#YJDACS425101002.D,257#YJDACS425101002.D,29,20260306,257.0,YJD,红塔山（硬经典）,A,425101002,ACS425101002,YJD,YJD,YJD,YJD,YJD,False,/home/ubuntu/sunlong/gcms_consistency_old/new_prepared_data/tensors/20260306/YJD/2781_B29_0257_425101002.npz
B29_0258_125101609,/home/ubuntu/sunlong/gcms_consistency_old/dataset/20260306/258#YJDACS125101609.D,258#YJDACS125101609.D,29,20260306,258.0,YJD,红塔山（硬经典）,A,125101609,ACS125101609,YJD,YJD,YJD,YJD,YJD,False,/home/ubuntu/sunlong/gcms_consistency_old/new_prepared_data/tensors/20260306/YJD/2782_B29_0258_125101609.npz
B29_0259_125100907,/home/ubuntu/sunlong/gcms_consistency_old/dataset/20260306/259#YJDACS125100907.D,259#YJDACS125100907.D,29,20260306,259.0,YJD,红塔山（硬经典）,A,125100907,ACS125100907,YJD,YJD,YJD,YJD,YJD,False,/home/ubuntu/sunlong/gcms_consistency_old/new_prepared_data/tensors/20260306/YJD/2783_B29_0259_125100907.npz
B29_0260_125102413,/home/ubuntu/sunlong/gcms_consistency_old/dataset/20260306/260#YJDACS125102413.D,260#YJDACS125102413.D,29,20260306,260.0,YJD,红塔山（硬经典）,A,125102413,ACS125102413,YJD,YJD,YJD,YJD,YJD,False,/home/ubuntu/sunlong/gcms_consistency_old/new_prepared_data/tensors/20260306/YJD/2784_B29_0260_125102413.npz
B29_0261_125102811,/home/ubuntu/sunlong/gcms_consistency_old/dataset/20260306/261#YJDACS125102811.D,261#YJDACS125102811.D,29,20260306,261.0,YJD,红塔山（硬经典）,A,125102811,ACS125102811,YJD,YJD,YJD,YJD,YJD,False,/home/ubuntu/sunlong/gcms_consistency_old/new_prepared_data/tensors/20260306/YJD/2785_B29_0261_125102811.npz
B29_0262_125100910,/home/ubuntu/sunlong/gcms_consistency_old/dataset/20260306/262#YJDACS125100910.D,262#YJDACS125100910.D,29,20260306,262.0,YJD,红塔山（硬经典）,A,125100910,ACS125100910,YJD,YJD,YJD,YJD,YJD,False,/home/ubuntu/sunlong/gcms_consistency_old/new_prepared_data/tensors/20260306/YJD/2786_B29_0262_125100910.npz
B29_0263_125101406,/home/ubuntu/sunlong/gcms_consistency_old/dataset/20260306/263#YJDACS125101406.D,263#YJDACS125101406.D,29,20260306,263.0,YJD,红塔山（硬经典）,A,125101406,ACS125101406,YJD,YJD,YJD,YJD,YJD,False,/home/ubuntu/sunlong/gcms_consistency_old/new_prepared_data/tensors/20260306/YJD/2787_B29_0263_125101406.npz
B29_0264_125102809,/home/ubuntu/sunlong/gcms_consistency_old/dataset/20260306/264#YJDACS125102809.D,264#YJDACS125102809.D,29,20260306,264.0,YJD,红塔山（硬经典）,A,125102809,ACS125102809,YJD,YJD,YJD,YJD,YJD,False,/home/ubuntu/sunlong/gcms_consistency_old/new_prepared_data/tensors/20260306/YJD/2788_B29_0264_125102809.npz
B29_0265_125120901,/home/ubuntu/sunlong/gcms_consistency_old/dataset/20260306/265#YJDACS125120901.D,265#YJDACS125120901.D,29,20260306,265.0,YJD,红塔山（硬经典）,A,125120901,ACS125120901,YJD,YJD,YJD,YJD,YJD,False,/home/ubuntu/sunlong/gcms_consistency_old/new_prepared_data/tensors/20260306/YJD/2789_B29_0265_125120901.npz
B29_0266_125120906,/home/ubuntu/sunlong/gcms_consistency_old/dataset/20260306/266#YJDACS125120906.D,266#YJDACS125120906.D,29,20260306,266.0,YJD,红塔山（硬经典）,A,125120906,ACS125120906,YJD,YJD,YJD,YJD,YJD,False,/home/ubuntu/sunlong/gcms_consistency_old/new_prepared_data/tensors/20260306/YJD/2790_B29_0266_125120906.npz
B29_0267_125120903,/home/ubuntu/sunlong/gcms_consistency_old/dataset/20260306/267#YJDACS125120903.D,267#YJDACS125120903.D,29,20260306,267.0,YJD,红塔山（硬经典）,A,125120903,ACS125120903,YJD,YJD,YJD,YJD,YJD,False,/home/ubuntu/sunlong/gcms_consistency_old/new_prepared_data/tensors/20260306/YJD/2791_B29_0267_125120903.npz
B29_0268_125120208,/home/ubuntu/sunlong/gcms_consistency_old/dataset/20260306/268#YJDACS125120208.D,268#YJDACS125120208.D,29,20260306,268.0,YJD,红塔山（硬经典）,A,125120208,ACS125120208,YJD,YJD,YJD,YJD,YJD,False,/home/ubuntu/sunlong/gcms_consistency_old/new_prepared_data/tensors/20260306/YJD/2792_B29_0268_125120208.npz
B29_0269_125120211,/home/ubuntu/sunlong/gcms_consistency_old/dataset/20260306/269#YJDACS125120211.D,269#YJDACS125120211.D,29,20260306,269.0,YJD,红塔山（硬经典）,A,125120211,ACS125120211,YJD,YJD,YJD,YJD,YJD,False,/home/ubuntu/sunlong/gcms_consistency_old/new_prepared_data/tensors/20260306/YJD/2793_B29_0269_125120211.npz
B29_0270_125120212,/home/ubuntu/sunlong/gcms_consistency_old/dataset/20260306/270#YJDACS125120212.D,270#YJDACS125120212.D,29,20260306,270.0,YJD,红塔山（硬经典）,A,125120212,ACS125120212,YJD,YJD,YJD,YJD,YJD,False,/home/ubuntu/sunlong/gcms_consistency_old/new_prepared_data/tensors/20260306/YJD/2794_B29_0270_125120212.npz
B29_0271_125120511,/home/ubuntu/sunlong/gcms_consistency_old/dataset/20260306/271#YJDACS125120511.D,271#YJDACS125120511.D,29,20260306,271.0,YJD,红塔山（硬经典）,A,125120511,ACS125120511,YJD,YJD,YJD,YJD,YJD,False,/home/ubuntu/sunlong/gcms_consistency_old/new_prepared_data/tensors/20260306/YJD/2795_B29_0271_125120511.npz
B29_0272_125120321,/home/ubuntu/sunlong/gcms_consistency_old/dataset/20260306/272#YJDACS125120321.D,272#YJDACS125120321.D,29,20260306,272.0,YJD,红塔山（硬经典）,A,125120321,ACS125120321,YJD,YJD,YJD,YJD,YJD,False,/home/ubuntu/sunlong/gcms_consistency_old/new_prepared_data/tensors/20260306/YJD/2796_B29_0272_125120321.npz
B29_0273_125120322,/home/ubuntu/sunlong/gcms_consistency_old/dataset/20260306/273#YJDACS125120322.D,273#YJDACS125120322.D,29,20260306,273.0,YJD,红塔山（硬经典）,A,125120322,ACS125120322,YJD,YJD,YJD,YJD,YJD,False,/home/ubuntu/sunlong/gcms_consistency_old/new_prepared_data/tensors/20260306/YJD/2797_B29_0273_125120322.npz
B29_0274_125100813,/home/ubuntu/sunlong/gcms_consistency_old/dataset/20260306/274#YJDACS125100813.D,274#YJDACS125100813.D,29,20260306,274.0,YJD,红塔山（硬经典）,A,125100813,ACS125100813,YJD,YJD,YJD,YJD,YJD,False,/home/ubuntu/sunlong/gcms_consistency_old/new_prepared_data/tensors/20260306/YJD/2798_B29_0274_125100813.npz
B29_0275_125101403,/home/ubuntu/sunlong/gcms_consistency_old/dataset/20260306/275#YJDACS125101403.D,275#YJDACS125101403.D,29,20260306,275.0,YJD,红塔山（硬经典）,A,125101403,ACS125101403,YJD,YJD,YJD,YJD,YJD,False,/home/ubuntu/sunlong/gcms_consistency_old/new_prepared_data/tensors/20260306/YJD/2799_B29_0275_125101403.npz
B29_0276_125120322,/home/ubuntu/sunlong/gcms_consistency_old/dataset/20260306/276#YJDACS125120322.D,276#YJDACS125120322.D,29,20260306,276.0,YJD,红塔山（硬经典）,A,125120322,ACS125120322,YJD,YJD,YJD,YJD,YJD,False,/home/ubuntu/sunlong/gcms_consistency_old/new_prepared_data/tensors/20260306/YJD/2800_B29_0276_125120322.npz
B29_0277_125101529,/home/ubuntu/sunlong/gcms_consistency_old/dataset/20260306/277#YJDACS125101529.D,277#YJDACS125101529.D,29,20260306,277.0,YJD,红塔山（硬经典）,A,125101529,ACS125101529,YJD,YJD,YJD,YJD,YJD,False,/home/ubuntu/sunlong/gcms_consistency_old/new_prepared_data/tensors/20260306/YJD/2801_B29_0277_125101529.npz
B29_0278_125101506,/home/ubuntu/sunlong/gcms_consistency_old/dataset/20260306/278#YJDACS125101506.D,278#YJDACS125101506.D,29,20260306,278.0,YJD,红塔山（硬经典）,A,125101506,ACS125101506,YJD,YJD,YJD,YJD,YJD,False,/home/ubuntu/sunlong/gcms_consistency_old/new_prepared_data/tensors/20260306/YJD/2802_B29_0278_125101506.npz
B29_0279_125102103,/home/ubuntu/sunlong/gcms_consistency_old/dataset/20260306/279#YJDACS125102103.D,279#YJDACS125102103.D,29,20260306,279.0,YJD,红塔山（硬经典）,A,125102103,ACS125102103,YJD,YJD,YJD,YJD,YJD,False,/home/ubuntu/sunlong/gcms_consistency_old/new_prepared_data/tensors/20260306/YJD/2803_B29_0279_125102103.npz
B29_0280_125102404,/home/ubuntu/sunlong/gcms_consistency_old/dataset/20260306/280#YJDACS125102404.D,280#YJDACS125102404.D,29,20260306,280.0,YJD,红塔山（硬经典）,A,125102404,ACS125102404,YJD,YJD,YJD,YJD,YJD,False,/home/ubuntu/sunlong/gcms_consistency_old/new_prepared_data/tensors/20260306/YJD/2804_B29_0280_125102404.npz
B29_0281_125102405,/home/ubuntu/sunlong/gcms_consistency_old/dataset/20260306/281#YJDACS125102405.D,281#YJDACS125102405.D,29,20260306,281.0,YJD,红塔山（硬经典）,A,125102405,ACS125102405,YJD,YJD,YJD,YJD,YJD,False,/home/ubuntu/sunlong/gcms_consistency_old/new_prepared_data/tensors/20260306/YJD/2805_B29_0281_125102405.npz
B29_0282_125101512,/home/ubuntu/sunlong/gcms_consistency_old/dataset/20260306/282#YJDACS125101512.D,282#YJDACS125101512.D,29,20260306,282.0,YJD,红塔山（硬经典）,A,125101512,ACS125101512,YJD,YJD,YJD,YJD,YJD,False,/home/ubuntu/sunlong/gcms_consistency_old/new_prepared_data/tensors/20260306/YJD/2806_B29_0282_125101512.npz
B29_0283_125102018,/home/ubuntu/sunlong/gcms_consistency_old/dataset/20260306/283#YJDACS125102018.D,283#YJDACS125102018.D,29,20260306,283.0,YJD,红塔山（硬经典）,A,125102018,ACS125102018,YJD,YJD,YJD,YJD,YJD,False,/home/ubuntu/sunlong/gcms_consistency_old/new_prepared_data/tensors/20260306/YJD/2807_B29_0283_125102018.npz
B29_0284_125101114,/home/ubuntu/sunlong/gcms_consistency_old/dataset/20260306/284#YJDACS125101114.D,284#YJDACS125101114.D,29,20260306,284.0,YJD,红塔山（硬经典）,A,125101114,ACS125101114,YJD,YJD,YJD,YJD,YJD,False,/home/ubuntu/sunlong/gcms_consistency_old/new_prepared_data/tensors/20260306/YJD/2808_B29_0284_125101114.npz
B29_0285_125102004,/home/ubuntu/sunlong/gcms_consistency_old/dataset/20260306/285#YJDACS125102004.D,285#YJDACS125102004.D,29,20260306,285.0,YJD,红塔山（硬经典）,A,125102004,ACS125102004,YJD,YJD,YJD,YJD,YJD,False,/home/ubuntu/sunlong/gcms_consistency_old/new_prepared_data/tensors/20260306/YJD/2809_B29_0285_125102004.npz
B29_0286_125102001,/home/ubuntu/sunlong/gcms_consistency_old/dataset/20260306/286#YJDACS125102001.D,286#YJDACS125102001.D,29,20260306,286.0,YJD,红塔山（硬经典）,A,125102001,ACS125102001,YJD,YJD,YJD,YJD,YJD,False,/home/ubuntu/sunlong/gcms_consistency_old/new_prepared_data/tensors/20260306/YJD/2810_B29_0286_125102001.npz
B29_0287_125102202,/home/ubuntu/sunlong/gcms_consistency_old/dataset/20260306/287#YJDACS125102202.D,287#YJDACS125102202.D,29,20260306,287.0,YJD,红塔山（硬经典）,A,125102202,ACS125102202,YJD,YJD,YJD,YJD,YJD,False,/home/ubuntu/sunlong/gcms_consistency_old/new_prepared_data/tensors/20260306/YJD/2811_B29_0287_125102202.npz
B29_0288_125102115,/home/ubuntu/sunlong/gcms_consistency_old/dataset/20260306/288#YJDACS125102115.D,288#YJDACS125102115.D,29,20260306,288.0,YJD,红塔山（硬经典）,A,125102115,ACS125102115,YJD,YJD,YJD,YJD,YJD,False,/home/ubuntu/sunlong/gcms_consistency_old/new_prepared_data/tensors/20260306/YJD/2812_B29_0288_125102115.npz
B29_0289_125102109,/home/ubuntu/sunlong/gcms_consistency_old/dataset/20260306/289#YJDACS125102109.D,289#YJDACS125102109.D,29,20260306,289.0,YJD,红塔山（硬经典）,A,125102109,ACS125102109,YJD,YJD,YJD,YJD,YJD,False,/home/ubuntu/sunlong/gcms_consistency_old/new_prepared_data/tensors/20260306/YJD/2813_B29_0289_125102109.npz
B29_0290_125101717,/home/ubuntu/sunlong/gcms_consistency_old/dataset/20260306/290#YJDACS125101717.D,290#YJDACS125101717.D,29,20260306,290.0,YJD,红塔山（硬经典）,A,125101717,ACS125101717,YJD,YJD,YJD,YJD,YJD,False,/home/ubuntu/sunlong/gcms_consistency_old/new_prepared_data/tensors/20260306/YJD/2814_B29_0290_125101717.npz
B29_0291_125102112,/home/ubuntu/sunlong/gcms_consistency_old/dataset/20260306/291#YJDACS125102112.D,291#YJDACS125102112.D,29,20260306,291.0,YJD,红塔山（硬经典）,A,125102112,ACS125102112,YJD,YJD,YJD,YJD,YJD,False,/home/ubuntu/sunlong/gcms_consistency_old/new_prepared_data/tensors/20260306/YJD/2815_B29_0291_125102112.npz
B29_0292_125101301,/home/ubuntu/sunlong/gcms_consistency_old/dataset/20260306/292#YJDACS125101301.D,292#YJDACS125101301.D,29,20260306,292.0,YJD,红塔山（硬经典）,A,125101301,ACS125101301,YJD,YJD,YJD,YJD,YJD,False,/home/ubuntu/sunlong/gcms_consistency_old/new_prepared_data/tensors/20260306/YJD/2816_B29_0292_125101301.npz
B29_0293_125101606,/home/ubuntu/sunlong/gcms_consistency_old/dataset/20260306/293#YJDACS125101606.D,293#YJDACS125101606.D,29,20260306,293.0,YJD,红塔山（硬经典）,A,125101606,ACS125101606,YJD,YJD,YJD,YJD,YJD,False,/home/ubuntu/sunlong/gcms_consistency_old/new_prepared_data/tensors/20260306/YJD/2817_B29_0293_125101606.npz
B29_0294_125101409,/home/ubuntu/sunlong/gcms_consistency_old/dataset/20260306/294#YJDACS125101409.D,294#YJDACS125101409.D,29,20260306,294.0,YJD,红塔山（硬经典）,A,125101409,ACS125101409,YJD,YJD,YJD,YJD,YJD,False,/home/ubuntu/sunlong/gcms_consistency_old/new_prepared_data/tensors/20260306/YJD/2818_B29_0294_125101409.npz
B29_0295_125102309,/home/ubuntu/sunlong/gcms_consistency_old/dataset/20260306/295#YJDACS125102309.D,295#YJDACS125102309.D,29,20260306,295.0,YJD,红塔山（硬经典）,A,125102309,ACS125102309,YJD,YJD,YJD,YJD,YJD,False,/home/ubuntu/sunlong/gcms_consistency_old/new_prepared_data/tensors/20260306/YJD/2819_B29_0295_125102309.npz
B29_0296_125102301,/home/ubuntu/sunlong/gcms_consistency_old/dataset/20260306/296#YJDACS125102301.D,296#YJDACS125102301.D,29,20260306,296.0,YJD,红塔山（硬经典）,A,125102301,ACS125102301,YJD,YJD,YJD,YJD,YJD,False,/home/ubuntu/sunlong/gcms_consistency_old/new_prepared_data/tensors/20260306/YJD/2820_B29_0296_125102301.npz
B29_0309_125100918,/home/ubuntu/sunlong/gcms_consistency_old/dataset/20260306/309#RJDACS125100918.D,309#RJDACS125100918.D,29,20260306,309.0,RJD,红塔山（软经典）,A,125100918,ACS125100918,RJD,RJD,RJD,RJD,RJD,False,/home/ubuntu/sunlong/gcms_consistency_old/new_prepared_data/tensors/20260306/RJD/2821_B29_0309_125100918.npz
B29_0310_125100901,/home/ubuntu/sunlong/gcms_consistency_old/dataset/20260306/310#RJDACS125100901.D,310#RJDACS125100901.D,29,20260306,310.0,RJD,红塔山（软经典）,A,125100901,ACS125100901,RJD,RJD,RJD,RJD,RJD,False,/home/ubuntu/sunlong/gcms_consistency_old/new_prepared_data/tensors/20260306/RJD/2822_B29_0310_125100901.npz
B29_0311_125100904,/home/ubuntu/sunlong/gcms_consistency_old/dataset/20260306/311#RJDACS125100904.D,311#RJDACS125100904.D,29,20260306,311.0,RJD,红塔山（软经典）,A,125100904,ACS125100904,RJD,RJD,RJD,RJD,RJD,False,/home/ubuntu/sunlong/gcms_consistency_old/new_prepared_data/tensors/20260306/RJD/2823_B29_0311_125100904.npz
B29_0312_125101003,/home/ubuntu/sunlong/gcms_consistency_old/dataset/20260306/312#RJDACS125101003.D,312#RJDACS125101003.D,29,20260306,312.0,RJD,红塔山（软经典）,A,125101003,ACS125101003,RJD,RJD,RJD,RJD,RJD,False,/home/ubuntu/sunlong/gcms_consistency_old/new_prepared_data/tensors/20260306/RJD/2824_B29_0312_125101003.npz
B29_0313_125101010,/home/ubuntu/sunlong/gcms_consistency_old/dataset/20260306/313#RJDACS125101010.D,313#RJDACS125101010.D,29,20260306,313.0,RJD,红塔山（软经典）,A,125101010,ACS125101010,RJD,RJD,RJD,RJD,RJD,False,/home/ubuntu/sunlong/gcms_consistency_old/new_prepared_data/tensors/20260306/RJD/2825_B29_0313_125101010.npz
B29_0314_125100703,/home/ubuntu/sunlong/gcms_consistency_old/dataset/20260306/314#RJDACS125100703.D,314#RJDACS125100703.D,29,20260306,314.0,RJD,红塔山（软经典）,A,125100703,ACS125100703,RJD,RJD,RJD,RJD,RJD,False,/home/ubuntu/sunlong/gcms_consistency_old/new_prepared_data/tensors/20260306/RJD/2826_B29_0314_125100703.npz
B29_0315_125100803,/home/ubuntu/sunlong/gcms_consistency_old/dataset/20260306/315#RJDACS125100803.D,315#RJDACS125100803.D,29,20260306,315.0,RJD,红塔山（软经典）,A,125100803,ACS125100803,RJD,RJD,RJD,RJD,RJD,False,/home/ubuntu/sunlong/gcms_consistency_old/new_prepared_data/tensors/20260306/RJD/2827_B29_0315_125100803.npz
B29_0316_125101108,/home/ubuntu/sunlong/gcms_consistency_old/dataset/20260306/316#RJDACS125101108.D,316#RJDACS125101108.D,29,20260306,316.0,RJD,红塔山（软经典）,A,125101108,ACS125101108,RJD,RJD,RJD,RJD,RJD,False,/home/ubuntu/sunlong/gcms_consistency_old/new_prepared_data/tensors/20260306/RJD/2828_B29_0316_125101108.npz
B30_0317_125100818,/home/ubuntu/sunlong/gcms_consistency_old/dataset/20260313/317#RJDACS125100818.D,317#RJDACS125100818.D,30,20260313,317.0,RJD,红塔山（软经典）,A,125100818,ACS125100818,RJD,RJD,RJD,RJD,RJD,False,/home/ubuntu/sunlong/gcms_consistency_old/new_prepared_data/tensors/20260313/RJD/2829_B30_0317_125100818.npz
B30_0318_125101417,/home/ubuntu/sunlong/gcms_consistency_old/dataset/20260313/318#RJDACS125101417.D,318#RJDACS125101417.D,30,20260313,318.0,RJD,红塔山（软经典）,A,125101417,ACS125101417,RJD,RJD,RJD,RJD,RJD,False,/home/ubuntu/sunlong/gcms_consistency_old/new_prepared_data/tensors/20260313/RJD/2830_B30_0318_125101417.npz
B30_0319_125101001,/home/ubuntu/sunlong/gcms_consistency_old/dataset/20260313/319#RJDACS125101001.D,319#RJDACS125101001.D,30,20260313,319.0,RJD,红塔山（软经典）,A,125101001,ACS125101001,RJD,RJD,RJD,RJD,RJD,False,/home/ubuntu/sunlong/gcms_consistency_old/new_prepared_data/tensors/20260313/RJD/2831_B30_0319_125101001.npz
B30_0320_425101001,/home/ubuntu/sunlong/gcms_consistency_old/dataset/20260313/320#RJDACS425101001.D,320#RJDACS425101001.D,30,20260313,320.0,RJD,红塔山（软经典）,A,425101001,ACS425101001,RJD,RJD,RJD,RJD,RJD,False,/home/ubuntu/sunlong/gcms_consistency_old/new_prepared_data/tensors/20260313/RJD/2832_B30_0320_425101001.npz
B30_0321_125101503,/home/ubuntu/sunlong/gcms_consistency_old/dataset/20260313/321#RJDACS125101503.D,321#RJDACS125101503.D,30,20260313,321.0,RJD,红塔山（软经典）,A,125101503,ACS125101503,RJD,RJD,RJD,RJD,RJD,False,/home/ubuntu/sunlong/gcms_consistency_old/new_prepared_data/tensors/20260313/RJD/2833_B30_0321_125101503.npz
B30_0322_125101105,/home/ubuntu/sunlong/gcms_consistency_old/dataset/20260313/322#RJDACS125101105.D,322#RJDACS125101105.D,30,20260313,322.0,RJD,红塔山（软经典）,A,125101105,ACS125101105,RJD,RJD,RJD,RJD,RJD,False,/home/ubuntu/sunlong/gcms_consistency_old/new_prepared_data/tensors/20260313/RJD/2834_B30_0322_125101105.npz
B30_0323_125101111,/home/ubuntu/sunlong/gcms_consistency_old/dataset/20260313/323#RJDACS125101111.D,323#RJDACS125101111.D,30,20260313,323.0,RJD,红塔山（软经典）,A,125101111,ACS125101111,RJD,RJD,RJD,RJD,RJD,False,/home/ubuntu/sunlong/gcms_consistency_old/new_prepared_data/tensors/20260313/RJD/2835_B30_0323_125101111.npz
B30_0324_125121701,/home/ubuntu/sunlong/gcms_consistency_old/dataset/20260313/324#XCJACS125121701.D,324#XCJACS125121701.D,30,20260313,324.0,XCJ,云烟（中支小重九）,A,125121701,ACS125121701,XCJ,XCJ,XCJ,XCJ,XCJ,False,/home/ubuntu/sunlong/gcms_consistency_old/new_prepared_data/tensors/20260313/XCJ/2836_B30_0324_125121701.npz
B30_0325_125110714,/home/ubuntu/sunlong/gcms_consistency_old/dataset/20260313/325#RJDACS125110714.D,325#RJDACS125110714.D,30,20260313,325.0,RJD,红塔山（软经典）,A,125110714,ACS125110714,RJD,RJD,RJD,RJD,RJD,False,/home/ubuntu/sunlong/gcms_consistency_old/new_prepared_data/tensors/20260313/RJD/2837_B30_0325_125110714.npz
B30_0326_125110716,/home/ubuntu/sunlong/gcms_consistency_old/dataset/20260313/326#RJDACS125110716.D,326#RJDACS125110716.D,30,20260313,326.0,RJD,红塔山（软经典）,A,125110716,ACS125110716,RJD,RJD,RJD,RJD,RJD,False,/home/ubuntu/sunlong/gcms_consistency_old/new_prepared_data/tensors/20260313/RJD/2838_B30_0326_125110716.npz
B30_0327_125111809,/home/ubuntu/sunlong/gcms_consistency_old/dataset/20260313/327#RJDACS125111809.D,327#RJDACS125111809.D,30,20260313,327.0,RJD,红塔山（软经典）,A,125111809,ACS125111809,RJD,RJD,RJD,RJD,RJD,False,/home/ubuntu/sunlong/gcms_consistency_old/new_prepared_data/tensors/20260313/RJD/2839_B30_0327_125111809.npz
B30_0328_125101710,/home/ubuntu/sunlong/gcms_consistency_old/dataset/20260313/328#RJDACS125101710.D,328#RJDACS125101710.D,30,20260313,328.0,RJD,红塔山（软经典）,A,125101710,ACS125101710,RJD,RJD,RJD,RJD,RJD,False,/home/ubuntu/sunlong/gcms_consistency_old/new_prepared_data/tensors/20260313/RJD/2840_B30_0328_125101710.npz
B30_0329_125101615,/home/ubuntu/sunlong/gcms_consistency_old/dataset/20260313/329#RJDACS125101615.D,329#RJDACS125101615.D,30,20260313,329.0,RJD,红塔山（软经典）,A,125101615,ACS125101615,RJD,RJD,RJD,RJD,RJD,False,/home/ubuntu/sunlong/gcms_consistency_old/new_prepared_data/tensors/20260313/RJD/2841_B30_0329_125101615.npz
B30_0330_125101603,/home/ubuntu/sunlong/gcms_consistency_old/dataset/20260313/330#RJDACS125101603.D,330#RJDACS125101603.D,30,20260313,330.0,RJD,红塔山（软经典）,A,125101603,ACS125101603,RJD,RJD,RJD,RJD,RJD,False,/home/ubuntu/sunlong/gcms_consistency_old/new_prepared_data/tensors/20260313/RJD/2842_B30_0330_125101603.npz
B30_0331_425103101,/home/ubuntu/sunlong/gcms_consistency_old/dataset/20260313/331#RJDACS425103101.D,331#RJDACS425103101.D,30,20260313,331.0,RJD,红塔山（软经典）,A,425103101,ACS425103101,RJD,RJD,RJD,RJD,RJD,False,/home/ubuntu/sunlong/gcms_consistency_old/new_prepared_data/tensors/20260313/RJD/2843_B30_0331_425103101.npz
B30_0332_425103102,/home/ubuntu/sunlong/gcms_consistency_old/dataset/20260313/332#RJDACS425103102.D,332#RJDACS425103102.D,30,20260313,332.0,RJD,红塔山（软经典）,A,425103102,ACS425103102,RJD,RJD,RJD,RJD,RJD,False,/home/ubuntu/sunlong/gcms_consistency_old/new_prepared_data/tensors/20260313/RJD/2844_B30_0332_425103102.npz
B30_0333_125101707,/home/ubuntu/sunlong/gcms_consistency_old/dataset/20260313/333#RJDACS125101707.D,333#RJDACS125101707.D,30,20260313,333.0,RJD,红塔山（软经典）,A,125101707,ACS125101707,RJD,RJD,RJD,RJD,RJD,False,/home/ubuntu/sunlong/gcms_consistency_old/new_prepared_data/tensors/20260313/RJD/2845_B30_0333_125101707.npz
B30_0334_125102205,/home/ubuntu/sunlong/gcms_consistency_old/dataset/20260313/334#RJDACS125102205.D,334#RJDACS125102205.D,30,20260313,334.0,RJD,红塔山（软经典）,A,125102205,ACS125102205,RJD,RJD,RJD,RJD,RJD,False,/home/ubuntu/sunlong/gcms_consistency_old/new_prepared_data/tensors/20260313/RJD/2846_B30_0334_125102205.npz
B30_0335_125101707,/home/ubuntu/sunlong/gcms_consistency_old/dataset/20260313/335#RJDACS125101707.D,335#RJDACS125101707.D,30,20260313,335.0,RJD,红塔山（软经典）,A,125101707,ACS125101707,RJD,RJD,RJD,RJD,RJD,False,/home/ubuntu/sunlong/gcms_consistency_old/new_prepared_data/tensors/20260313/RJD/2847_B30_0335_125101707.npz
B30_0336_125102303,/home/ubuntu/sunlong/gcms_consistency_old/dataset/20260313/336#RJDACS125102303.D,336#RJDACS125102303.D,30,20260313,336.0,RJD,红塔山（软经典）,A,125102303,ACS125102303,RJD,RJD,RJD,RJD,RJD,False,/home/ubuntu/sunlong/gcms_consistency_old/new_prepared_data/tensors/20260313/RJD/2848_B30_0336_125102303.npz
B30_0337_125101616,/home/ubuntu/sunlong/gcms_consistency_old/dataset/20260313/337#RJDACS125101616.D,337#RJDACS125101616.D,30,20260313,337.0,RJD,红塔山（软经典）,A,125101616,ACS125101616,RJD,RJD,RJD,RJD,RJD,False,/home/ubuntu/sunlong/gcms_consistency_old/new_prepared_data/tensors/20260313/RJD/2849_B30_0337_125101616.npz
B30_0338_125112514,/home/ubuntu/sunlong/gcms_consistency_old/dataset/20260313/338#HRYBCS125112514.D,338#HRYBCS125112514.D,30,20260313,338.0,HRY,云烟（软如意）,B,125112514,BCS125112514,HRY,HRY,HRY,HRY,HRY,False,/home/ubuntu/sunlong/gcms_consistency_old/new_prepared_data/tensors/20260313/HRY/2850_B30_0338_125112514.npz
B30_0339_125112616,/home/ubuntu/sunlong/gcms_consistency_old/dataset/20260313/339#HRYBCS125112616.D,339#HRYBCS125112616.D,30,20260313,339.0,HRY,云烟（软如意）,B,125112616,BCS125112616,HRY,HRY,HRY,HRY,HRY,False,/home/ubuntu/sunlong/gcms_consistency_old/new_prepared_data/tensors/20260313/HRY/2851_B30_0339_125112616.npz
B30_0340_125112614,/home/ubuntu/sunlong/gcms_consistency_old/dataset/20260313/340#HRYBCS125112614.D,340#HRYBCS125112614.D,30,20260313,340.0,HRY,云烟（软如意）,B,125112614,BCS125112614,HRY,HRY,HRY,HRY,HRY,False,/home/ubuntu/sunlong/gcms_consistency_old/new_prepared_data/tensors/20260313/HRY/2852_B30_0340_125112614.npz
B30_0341_125112618,/home/ubuntu/sunlong/gcms_consistency_old/dataset/20260313/341#HRYBCS125112618.D,341#HRYBCS125112618.D,30,20260313,341.0,HRY,云烟（软如意）,B,125112618,BCS125112618,HRY,HRY,HRY,HRY,HRY,False,/home/ubuntu/sunlong/gcms_consistency_old/new_prepared_data/tensors/20260313/HRY/2853_B30_0341_125112618.npz
B30_0342_125111817,/home/ubuntu/sunlong/gcms_consistency_old/dataset/20260313/342#HRYBCS125111817.D,342#HRYBCS125111817.D,30,20260313,342.0,HRY,云烟（软如意）,B,125111817,BCS125111817,HRY,HRY,HRY,HRY,HRY,False,/home/ubuntu/sunlong/gcms_consistency_old/new_prepared_data/tensors/20260313/HRY/2854_B30_0342_125111817.npz
B30_0343_425103105,/home/ubuntu/sunlong/gcms_consistency_old/dataset/20260313/343#HRYBCS425103105.D,343#HRYBCS425103105.D,30,20260313,343.0,HRY,云烟（软如意）,B,425103105,BCS425103105,HRY,HRY,HRY,HRY,HRY,False,/home/ubuntu/sunlong/gcms_consistency_old/new_prepared_data/tensors/20260313/HRY/2855_B30_0343_425103105.npz
B30_0344_125103014,/home/ubuntu/sunlong/gcms_consistency_old/dataset/20260313/344#HRYBCS125103014.D,344#HRYBCS125103014.D,30,20260313,344.0,HRY,云烟（软如意）,B,125103014,BCS125103014,HRY,HRY,HRY,HRY,HRY,False,/home/ubuntu/sunlong/gcms_consistency_old/new_prepared_data/tensors/20260313/HRY/2856_B30_0344_125103014.npz
B30_0345_125112502,/home/ubuntu/sunlong/gcms_consistency_old/dataset/20260313/345#HRYBCS125112502.D,345#HRYBCS125112502.D,30,20260313,345.0,HRY,云烟（软如意）,B,125112502,BCS125112502,HRY,HRY,HRY,HRY,HRY,False,/home/ubuntu/sunlong/gcms_consistency_old/new_prepared_data/tensors/20260313/HRY/2857_B30_0345_125112502.npz
B30_0346_425103104,/home/ubuntu/sunlong/gcms_consistency_old/dataset/20260313/346#HRYBCS425103104.D,346#HRYBCS425103104.D,30,20260313,346.0,HRY,云烟（软如意）,B,425103104,BCS425103104,HRY,HRY,HRY,HRY,HRY,False,/home/ubuntu/sunlong/gcms_consistency_old/new_prepared_data/tensors/20260313/HRY/2858_B30_0346_425103104.npz
B30_0347_125111017,/home/ubuntu/sunlong/gcms_consistency_old/dataset/20260313/347#HRYBCS125111017.D,347#HRYBCS125111017.D,30,20260313,347.0,HRY,云烟（软如意）,B,125111017,BCS125111017,HRY,HRY,HRY,HRY,HRY,False,/home/ubuntu/sunlong/gcms_consistency_old/new_prepared_data/tensors/20260313/HRY/2859_B30_0347_125111017.npz
B30_0348_425102201,/home/ubuntu/sunlong/gcms_consistency_old/dataset/20260313/348#HRYBCS425102201.D,348#HRYBCS425102201.D,30,20260313,348.0,HRY,云烟（软如意）,B,425102201,BCS425102201,HRY,HRY,HRY,HRY,HRY,False,/home/ubuntu/sunlong/gcms_consistency_old/new_prepared_data/tensors/20260313/HRY/2860_B30_0348_425102201.npz
B30_0349_125101415,/home/ubuntu/sunlong/gcms_consistency_old/dataset/20260313/349#HRYBCS125101415.D,349#HRYBCS125101415.D,30,20260313,349.0,HRY,云烟（软如意）,B,125101415,BCS125101415,HRY,HRY,HRY,HRY,HRY,False,/home/ubuntu/sunlong/gcms_consistency_old/new_prepared_data/tensors/20260313/HRY/2861_B30_0349_125101415.npz
B30_0350_125103101,/home/ubuntu/sunlong/gcms_consistency_old/dataset/20260313/350#HRYBCS125103101.D,350#HRYBCS125103101.D,30,20260313,350.0,HRY,云烟（软如意）,B,125103101,BCS125103101,HRY,HRY,HRY,HRY,HRY,False,/home/ubuntu/sunlong/gcms_consistency_old/new_prepared_data/tensors/20260313/HRY/2862_B30_0350_125103101.npz
B30_0351_125101618,/home/ubuntu/sunlong/gcms_consistency_old/dataset/20260313/351#HRYBCS125101618.D,351#HRYBCS125101618.D,30,20260313,351.0,HRY,云烟（软如意）,B,125101618,BCS125101618,HRY,HRY,HRY,HRY,HRY,False,/home/ubuntu/sunlong/gcms_consistency_old/new_prepared_data/tensors/20260313/HRY/2863_B30_0351_125101618.npz
B30_0352_125101308,/home/ubuntu/sunlong/gcms_consistency_old/dataset/20260313/352#HRYBCS125101308.D,352#HRYBCS125101308.D,30,20260313,352.0,HRY,云烟（软如意）,B,125101308,BCS125101308,HRY,HRY,HRY,HRY,HRY,False,/home/ubuntu/sunlong/gcms_consistency_old/new_prepared_data/tensors/20260313/HRY/2864_B30_0352_125101308.npz
B30_0353_126020205,/home/ubuntu/sunlong/gcms_consistency_old/dataset/20260313/353#HRYBCS126020205.D,353#HRYBCS126020205.D,30,20260313,353.0,HRY,云烟（软如意）,B,126020205,BCS126020205,HRY,HRY,HRY,HRY,HRY,False,/home/ubuntu/sunlong/gcms_consistency_old/new_prepared_data/tensors/20260313/HRY/2865_B30_0353_126020205.npz
B30_0354_426020202,/home/ubuntu/sunlong/gcms_consistency_old/dataset/20260313/354#HRYBCS426020202.D,354#HRYBCS426020202.D,30,20260313,354.0,HRY,云烟（软如意）,B,426020202,BCS426020202,HRY,HRY,HRY,HRY,HRY,False,/home/ubuntu/sunlong/gcms_consistency_old/new_prepared_data/tensors/20260313/HRY/2866_B30_0354_426020202.npz
B30_0355_126012309,/home/ubuntu/sunlong/gcms_consistency_old/dataset/20260313/355#HRYBCS126012309.D,355#HRYBCS126012309.D,30,20260313,355.0,HRY,云烟（软如意）,B,126012309,BCS126012309,HRY,HRY,HRY,HRY,HRY,False,/home/ubuntu/sunlong/gcms_consistency_old/new_prepared_data/tensors/20260313/HRY/2867_B30_0355_126012309.npz
