split,batch_name,product,sample_id,d_RJD,d_YJD,d_H88,d_H99,pair,pair_pred,pair_margin,pair_correct
train,20240304,H88,B00_0012_124030101,1.5813603401184082,1.5136134624481201,0.08836878836154938,1.197174072265625,H88/H99,H88,1.1088052839040756,True
train,20240304,H88,B00_0013_124030104,1.5740649700164795,1.5171982049942017,0.09100912511348724,1.1881688833236694,H88/H99,H88,1.0971597582101822,True
train,20240304,H88,B00_0014_124030112,1.581913709640503,1.5476447343826294,0.13589315116405487,1.208397626876831,H88/H99,H88,1.0725044757127762,True
train,20240304,H88,B00_0015_124030115,1.5749832391738892,1.5304726362228394,0.11139609664678574,1.1691980361938477,H88/H99,H88,1.057801939547062,True
train,20240304,H88,B00_0029_124030401,1.5697453022003174,1.509009599685669,0.10565762221813202,1.1510790586471558,H88/H99,H88,1.0454214364290237,True
train,20240304,H88,B00_0030_124030404,1.5825016498565674,1.507461428642273,0.1940154731273651,1.0541852712631226,H88/H99,H88,0.8601697981357574,True
train,20240304,H88,B00_0031_124030412,1.5666203498840332,1.525997519493103,0.11493916809558868,1.2306081056594849,H88/H99,H88,1.1156689375638962,True
train,20240304,H88,B00_0032_124030415,1.5730233192443848,1.5063285827636719,0.08683035522699356,1.1612287759780884,H88/H99,H88,1.0743984207510948,True
train,20240304,H99,B00_0033_124030403,1.6557598114013672,1.530665397644043,1.0658975839614868,0.18221069872379303,H88/H99,H99,-0.8836868852376938,True
train,20240304,H88,B00_0058_124030503,1.5803020000457764,1.5269005298614502,0.09128574281930923,1.2057170867919922,H88/H99,H88,1.114431343972683,True
train,20240304,H88,B00_0059_124030511,1.5706532001495361,1.5142267942428589,0.128293976187706,1.1167945861816406,H88/H99,H88,0.9885006099939346,True
train,20240304,H99,B00_0060_124030502,1.6810705661773682,1.5712369680404663,1.183915138244629,0.11097205430269241,H88/H99,H99,-1.0729430839419365,True
train,20240304,H99,B00_0061_124030505,1.6717479228973389,1.550513744354248,1.2332829236984253,0.11374542862176895,H88/H99,H99,-1.1195374950766563,True
train,20240308,H88,B01_0103_124030601,1.570430040359497,1.5190541744232178,0.07565365731716156,1.1750705242156982,H88/H99,H88,1.0994168668985367,True
train,20240308,H88,B01_0104_124030604,1.5856391191482544,1.5385676622390747,0.18710316717624664,1.0630450248718262,H88/H99,H88,0.8759418576955795,True
train,20240308,H99,B01_0105_124030606,1.6719598770141602,1.5522956848144531,1.0537793636322021,0.18424709141254425,H88/H99,H99,-0.8695322722196579,True
train,20240308,H99,B01_0106_124030606,1.7103649377822876,1.5795996189117432,1.0912801027297974,0.16930267214775085,H88/H99,H99,-0.9219774305820465,True
train,20240308,H88,B01_0132_124030701,1.5846049785614014,1.5421677827835083,0.11700323224067688,1.2126202583312988,H88/H99,H88,1.095617026090622,True
train,20240308,H88,B01_0133_124030703,1.5726091861724854,1.525536298751831,0.09587237983942032,1.1529698371887207,H88/H99,H88,1.0570974573493004,True
train,20240308,H88,B01_0134_124030710,1.5714354515075684,1.5321751832962036,0.09616878628730774,1.213951587677002,H88/H99,H88,1.1177828013896942,True
train,20240308,H88,B01_0135_124030712,1.5823990106582642,1.5234555006027222,0.12053675204515457,1.1250121593475342,H88/H99,H88,1.0044754073023796,True
train,20240308,H88,B01_0136_124030714,1.5795783996582031,1.5319823026657104,0.08465028554201126,1.1759862899780273,H88/H99,H88,1.091336004436016,True
train,20240308,H99,B01_0137_124030705,1.6904871463775635,1.553514838218689,1.1814314126968384,0.100424624979496,H88/H99,H99,-1.0810067877173424,True
train,20240308,H99,B01_0138_124030707,1.689108967781067,1.5767064094543457,1.0580655336380005,0.178871288895607,H88/H99,H99,-0.8791942447423935,True
train,20240308,H88,B01_0171_124030801,1.5742424726486206,1.5325076580047607,0.0949430838227272,1.1901965141296387,H88/H99,H88,1.0952534303069115,True
train,20240308,H88,B01_0172_124030804,1.593040108680725,1.535583257675171,0.16060705482959747,1.0864310264587402,H88/H99,H88,0.9258239716291428,True
train,20240308,H88,B01_0173_124030801,1.589557409286499,1.5412487983703613,0.10499069094657898,1.2113289833068848,H88/H99,H88,1.1063382923603058,True
train,20240312,H88,B02_0171_124030801,1.5819625854492188,1.531387209892273,0.08788418024778366,1.183009147644043,H88/H99,H88,1.0951249673962593,True
train,20240312,H88,B02_0174_124030809,1.5867410898208618,1.5251150131225586,0.08675859123468399,1.167819619178772,H88/H99,H88,1.081061027944088,True
train,20240312,H88,B02_0175_124030813,1.586918592453003,1.5363050699234009,0.14606711268424988,1.095584750175476,H88/H99,H88,0.9495176374912262,True
train,20240312,H99,B02_0176_124030816,1.6292794942855835,1.5112056732177734,0.7329339981079102,0.5554372668266296,H88/H99,H99,-0.17749673128128052,True
train,20240312,H88,B02_0218_124031101,1.5614806413650513,1.5174448490142822,0.1083373874425888,1.189095377922058,H88/H99,H88,1.0807579904794693,True
train,20240312,H88,B02_0219_124031104,1.5973618030548096,1.5044804811477661,0.2286040335893631,1.0189210176467896,H88/H99,H88,0.7903169840574265,True
train,20240312,H88,B02_0219_124031104,1.5928499698638916,1.5292586088180542,0.13173960149288177,1.1057724952697754,H88/H99,H88,0.9740328937768936,True
train,20240312,H88,B02_0220_124031113,1.5729854106903076,1.523969292640686,0.08249279856681824,1.1875505447387695,H88/H99,H88,1.1050577461719513,True
train,20240312,H99,B02_0221_124031103,1.679903268814087,1.528236746788025,1.2357983589172363,0.13012993335723877,H88/H99,H99,-1.1056684255599976,True
train,20240312,H99,B02_0222_124031106,1.6968631744384766,1.5808701515197754,1.1292392015457153,0.1096748635172844,H88/H99,H99,-1.019564338028431,True
train,20240312,H88,B02_0243_124031203,1.5732529163360596,1.4959352016448975,0.2159487009048462,1.0395082235336304,H88/H99,H88,0.8235595226287842,True
train,20240312,H88,B02_0244_124031209,1.5981298685073853,1.54535710811615,0.20121987164020538,1.045615315437317,H88/H99,H88,0.8443954437971115,True
train,20240312,H99,B02_0245_124031205,1.706162691116333,1.5600124597549438,1.1045397520065308,0.15705625712871552,H88/H99,H99,-0.9474834948778152,True
train,20240312,H99,B02_0246_124031202,1.707828164100647,1.5756118297576904,1.1937718391418457,0.12935444712638855,H88/H99,H99,-1.0644173920154572,True
train,20240312,H99,B02_0247_124031207,1.699892282485962,1.5623465776443481,1.1433360576629639,0.11839637160301208,H88/H99,H99,-1.0249396860599518,True
train,20240312,H88,B02_0259_124031301,1.6033859252929688,1.5566966533660889,0.1191941425204277,1.1660692691802979,H88/H99,H88,1.0468751266598701,True
train,20240312,H88,B02_0260_524031301,1.5883686542510986,1.508468747138977,0.18198877573013306,1.059233546257019,H88/H99,H88,0.877244770526886,True
train,20240312,H88,B02_0261_524031303,1.5765985250473022,1.527875542640686,0.11798586696386337,1.1271363496780396,H88/H99,H88,1.0091504827141762,True
train,20240312,H88,B02_0262_524031304,1.5803802013397217,1.5273314714431763,0.07607556879520416,1.1851593255996704,H88/H99,H88,1.1090837568044662,True
train,20240312,H88,B02_0263_124031306,1.612625002861023,1.52707040309906,0.22537261247634888,1.027738332748413,H88/H99,H88,0.8023657202720642,True
train,20240312,H99,B02_0264_124031312,1.6457161903381348,1.4859540462493896,1.1500307321548462,0.1789374202489853,H88/H99,H99,-0.9710933119058609,True
train,20240312,H88,B02_0271_124031401,1.5735268592834473,1.5361093282699585,0.08897041529417038,1.1863882541656494,H88/H99,H88,1.097417838871479,True
train,20240312,H88,B02_0272_124031404,1.5750757455825806,1.5342944860458374,0.099490225315094,1.2079081535339355,H88/H99,H88,1.1084179282188416,True
train,20240312,H88,B02_0273_124031406,1.5790479183197021,1.5133812427520752,0.06972256302833557,1.1793889999389648,H88/H99,H88,1.1096664369106293,True
train,20240312,H88,B02_0274_124031407,1.580511212348938,1.5407066345214844,0.10907376557588577,1.1541359424591064,H88/H99,H88,1.0450621768832207,True
train,20240312,H88,B02_0275_124031409,1.5775095224380493,1.5335296392440796,0.09348195046186447,1.184086561203003,H88/H99,H88,1.0906046107411385,True
train,20240312,H88,B02_0276_124031403,1.6716277599334717,1.5712641477584839,1.0660778284072876,0.15992049872875214,H88/H99,H99,-0.9061573296785355,False
train,20240312,H99,B02_0277_124031415,1.6859872341156006,1.5650317668914795,1.1082570552825928,0.12404409795999527,H88/H99,H99,-0.9842129573225975,True
train,20240319,H88,B03_0288_124031503,1.573097586631775,1.511217713356018,0.13681288063526154,1.1057120561599731,H88/H99,H88,0.9688991755247116,True
train,20240319,H88,B03_0289_124031511,1.574735164642334,1.5209765434265137,0.08465661853551865,1.1796046495437622,H88/H99,H88,1.0949480310082436,True
train,20240319,H88,B03_0290_124031512,1.5730834007263184,1.510172963142395,0.12047987431287766,1.1137093305587769,H88/H99,H88,0.9932294562458992,True
train,20240319,H88,B03_0291_124031513,1.5724389553070068,1.5112600326538086,0.18352101743221283,1.064110279083252,H88/H99,H88,0.8805892616510391,True
train,20240319,H88,B03_0292_124031515,1.5972504615783691,1.5265992879867554,0.35438841581344604,0.9028685688972473,H88/H99,H88,0.5484801530838013,True
train,20240319,H99,B03_0293_124031502,1.6531609296798706,1.5485143661499023,1.197115421295166,0.07077552378177643,H88/H99,H99,-1.1263398975133896,True
train,20240319,H99,B03_0294_124031505,1.6592741012573242,1.53760826587677,1.2084722518920898,0.08759580552577972,H88/H99,H99,-1.1208764463663101,True
train,20240319,H99,B03_0295_124031510,1.6925089359283447,1.5663210153579712,1.1782917976379395,0.10277943313121796,H88/H99,H99,-1.0755123645067215,True
train,20240319,H99,B03_0296_124031514,1.6714212894439697,1.53789484500885,1.1788443326950073,0.1030481681227684,H88/H99,H99,-1.075796164572239,True
train,20240319,H88,B03_0307_124031802,1.5792006254196167,1.5234864950180054,0.12384019792079926,1.1205554008483887,H88/H99,H88,0.9967152029275894,True
train,20240319,H88,B03_0308_124031804,1.5697640180587769,1.5171210765838623,0.10778414458036423,1.1319639682769775,H88/H99,H88,1.0241798236966133,True
train,20240319,H88,B03_0309_124031805,1.589511752128601,1.5183016061782837,0.1616472750902176,1.0851067304611206,H88/H99,H88,0.923459455370903,True
train,20240319,H88,B03_0310_124031808,1.582125186920166,1.5356968641281128,0.0969032272696495,1.167008638381958,H88/H99,H88,1.0701054111123085,True
train,20240319,H88,B03_0311_124031811,1.5856398344039917,1.5266903638839722,0.17606110870838165,1.0631370544433594,H88/H99,H88,0.8870759457349777,True
train,20240319,H99,B03_0312_124031803,1.684601902961731,1.5728718042373657,1.1948949098587036,0.08212565630674362,H88/H99,H99,-1.11276925355196,True
train,20240319,H99,B03_0313_124031815,1.7181270122528076,1.618117094039917,1.102384090423584,0.16952714323997498,H88/H99,H99,-0.932856947183609,True
train,20240319,H88,B03_0337_124031901,1.5976637601852417,1.5339432954788208,0.2034314125776291,1.0531574487686157,H88/H99,H88,0.8497260361909866,True
train,20240319,H99,B03_0338_124031905,1.66135573387146,1.54192316532135,1.1429458856582642,0.09657111763954163,H88/H99,H99,-1.0463747680187225,True
train,20240319,H99,B03_0339_124031906,1.7038723230361938,1.590773105621338,1.105689525604248,0.14895778894424438,H88/H99,H99,-0.9567317366600037,True
train,20240319,H88,B03_0352_124032001,1.574904441833496,1.4972935914993286,0.1259654462337494,1.1346666812896729,H88/H99,H88,1.0087012350559235,True
train,20240319,H88,B03_0353_124032003,1.5829479694366455,1.5270788669586182,0.11069455742835999,1.1550877094268799,H88/H99,H88,1.04439315199852,True
train,20240319,H88,B03_0354_124032011,1.5890711545944214,1.5440409183502197,0.11158962547779083,1.2049951553344727,H88/H99,H88,1.0934055298566818,True
train,20240319,H88,B03_0355_124032013,1.5997087955474854,1.5341112613677979,0.25221675634384155,1.0162550210952759,H88/H99,H88,0.7640382647514343,True
train,20240319,H99,B03_0356_124032005,1.6633232831954956,1.5405352115631104,1.064993143081665,0.16997413337230682,H88/H99,H99,-0.8950190097093582,True
train,20240319,H99,B03_0357_124032007,1.6652346849441528,1.5689500570297241,1.149908423423767,0.1004180982708931,H88/H99,H99,-1.049490325152874,True
train,20240325,H88,B04_0389_124032103,1.564871072769165,1.491333246231079,0.17892992496490479,1.0811535120010376,H88/H99,H88,0.9022235870361328,True
train,20240325,H88,B04_0390_124032109,1.557726263999939,1.5058703422546387,0.08115610480308533,1.16831636428833,H88/H99,H88,1.0871602594852448,True
train,20240325,H88,B04_0391_124032112,1.5656824111938477,1.5122618675231934,0.08258812129497528,1.2125270366668701,H88/H99,H88,1.1299389153718948,True
train,20240325,H88,B04_0392_124032114,1.587958812713623,1.539090871810913,0.154329314827919,1.0891637802124023,H88/H99,H88,0.9348344653844833,True
train,20240325,H99,B04_0393_124032105,1.690098762512207,1.5866062641143799,1.11118483543396,0.14022260904312134,H88/H99,H99,-0.9709622263908386,True
train,20240325,H99,B04_0394_124032107,1.6759413480758667,1.5378055572509766,1.2358869314193726,0.2368362843990326,H88/H99,H99,-0.99905064702034,True
train,20240325,H99,B04_0395_124032111,1.7091540098190308,1.5984164476394653,1.0979125499725342,0.15822196006774902,H88/H99,H99,-0.9396905899047852,True
train,20240325,H99,B04_0396_124032113,1.67550790309906,1.5742076635360718,1.1670540571212769,0.14442728459835052,H88/H99,H99,-1.0226267725229263,True
train,20240325,H88,B04_0425_124032205,1.5771626234054565,1.5169156789779663,0.18429431319236755,1.0622714757919312,H88/H99,H88,0.8779771625995636,True
train,20240325,H88,B04_0427_124032207,1.6034692525863647,1.5621272325515747,0.16202221810817719,1.1074159145355225,H88/H99,H88,0.9453936964273453,True
train,20240325,H99,B04_0428_124032208,1.697647213935852,1.596838355064392,1.1590710878372192,0.12954185903072357,H88/H99,H99,-1.0295292288064957,True
train,20240325,H99,B04_0429_124032210,1.7229446172714233,1.6100164651870728,1.2336175441741943,0.20703499019145966,H88/H99,H99,-1.0265825539827347,True
train,20240325,H99,B04_0438_124032504,1.6760387420654297,1.5596946477890015,1.0944985151290894,0.13295738399028778,H88/H99,H99,-0.9615411311388016,True
train,20240325,H99,B04_0439_124032512,1.6840604543685913,1.5705856084823608,1.076317548751831,0.20808832347393036,H88/H99,H99,-0.8682292252779007,True
train,20240325,H99,B04_0440_124032516,1.698338270187378,1.5924087762832642,1.1335833072662354,0.14641477167606354,H88/H99,H99,-0.9871685355901718,True
train,20240325,H88,B04_0473_124032607,1.5825027227401733,1.5317811965942383,0.11657503992319107,1.1842910051345825,H88/H99,H88,1.0677159652113914,True
train,20240403,H88,B05_0020_124040201,1.6099896430969238,1.545790195465088,0.14770285785198212,1.0993279218673706,H88/H99,H88,0.9516250640153885,True
train,20240403,H88,B05_0021_124040203,1.5690650939941406,1.5124027729034424,0.06605887413024902,1.2081211805343628,H88/H99,H88,1.1420623064041138,True
train,20240403,H88,B05_0022_124040205,1.5952873229980469,1.5283641815185547,0.08635816723108292,1.1925644874572754,H88/H99,H88,1.1062063202261925,True
train,20240403,H88,B05_0023_124040207,1.5711779594421387,1.5055346488952637,0.06204727292060852,1.198662519454956,H88/H99,H88,1.1366152465343475,True
train,20240403,H88,B05_0024_124040210,1.597240924835205,1.5309349298477173,0.08798754960298538,1.1721504926681519,H88/H99,H88,1.0841629430651665,True
train,20240403,H88,B05_0025_124040217,1.5874700546264648,1.529300570487976,0.08689691871404648,1.1769304275512695,H88/H99,H88,1.090033508837223,True
train,20240403,H99,B05_0026_124040211,1.678963303565979,1.5717976093292236,1.0728689432144165,0.14982876181602478,H88/H99,H99,-0.9230401813983917,True
train,20250310,H99,B06_0002_125030303,1.658825397491455,1.5490875244140625,1.2128082513809204,0.09089379012584686,H88/H99,H99,-1.1219144612550735,True
train,20250310,H99,B06_0006_125030306,1.6483349800109863,1.5482302904129028,1.2511024475097656,0.1214456707239151,H88/H99,H99,-1.1296567767858505,True
train,20250310,H88,B06_0007_125030311,1.6932588815689087,1.5168733596801758,0.36280956864356995,1.1070512533187866,H88/H99,H88,0.7442416846752167,True
train,20250310,H88,B06_0009_125030308,1.5485700368881226,1.4447704553604126,0.11837472021579742,1.1557401418685913,H88/H99,H88,1.0373654216527939,True
train,20250310,H88,B06_0013_125030405,1.5688488483428955,1.4889485836029053,0.0674385204911232,1.1993451118469238,H88/H99,H88,1.1319065913558006,True
train,20250310,H88,B06_0015_125030411,1.5437928438186646,1.4195500612258911,0.12885814905166626,1.180637001991272,H88/H99,H88,1.0517788529396057,True
train,20250310,H88,B06_0016_125030414,1.533764362335205,1.4191162586212158,0.13469882309436798,1.2443894147872925,H88/H99,H88,1.1096905916929245,True
train,20250310,H88,B06_0018_125030413,1.5811567306518555,1.517918348312378,0.08121851086616516,1.1756564378738403,H88/H99,H88,1.0944379270076752,True
train,20250310,H99,B06_0020_125030409,1.6768144369125366,1.5850026607513428,1.2583893537521362,0.1357162743806839,H88/H99,H99,-1.1226730793714523,True
train,20250310,H88,B06_0022_125030404,1.5874711275100708,1.5168269872665405,0.07428056001663208,1.189070701599121,H88/H99,H88,1.114790141582489,True
train,20250310,H88,B06_0024_125030402,1.5795702934265137,1.5097599029541016,0.06142356991767883,1.1940436363220215,H88/H99,H88,1.1326200664043427,True
train,20250310,H99,B06_0025_125030407,1.6505985260009766,1.5384787321090698,1.183298945426941,0.04706154763698578,H88/H99,H99,-1.1362373977899551,True
train,20250310,H88,B06_0027_125030401,1.5736135244369507,1.498852252960205,0.07959958165884018,1.228519320487976,H88/H99,H88,1.148919738829136,True
train,20250310,H88,B06_0028_125030504,1.569061040878296,1.4918363094329834,0.09867027401924133,1.2370846271514893,H88/H99,H88,1.138414353132248,True
train,20250310,H88,B06_0033_125030508,1.575905203819275,1.494763731956482,0.07791949808597565,1.1532140970230103,H88/H99,H88,1.0752945989370346,True
train,20250310,H99,B06_0034_125030512,1.6142511367797852,1.508108139038086,1.1745260953903198,0.10693303495645523,H88/H99,H99,-1.0675930604338646,True
train,20250310,H88,B06_0035_125030514,1.5661174058914185,1.492222547531128,0.057589247822761536,1.2225602865219116,H88/H99,H88,1.16497103869915,True
train,20250310,H88,B06_0038_125030503,1.5823771953582764,1.5185166597366333,0.061933331191539764,1.1671419143676758,H88/H99,H88,1.105208583176136,True
train,20250310,H99,B06_0039_125030506,1.6568795442581177,1.5623680353164673,1.2000770568847656,0.04342135414481163,H88/H99,H99,-1.156655702739954,True
train,20250310,H88,B06_0041_125030501,1.5686445236206055,1.4926530122756958,0.07207484543323517,1.2297219038009644,H88/H99,H88,1.1576470583677292,True
train,20250310,H88,B06_0043_125030601,1.579913854598999,1.4951770305633545,0.08917517960071564,1.1317148208618164,H88/H99,H88,1.0425396412611008,True
train,20250310,H88,B06_0044_125030608,1.5682272911071777,1.465484619140625,0.07801888138055801,1.205888271331787,H88/H99,H88,1.127869389951229,True
train,20250310,H88,B06_0045_125030612,1.5957918167114258,1.5129541158676147,0.09785197675228119,1.1656047105789185,H88/H99,H88,1.0677527338266373,True
train,20250310,H88,B06_0046_125030614,1.5853345394134521,1.5122401714324951,0.08084926009178162,1.1998695135116577,H88/H99,H88,1.119020253419876,True
train,20250310,H99,B06_0047_125030603,1.6313254833221436,1.52178156375885,1.1308015584945679,0.11662411689758301,H88/H99,H99,-1.0141774415969849,True
train,20250310,H99,B06_0048_125030606,1.659512996673584,1.549933910369873,1.2152996063232422,0.05164136737585068,H88/H99,H99,-1.1636582389473915,True
train,20250310,H88,B06_0058_125030706,1.5514187812805176,1.4294648170471191,0.17396831512451172,1.1533836126327515,H88/H99,H88,0.9794152975082397,True
train,20250310,H88,B06_0059_125030715,1.601942777633667,1.5116498470306396,0.10487310588359833,1.1600384712219238,H88/H99,H88,1.0551653653383255,True
train,20250310,H99,B06_0060_125030702,1.675645351409912,1.5612884759902954,1.2035897970199585,0.06119266897439957,H88/H99,H99,-1.142397128045559,True
train,20250310,H99,B06_0061_125030705,1.6738265752792358,1.5653334856033325,1.1943167448043823,0.05729351565241814,H88/H99,H99,-1.1370232291519642,True
train,20250310,YJD,B06_0072_125030712,1.2763581275939941,0.6750912666320801,1.3813146352767944,1.4459950923919678,RJD/YJD,YJD,-0.6012668609619141,True
train,20250310,YJD,B06_0073_125030714,0.962730884552002,0.15301677584648132,1.4665367603302002,1.5873677730560303,RJD/YJD,YJD,-0.8097141087055206,True
train,20250310,H99,B06_0074_125031003,1.653114676475525,1.5470517873764038,1.1878408193588257,0.05175090208649635,H88/H99,H99,-1.1360899172723293,True
train,20250310,H99,B06_0075_125031006,1.63608980178833,1.5398353338241577,1.1745812892913818,0.06592249125242233,H88/H99,H99,-1.1086587980389595,True
train,20250310,YJD,B06_0085_125031001,1.0329828262329102,0.16211175918579102,1.4252102375030518,1.4830387830734253,RJD/YJD,YJD,-0.8708710670471191,True
train,20250310,YJD,B06_0086_125031004,0.9277231693267822,0.08064331114292145,1.5038453340530396,1.5560003519058228,RJD/YJD,YJD,-0.8470798581838608,True
train,20250310,H99,B06_0088_125031103,1.6667605638504028,1.5650460720062256,1.177889108657837,0.04716086760163307,H88/H99,H99,-1.1307282410562038,True
train,20250310,H88,B06_0089_125031104,1.5500463247299194,1.4088348150253296,0.6014151573181152,0.731678307056427,H88/H99,H88,0.13026314973831177,True
train,20250310,H88,B06_0090_125031101,1.67124605178833,1.5736441612243652,1.1771436929702759,0.053600963205099106,H88/H99,H99,-1.1235427297651768,False
train,20250310,YJD,B06_0093_125031107,1.0185068845748901,0.22639405727386475,1.4890693426132202,1.479788064956665,RJD/YJD,YJD,-0.7921128273010254,True
train,20250310,H99,B06_0097_125031106,1.6643602848052979,1.561099648475647,1.2238571643829346,0.06448178738355637,H88/H99,H99,-1.1593753769993782,True
train,20250310,H99,B06_0098_125031101,1.568502426147461,1.4349411725997925,0.866146445274353,0.46157610416412354,H88/H99,H99,-0.4045703411102295,True
train,20250317,H88,B07_0101_125031207,1.6904754638671875,1.5561808347702026,0.6694130301475525,1.2938485145568848,H88/H99,H88,0.6244354844093323,True
train,20250317,YJD,B07_0112_125031203,1.0614960193634033,0.38820117712020874,1.3919230699539185,1.5077825784683228,RJD/YJD,YJD,-0.6732948422431946,True
train,20250317,YJD,B07_0113_525031201,0.9384006261825562,0.2537655830383301,1.5243637561798096,1.5998362302780151,RJD/YJD,YJD,-0.6846350431442261,True
train,20250317,H88,B07_0114_125031311,1.5175366401672363,1.304668664932251,0.36602386832237244,1.1528691053390503,H88/H99,H88,0.7868452370166779,True
train,20250317,H88,B07_0115_125031313,1.451111912727356,1.134263038635254,0.6043749451637268,1.1099543571472168,H88/H99,H88,0.50557941198349,True
train,20250317,H99,B07_0116_125031306,1.580773949623108,1.3555718660354614,1.023769736289978,0.4357512891292572,H88/H99,H99,-0.5880184471607208,True
train,20250317,YJD,B07_0126_125031304,1.139028787612915,0.4970760643482208,1.1971904039382935,1.377815842628479,RJD/YJD,YJD,-0.6419527232646942,True
train,20250317,YJD,B07_0127_125031307,1.1881054639816284,0.5626817941665649,1.1696184873580933,1.3409903049468994,RJD/YJD,YJD,-0.6254236698150635,True
train,20250317,H88,B07_0128_125031403,1.4734742641448975,1.2182915210723877,0.49190065264701843,1.1651115417480469,H88/H99,H88,0.6732108891010284,True
train,20250317,H88,B07_0129_125031409,1.247040033340454,0.8814355134963989,0.9750614166259766,1.0916134119033813,H88/H99,H88,0.11655199527740479,True
train,20250317,H88,B07_0130_125031412,1.498375415802002,1.3188878297805786,0.3602084517478943,1.1702872514724731,H88/H99,H88,0.8100787997245789,True
train,20250317,H88,B07_0131_125031414,1.4729112386703491,1.2543493509292603,0.4437713623046875,1.133219599723816,H88/H99,H88,0.6894482374191284,True
train,20250317,H99,B07_0132_125031406,1.6879690885543823,1.5404882431030273,1.051634430885315,0.40827685594558716,H88/H99,H99,-0.6433575749397278,True
train,20250317,YJD,B07_0140_125031401,1.1301829814910889,0.5105302333831787,1.1814522743225098,1.405181646347046,RJD/YJD,YJD,-0.6196527481079102,True
train,20250317,YJD,B07_0141_125031407,1.0987002849578857,0.44890469312667847,1.2718907594680786,1.476440191268921,RJD/YJD,YJD,-0.6497955918312073,True
train,20250317,YJD,B07_0142_125031410,1.0530904531478882,0.3728269636631012,1.3220117092132568,1.4995959997177124,RJD/YJD,YJD,-0.680263489484787,True
train,20250317,H88,B07_0183_125031704,1.5795574188232422,1.4836208820343018,0.08291369676589966,1.2154017686843872,H88/H99,H88,1.1324880719184875,True
train,20250317,H88,B07_0184_125031708,1.5679737329483032,1.4771755933761597,0.06419923901557922,1.2087624073028564,H88/H99,H88,1.1445631682872772,True
train,20250317,H88,B07_0185_125031710,1.5747246742248535,1.4699915647506714,0.0924123078584671,1.2145963907241821,H88/H99,H88,1.122184082865715,True
train,20250317,H88,B07_0186_125031712,1.5792392492294312,1.5074338912963867,0.063283771276474,1.1757241487503052,H88/H99,H88,1.1124403774738312,True
train,20250317,YJD,B07_0195_125031701,1.0131490230560303,0.1304323375225067,1.4204885959625244,1.532037615776062,RJD/YJD,YJD,-0.8827166855335236,True
train,20250317,H88,B07_0196_125031804,1.5711175203323364,1.489944577217102,0.06209912523627281,1.2110506296157837,H88/H99,H88,1.1489515043795109,True
train,20250317,H99,B07_0197_125031806,1.6614128351211548,1.563029408454895,1.1209665536880493,0.09023630619049072,H88/H99,H99,-1.0307302474975586,True
train,20250326,H88,B08_0206_125031908,1.609447717666626,1.5545504093170166,0.13965995609760284,1.1604979038238525,H88/H99,H88,1.0208379477262497,True
train,20250326,H88,B08_0207_125031911,1.5786694288253784,1.5128132104873657,0.05812700837850571,1.1823960542678833,H88/H99,H88,1.1242690458893776,True
train,20250326,YJD,B08_0218_125031901,0.9635939598083496,0.055111467838287354,1.4671659469604492,1.5596102476119995,RJD/YJD,YJD,-0.9084824919700623,True
train,20250326,YJD,B08_0219_125031904,0.9733635783195496,0.05982989817857742,1.4870892763137817,1.5495707988739014,RJD/YJD,YJD,-0.9135336801409721,True
train,20250326,H88,B08_0220_425032001,1.5672693252563477,1.4620901346206665,0.09107460081577301,1.233337163925171,H88/H99,H88,1.1422625631093979,True
train,20250326,YJD,B08_0230_125032001,0.991395890712738,0.06273654103279114,1.473836898803711,1.5517723560333252,RJD/YJD,YJD,-0.9286593496799469,True
train,20250326,YJD,B08_0231_125032004,0.8813335299491882,0.11375538259744644,1.510663628578186,1.5645052194595337,RJD/YJD,YJD,-0.7675781473517418,True
train,20250326,H88,B08_0232_125032102,1.5766195058822632,1.4769741296768188,0.10098867118358612,1.2411167621612549,H88/H99,H88,1.1401280909776688,True
train,20250326,H88,B08_0233_125032105,1.571876049041748,1.4953995943069458,0.061212632805109024,1.2168645858764648,H88/H99,H88,1.1556519530713558,True
train,20250326,H99,B08_0234_125032104,1.68752121925354,1.5951069593429565,1.1472992897033691,0.09140515327453613,H88/H99,H99,-1.055894136428833,True
train,20250326,H99,B08_0235_125032109,1.6766605377197266,1.5727866888046265,1.1274545192718506,0.08862809091806412,H88/H99,H99,-1.0388264283537865,True
train,20250326,H88,B08_0243_125032408,1.5518677234649658,1.4596461057662964,0.10024759918451309,1.2547576427459717,H88/H99,H88,1.1545100435614586,True
train,20250326,H88,B08_0244_125032411,1.5840458869934082,1.5327643156051636,0.0975017100572586,1.200696587562561,H88/H99,H88,1.1031948775053024,True
train,20250326,H88,B08_0245_125032403,1.586216926574707,1.4944268465042114,0.0877324715256691,1.2047346830368042,H88/H99,H88,1.117002211511135,True
train,20250326,H88,B08_0246_125032413,1.5700995922088623,1.5154354572296143,0.0559321865439415,1.2044974565505981,H88/H99,H88,1.1485652700066566,True
train,20250326,H99,B08_0247_125032406,1.6516910791397095,1.5415713787078857,1.1719212532043457,0.055683333426713943,H88/H99,H99,-1.1162379197776318,True
train,20250326,H99,B08_0248_125032415,1.6676300764083862,1.5740703344345093,1.1939500570297241,0.05463952198624611,H88/H99,H99,-1.139310535043478,True
train,20250326,YJD,B08_0258_125032401,0.9663418531417847,0.08884907513856888,1.4345287084579468,1.5424574613571167,RJD/YJD,YJD,-0.8774927780032158,True
train,20250326,H88,B08_0259_125032515,1.566692590713501,1.4971973896026611,0.04408546909689903,1.1788382530212402,H88/H99,H88,1.1347527839243412,True
train,20250326,H88,B08_0260_125032517,1.5778725147247314,1.5097243785858154,0.08457984030246735,1.1370598077774048,H88/H99,H88,1.0524799674749374,True
train,20250326,H99,B08_0261_125032503,1.6417036056518555,1.533122181892395,1.1662635803222656,0.11203421652317047,H88/H99,H99,-1.0542293637990952,True
train,20250326,H99,B08_0262_125032506,1.6715747117996216,1.5723626613616943,1.2524471282958984,0.11141910403966904,H88/H99,H99,-1.1410280242562294,True
train,20250326,H99,B08_0263_125032509,1.6612402200698853,1.557198166847229,1.2240782976150513,0.08428334444761276,H88/H99,H99,-1.1397949531674385,True
train,20250326,H99,B08_0264_125032512,1.6822588443756104,1.5832875967025757,1.2478907108306885,0.14335358142852783,H88/H99,H99,-1.1045371294021606,True
train,20250331,YJD,B09_0272_125032501,0.9080231785774231,0.07990413159132004,1.4902690649032593,1.5640709400177002,RJD/YJD,YJD,-0.8281190469861031,True
train,20250331,YJD,B09_0273_125032504,0.8643923401832581,0.1315007209777832,1.508487343788147,1.5616906881332397,RJD/YJD,YJD,-0.7328916192054749,True
train,20250331,YJD,B09_0274_125032508,0.9418032169342041,0.07190842926502228,1.5164909362792969,1.5664079189300537,RJD/YJD,YJD,-0.8698947876691818,True
train,20250331,YJD,B09_0275_125032511,0.8680261373519897,0.1209602877497673,1.505700945854187,1.575716257095337,RJD/YJD,YJD,-0.7470658496022224,True
train,20250331,H88,B09_0276_425032601,1.5303759574890137,1.4200083017349243,0.1471092700958252,1.263503909111023,H88/H99,H88,1.1163946390151978,True
train,20250331,H88,B09_0277_125032607,1.531371831893921,1.4334181547164917,0.11863651871681213,1.2506403923034668,H88/H99,H88,1.1320038735866547,True
train,20250331,H88,B09_0278_125032610,1.5679864883422852,1.4616395235061646,0.10337676107883453,1.2413064241409302,H88/H99,H88,1.1379296630620956,True
train,20250331,H99,B09_0279_125032603,1.6173263788223267,1.5163344144821167,1.158687710762024,0.11333438009023666,H88/H99,H99,-1.0453533306717873,True
train,20250331,H99,B09_0280_125032606,1.6547666788101196,1.5667471885681152,1.1998478174209595,0.04632757231593132,H88/H99,H99,-1.1535202451050282,True
train,20250411,H88,B10_0287_125040203,1.595070481300354,1.560444951057434,0.2321927547454834,1.095751166343689,H88/H99,H88,0.8635584115982056,True
train,20250411,H88,B10_0288_125040206,1.581408143043518,1.491849422454834,0.1107015535235405,1.2178031206130981,H88/H99,H88,1.1071015670895576,True
train,20250411,H88,B10_0289_125040210,1.5754148960113525,1.4762499332427979,0.11303816735744476,1.2445801496505737,H88/H99,H88,1.131541982293129,True
train,20250411,H88,B10_0290_125040214,1.570212721824646,1.4828861951828003,0.08488443493843079,1.2294625043869019,H88/H99,H88,1.144578069448471,True
train,20250411,H88,B10_0291_125040207,1.5602912902832031,1.4885427951812744,0.046287670731544495,1.2083905935287476,H88/H99,H88,1.162102922797203,True
train,20250411,H99,B10_0292_125040209,1.6336166858673096,1.5294630527496338,1.1596013307571411,0.08524668961763382,H88/H99,H99,-1.0743546411395073,True
train,20250411,H99,B10_0293_125040212,1.6190049648284912,1.5280675888061523,1.1626358032226562,0.10050056874752045,H88/H99,H99,-1.0621352344751358,True
train,20250411,H99,B10_0294_125040215,1.6202911138534546,1.5077816247940063,1.2136285305023193,0.10271678119897842,H88/H99,H99,-1.110911749303341,True
train,20250411,YJD,B10_0296_125040201,0.938450276851654,0.06541556864976883,1.4968734979629517,1.5726964473724365,RJD/YJD,YJD,-0.8730347082018852,True
train,20250411,YJD,B10_0297_125040202,0.9438162446022034,0.06446237117052078,1.4942415952682495,1.582025170326233,RJD/YJD,YJD,-0.8793538734316826,True
train,20250411,YJD,B10_0298_125040205,0.9603231549263,0.07833072543144226,1.5225223302841187,1.5612496137619019,RJD/YJD,YJD,-0.8819924294948578,True
train,20250411,YJD,B10_0299_125040208,0.9692025184631348,0.09565577656030655,1.4881075620651245,1.5802950859069824,RJD/YJD,YJD,-0.8735467419028282,True
train,20250411,YJD,B10_0300_125040211,0.9711201190948486,0.08296363800764084,1.4622116088867188,1.5686386823654175,RJD/YJD,YJD,-0.8881564810872078,True
train,20250411,H88,B10_0301_125040302,1.56855309009552,1.4933007955551147,0.06866821646690369,1.2186636924743652,H88/H99,H88,1.1499954760074615,True
train,20250411,H88,B10_0302_125040305,1.5666753053665161,1.4929763078689575,0.045293185859918594,1.20369553565979,H88/H99,H88,1.1584023497998714,True
train,20250411,H88,B10_0303_125040310,1.5715059041976929,1.491036057472229,0.07194820791482925,1.228192687034607,H88/H99,H88,1.1562444791197777,True
train,20250411,H88,B10_0304_125040313,1.5635349750518799,1.4743775129318237,0.07021240144968033,1.2201467752456665,H88/H99,H88,1.1499343737959862,True
train,20250411,H88,B10_0305_125040309,1.5500584840774536,1.4661681652069092,0.06370526552200317,1.2049428224563599,H88/H99,H88,1.1412375569343567,True
train,20250411,H99,B10_0306_125040306,1.6239372491836548,1.524965763092041,1.1926968097686768,0.08058711886405945,H88/H99,H99,-1.1121096909046173,True
train,20250411,H99,B10_0307_125040312,1.6329796314239502,1.5434709787368774,1.193238377571106,0.06477782875299454,H88/H99,H99,-1.1284605488181114,True
train,20250411,H99,B10_0308_125040303,1.6427178382873535,1.5448256731033325,1.1890767812728882,0.04578271508216858,H88/H99,H99,-1.1432940661907196,True
train,20250411,H99,B10_0309_425040301,1.5771057605743408,1.4699167013168335,1.1828031539916992,0.16946350038051605,H88/H99,H99,-1.0133396536111832,True
train,20250411,YJD,B10_0311_125040301,0.9386505484580994,0.11006870865821838,1.5367282629013062,1.5458091497421265,RJD/YJD,YJD,-0.828581839799881,True
train,20250411,YJD,B10_0312_125040304,0.9368059635162354,0.05027281865477562,1.494165062904358,1.567513346672058,RJD/YJD,YJD,-0.8865331448614597,True
train,20250411,YJD,B10_0313_125040307,0.9385970830917358,0.05759028345346451,1.504629373550415,1.5781347751617432,RJD/YJD,YJD,-0.8810067996382713,True
train,20250411,YJD,B10_0314_125040308,0.9273673295974731,0.06167148798704147,1.4868885278701782,1.5762386322021484,RJD/YJD,YJD,-0.8656958416104317,True
train,20250411,YJD,B10_0315_125040311,0.937308669090271,0.05443624407052994,1.4915398359298706,1.5791327953338623,RJD/YJD,YJD,-0.8828724250197411,True
train,20250411,YJD,B10_0316_125040314,0.9553941488265991,0.06675360351800919,1.5126041173934937,1.5663416385650635,RJD/YJD,YJD,-0.8886405453085899,True
train,20250411,YJD,B10_0317_125040315,0.9488663077354431,0.04816938564181328,1.4810987710952759,1.5562007427215576,RJD/YJD,YJD,-0.9006969220936298,True
train,20250411,H88,B10_0318_125040701,1.5510989427566528,1.455498456954956,0.08279571682214737,1.2005118131637573,H88/H99,H88,1.11771609634161,True
train,20250411,H88,B10_0319_125040703,1.5768907070159912,1.4814380407333374,0.07265470921993256,1.2159337997436523,H88/H99,H88,1.1432790905237198,True
train,20250411,H99,B10_0320_125040702,1.6496115922927856,1.5471751689910889,1.203895092010498,0.048291731625795364,H88/H99,H99,-1.1556033603847027,True
train,20250411,H99,B10_0321_125040704,1.652931809425354,1.5689257383346558,1.1711198091506958,0.05363653227686882,H88/H99,H99,-1.117483276873827,True
train,20250411,H88,B10_0322_125040807,1.5752841234207153,1.5071016550064087,0.09186502546072006,1.239877700805664,H88/H99,H88,1.148012675344944,True
train,20250411,H88,B10_0323_125040810,1.5787235498428345,1.4883171319961548,0.058634933084249496,1.1968761682510376,H88/H99,H88,1.138241235166788,True
train,20250411,H88,B10_0324_125040806,1.5647708177566528,1.490060567855835,0.06545792520046234,1.2300931215286255,H88/H99,H88,1.1646351963281631,True
train,20250411,H88,B10_0325_125040809,1.584058165550232,1.5086297988891602,0.11601073294878006,1.1073105335235596,H88/H99,H88,0.9912998005747795,True
train,20250411,H99,B10_0326_125040803,1.6497260332107544,1.5557149648666382,1.2012171745300293,0.045700620859861374,H88/H99,H99,-1.155516553670168,True
train,20250411,H99,B10_0327_125040811,1.6269115209579468,1.5133941173553467,1.1943542957305908,0.09298008680343628,H88/H99,H99,-1.1013742089271545,True
train,20250411,YJD,B10_0331_125040801,0.9517844915390015,0.03748811036348343,1.4911882877349854,1.5584909915924072,RJD/YJD,YJD,-0.914296381175518,True
train,20250411,YJD,B10_0332_125040802,0.944649875164032,0.044753048568964005,1.4772135019302368,1.5639785528182983,RJD/YJD,YJD,-0.899896826595068,True
train,20250411,YJD,B10_0333_125040805,0.9105218052864075,0.07027434557676315,1.4938803911209106,1.5799504518508911,RJD/YJD,YJD,-0.8402474597096443,True
train,20250411,YJD,B10_0334_125040808,0.9344149827957153,0.06140221655368805,1.4798381328582764,1.567258358001709,RJD/YJD,YJD,-0.8730127662420273,True
train,20250411,H88,B10_0335_125040901,1.5638411045074463,1.4840829372406006,0.07508425414562225,1.2371464967727661,H88/H99,H88,1.1620622426271439,True
train,20250411,H88,B10_0336_125040912,1.5618281364440918,1.4605588912963867,0.08982716500759125,1.2326891422271729,H88/H99,H88,1.1428619772195816,True
train,20250411,H88,B10_0337_125040905,1.592544436454773,1.518388271331787,0.09141363203525543,1.2128057479858398,H88/H99,H88,1.1213921159505844,True
train,20250411,H88,B10_0338_425040902,1.5635963678359985,1.4918110370635986,0.05994037538766861,1.2270146608352661,H88/H99,H88,1.1670742854475975,True
train,20250411,H88,B10_0339_425040903,1.5522704124450684,1.4743988513946533,0.06932046264410019,1.2263622283935547,H88/H99,H88,1.1570417657494545,True
train,20250411,H99,B10_0340_125040909,1.6615588665008545,1.578550100326538,1.1666239500045776,0.05651314929127693,H88/H99,H99,-1.1101108007133007,True
train,20250411,H99,B10_0341_125040911,1.6430214643478394,1.5455729961395264,1.193827509880066,0.05100260674953461,H88/H99,H99,-1.1428249031305313,True
train,20250411,YJD,B10_0346_125040902,0.9643586277961731,0.06044637784361839,1.5041303634643555,1.5625090599060059,RJD/YJD,YJD,-0.9039122499525547,True
train,20250411,YJD,B10_0347_125040904,0.9413712620735168,0.04509799927473068,1.4938037395477295,1.5675605535507202,RJD/YJD,YJD,-0.8962732627987862,True
train,20250411,YJD,B10_0348_125040907,0.9501169323921204,0.07455208897590637,1.5265672206878662,1.5622130632400513,RJD/YJD,YJD,-0.875564843416214,True
train,20250411,YJD,B10_0349_125040908,0.9308764934539795,0.08289212733507156,1.5257983207702637,1.565576195716858,RJD/YJD,YJD,-0.8479843661189079,True
train,20250411,H88,B10_0350_125041002,1.564407467842102,1.4716951847076416,0.07292411476373672,1.2000904083251953,H88/H99,H88,1.1271662935614586,True
train,20250411,H88,B10_0351_125041004,1.5529541969299316,1.4530203342437744,0.10025949031114578,1.2425825595855713,H88/H99,H88,1.1423230692744255,True
train,20250411,H88,B10_0352_125041010,1.5819216966629028,1.5098764896392822,0.05301731824874878,1.1843045949935913,H88/H99,H88,1.1312872767448425,True
train,20250411,H88,B10_0353_125041013,1.569914698600769,1.491857886314392,0.07378784567117691,1.233309030532837,H88/H99,H88,1.15952118486166,True
train,20250411,H88,B10_0354_125041015,1.5685040950775146,1.4895658493041992,0.05132530629634857,1.2137932777404785,H88/H99,H88,1.16246797144413,True
train,20250411,H99,B10_0355_125041005,1.6662846803665161,1.5590269565582275,1.1745151281356812,0.04145936295390129,H88/H99,H99,-1.1330557651817799,True
train,20250411,H99,B10_0356_125041007,1.6367484331130981,1.5321846008300781,1.1483733654022217,0.08472629636526108,H88/H99,H99,-1.0636470690369606,True
train,20250411,YJD,B10_0361_125041001,0.8790189027786255,0.11991406232118607,1.4860312938690186,1.5717891454696655,RJD/YJD,YJD,-0.7591048404574394,True
train,20250411,YJD,B10_0362_125041003,0.9745811223983765,0.0852791965007782,1.440242052078247,1.5588974952697754,RJD/YJD,YJD,-0.8893019258975983,True
train,20250411,YJD,B10_0363_125041006,0.9387023448944092,0.05563514307141304,1.508981466293335,1.5746804475784302,RJD/YJD,YJD,-0.8830672018229961,True
train,20250411,YJD,B10_0364_125041009,0.9483106732368469,0.07134672999382019,1.5094778537750244,1.572777509689331,RJD/YJD,YJD,-0.8769639432430267,True
train,20250417,H88,B11_0376_125041102,1.5828940868377686,1.5166757106781006,0.09175855666399002,1.1713738441467285,H88/H99,H88,1.0796152874827385,True
train,20250417,H88,B11_0377_125041105,1.5728099346160889,1.4944521188735962,0.06372959166765213,1.2044235467910767,H88/H99,H88,1.1406939551234245,True
train,20250417,H88,B11_0378_125041109,1.5456516742706299,1.4522379636764526,0.1106054037809372,1.2619324922561646,H88/H99,H88,1.1513270884752274,True
train,20250417,H88,B11_0379_125041112,1.557998776435852,1.4891688823699951,0.044723737984895706,1.2043266296386719,H88/H99,H88,1.1596028916537762,True
train,20250417,H88,B11_0380_125041115,1.5353000164031982,1.4389331340789795,0.12250898033380508,1.2673612833023071,H88/H99,H88,1.144852302968502,True
train,20250417,H99,B11_0381_125041103,1.634121298789978,1.5312530994415283,1.123085618019104,0.12932956218719482,H88/H99,H99,-0.9937560558319092,True
train,20250417,H99,B11_0382_125041106,1.6602486371994019,1.5513060092926025,1.1965464353561401,0.04694679006934166,H88/H99,H99,-1.1495996452867985,True
train,20250417,YJD,B11_0387_125041101,0.9557246565818787,0.06576135009527206,1.5012454986572266,1.554388165473938,RJD/YJD,YJD,-0.8899633064866066,True
train,20250417,YJD,B11_0388_125041104,0.8446130156517029,0.14757366478443146,1.4805793762207031,1.5841741561889648,RJD/YJD,YJD,-0.6970393508672714,True
train,20250417,YJD,B11_0389_125041107,0.9830001592636108,0.07105624675750732,1.4503159523010254,1.5568124055862427,RJD/YJD,YJD,-0.9119439125061035,True
train,20250417,YJD,B11_0390_125041110,0.9399029016494751,0.06766175478696823,1.4663841724395752,1.5659217834472656,RJD/YJD,YJD,-0.8722411468625069,True
train,20250417,YJD,B11_0391_125041113,0.8536649346351624,0.14864936470985413,1.5388013124465942,1.5700938701629639,RJD/YJD,YJD,-0.7050155699253082,True
train,20250417,H88,B11_0392_125041408,1.5717670917510986,1.4854896068572998,0.07038028538227081,1.2265081405639648,H88/H99,H88,1.156127855181694,True
train,20250417,H88,B11_0393_125041411,1.5752662420272827,1.4978185892105103,0.06471890956163406,1.219693660736084,H88/H99,H88,1.15497475117445,True
train,20250417,H88,B11_0394_125041414,1.5519371032714844,1.459709882736206,0.09180336445569992,1.2462868690490723,H88/H99,H88,1.1544835045933723,True
train,20250417,H88,B11_0395_125041402,1.5706825256347656,1.4902852773666382,0.046980421990156174,1.1956727504730225,H88/H99,H88,1.1486923284828663,True
train,20250417,H88,B11_0396_125041405,1.5572545528411865,1.4723820686340332,0.06902144849300385,1.17168128490448,H88/H99,H88,1.1026598364114761,True
train,20250417,H88,B11_0397_125041409,1.5610475540161133,1.4746358394622803,0.0820494145154953,1.2421375513076782,H88/H99,H88,1.160088136792183,True
train,20250417,H88,B11_0398_125041412,1.5520912408828735,1.4487199783325195,0.10373535007238388,1.2447636127471924,H88/H99,H88,1.1410282626748085,True
train,20250417,H99,B11_0399_125041403,1.6591851711273193,1.5670356750488281,1.1627247333526611,0.05425472557544708,H88/H99,H99,-1.108470007777214,True
train,20250417,H99,B11_0400_125041406,1.6511824131011963,1.5636475086212158,1.187554121017456,0.04316942021250725,H88/H99,H99,-1.1443847008049488,True
train,20250417,YJD,B11_0405_125041401,0.9760403633117676,0.07967741787433624,1.492044448852539,1.56727135181427,RJD/YJD,YJD,-0.8963629454374313,True
train,20250417,YJD,B11_0406_125041404,0.9491986632347107,0.07864739000797272,1.4659548997879028,1.576242208480835,RJD/YJD,YJD,-0.870551273226738,True
train,20250417,H88,B11_0407_125041501,1.556467056274414,1.4876104593276978,0.05218331143260002,1.210716962814331,H88/H99,H88,1.158533651381731,True
train,20250417,H88,B11_0408_125041504,1.564441442489624,1.4825036525726318,0.07428538054227829,1.2369359731674194,H88/H99,H88,1.1626505926251411,True
train,20250417,H88,B11_0409_125041506,1.5587294101715088,1.474741816520691,0.04817062243819237,1.2060116529464722,H88/H99,H88,1.1578410305082798,True
train,20250417,H88,B11_0410_525041501,1.5644967555999756,1.4866641759872437,0.05370538681745529,1.2211307287216187,H88/H99,H88,1.1674253419041634,True
train,20250417,H99,B11_0411_125041502,1.6565536260604858,1.548455834388733,1.172175407409668,0.037935398519039154,H88/H99,H99,-1.1342400088906288,True
train,20250417,H99,B11_0412_125041505,1.643621802330017,1.5376954078674316,1.1787909269332886,0.052780695259571075,H88/H99,H99,-1.1260102316737175,True
train,20250417,H99,B11_0413_125041508,1.6503039598464966,1.5430375337600708,1.1938968896865845,0.0549679771065712,H88/H99,H99,-1.1389289125800133,True
train,20250417,YJD,B11_0417_125041503,0.9667767882347107,0.052125025540590286,1.4960044622421265,1.5498740673065186,RJD/YJD,YJD,-0.9146517626941204,True
train,20250417,YJD,B11_0418_125041507,0.8197600245475769,0.1753619760274887,1.4936442375183105,1.5681650638580322,RJD/YJD,YJD,-0.6443980485200882,True
train,20250417,YJD,B11_0419_125041511,0.9461417198181152,0.08611210435628891,1.5254393815994263,1.5728765726089478,RJD/YJD,YJD,-0.8600296154618263,True
train,20250417,H88,B11_0420_125041611,1.5664974451065063,1.4837244749069214,0.0526064969599247,1.2164350748062134,H88/H99,H88,1.1638285778462887,True
train,20250417,H88,B11_0421_125041606,1.5799040794372559,1.517425298690796,0.06457138806581497,1.194176435470581,H88/H99,H88,1.129605047404766,True
train,20250417,H88,B11_0422_125041610,1.565139651298523,1.4863969087600708,0.0387037992477417,1.1900440454483032,H88/H99,H88,1.1513402462005615,True
train,20250417,H99,B11_0423_125041603,1.6350702047348022,1.5300230979919434,1.1836440563201904,0.07486642897129059,H88/H99,H99,-1.1087776273488998,True
train,20250417,H99,B11_0424_125041608,1.6433535814285278,1.5467029809951782,1.161120057106018,0.06451644003391266,H88/H99,H99,-1.0966036170721054,True
train,20250417,H99,B11_0425_125041609,1.6557185649871826,1.5682131052017212,1.1896251440048218,0.0470273420214653,H88/H99,H99,-1.1425978019833565,True
train,20250417,YJD,B11_0430_125041601,0.9811047911643982,0.06192755699157715,1.4903008937835693,1.5618739128112793,RJD/YJD,YJD,-0.919177234172821,True
train,20250417,YJD,B11_0431_125041604,0.9779090285301208,0.04621034488081932,1.472053050994873,1.5431857109069824,RJD/YJD,YJD,-0.9316986836493015,True
train,20250417,YJD,B11_0432_125041607,0.9755430221557617,0.05174514278769493,1.4724642038345337,1.5637924671173096,RJD/YJD,YJD,-0.9237978793680668,True
train,20250417,H88,B11_0433_125041702,1.5652081966400146,1.487563967704773,0.04418608173727989,1.2080775499343872,H88/H99,H88,1.1638914681971073,True
train,20250417,H88,B11_0434_125041710,1.5626240968704224,1.4911350011825562,0.053309936076402664,1.2228095531463623,H88/H99,H88,1.1694996170699596,True
train,20250417,H99,B11_0435_125041705,1.6771451234817505,1.579353928565979,1.1963661909103394,0.05694655328989029,H88/H99,H99,-1.139419637620449,True
train,20250417,H99,B11_0436_125041707,1.6666139364242554,1.5638859272003174,1.1825169324874878,0.03460860252380371,H88/H99,H99,-1.147908329963684,True
train,20250417,H99,B11_0437_425041702,1.665008544921875,1.5548968315124512,1.234459400177002,0.07549631595611572,H88/H99,H99,-1.1589630842208862,True
train,20250417,H99,B11_0438_425041705,1.6842833757400513,1.5902326107025146,1.2422341108322144,0.1129302829504013,H88/H99,H99,-1.129303827881813,True
train,20250417,YJD,B11_0445_125041701,0.9715889692306519,0.05605141073465347,1.501811146736145,1.5576906204223633,RJD/YJD,YJD,-0.9155375584959984,True
train,20250417,YJD,B11_0446_125041703,0.9392759203910828,0.04110852628946304,1.4919477701187134,1.5696388483047485,RJD/YJD,YJD,-0.8981673941016197,True
train,20250417,YJD,B11_0447_125041706,0.9514502882957458,0.07716774940490723,1.5243825912475586,1.5667595863342285,RJD/YJD,YJD,-0.8742825388908386,True
train,20250417,YJD,B11_0448_125041709,0.95416259765625,0.07051650434732437,1.5099793672561646,1.5672963857650757,RJD/YJD,YJD,-0.8836460933089256,True
train,20250423,H88,B12_0469_125041808,1.5823469161987305,1.4981080293655396,0.11836918443441391,1.123829960823059,H88/H99,H88,1.0054607763886452,True
train,20250423,YJD,B12_0473_125041801,0.944577693939209,0.10208757221698761,1.5356473922729492,1.5622562170028687,RJD/YJD,YJD,-0.8424901217222214,True
train,20250423,YJD,B12_0474_125041802,0.8990054726600647,0.1234651729464531,1.5316269397735596,1.5690699815750122,RJD/YJD,YJD,-0.7755402997136116,True
train,20250423,YJD,B12_0475_125041803,0.8873081207275391,0.11867645382881165,1.5031700134277344,1.564737319946289,RJD/YJD,YJD,-0.7686316668987274,True
train,20250423,YJD,B12_0476_125041805,0.911188006401062,0.09120669960975647,1.5074037313461304,1.5677720308303833,RJD/YJD,YJD,-0.8199813067913055,True
train,20250423,YJD,B12_0477_125042101,0.8954333066940308,0.14115741848945618,1.5443514585494995,1.573293924331665,RJD/YJD,YJD,-0.7542758882045746,True
train,20250423,YJD,B12_0478_125042102,0.9150186777114868,0.08813713490962982,1.5077093839645386,1.5583007335662842,RJD/YJD,YJD,-0.826881542801857,True
train,20250423,YJD,B12_0479_125042103,0.8747712969779968,0.1353609561920166,1.5222489833831787,1.5761092901229858,RJD/YJD,YJD,-0.7394103407859802,True
train,20250423,YJD,B12_0480_125042104,0.8994992971420288,0.10738080739974976,1.5030999183654785,1.5582919120788574,RJD/YJD,YJD,-0.792118489742279,True
train,20250516,H88,B13_0481_125050402,1.6633336544036865,1.5874779224395752,0.42528414726257324,1.0886205434799194,H88/H99,H88,0.6633363962173462,True
train,20250516,H88,B13_0483_125050512,1.5700513124465942,1.4908392429351807,0.16649961471557617,1.1074928045272827,H88/H99,H88,0.9409931898117065,True
train,20250516,H88,B13_0484_125050515,1.546579122543335,1.4860191345214844,0.11798030883073807,1.2046403884887695,H88/H99,H88,1.0866600796580315,True
train,20250516,H88,B13_0485_125050520,1.5446518659591675,1.4601935148239136,0.13249212503433228,1.183127522468567,H88/H99,H88,1.0506353974342346,True
train,20250516,H88,B13_0486_125050502,1.5374796390533447,1.4222793579101562,0.16775250434875488,1.1867629289627075,H88/H99,H88,1.0190104246139526,True
train,20250516,H88,B13_0487_125050505,1.5773580074310303,1.4736682176589966,0.17488156259059906,1.1425542831420898,H88/H99,H88,0.9676727205514908,True
train,20250516,H88,B13_0488_125050513,1.5088838338851929,1.414727807044983,0.1596711426973343,1.2665024995803833,H88/H99,H88,1.106831356883049,True
train,20250516,H99,B13_0489_125050507,1.6376152038574219,1.536376953125,1.2481787204742432,0.12863408029079437,H88/H99,H99,-1.1195446401834488,True
train,20250516,H99,B13_0490_125050510,1.6363118886947632,1.5404258966445923,1.2158236503601074,0.07278748601675034,H88/H99,H99,-1.143036164343357,True
train,20250516,H99,B13_0491_125050517,1.5547568798065186,1.4328361749649048,1.298290729522705,0.2726503312587738,H88/H99,H99,-1.0256403982639313,True
train,20250516,H99,B13_0492_125050519,1.6314893960952759,1.531571388244629,1.211484432220459,0.08519528061151505,H88/H99,H99,-1.126289151608944,True
train,20250516,YJD,B13_0499_125050503,0.9833770990371704,0.14809216558933258,1.3979694843292236,1.54682457447052,RJD/YJD,YJD,-0.8352849334478378,True
train,20250516,YJD,B13_0500_125050506,0.9037429690361023,0.080037921667099,1.5057331323623657,1.577258825302124,RJD/YJD,YJD,-0.8237050473690033,True
train,20250516,YJD,B13_0501_125050509,0.942886471748352,0.05958231911063194,1.4811145067214966,1.5510270595550537,RJD/YJD,YJD,-0.8833041526377201,True
train,20250516,YJD,B13_0502_125050518,0.9441065788269043,0.054430220276117325,1.4997671842575073,1.569624900817871,RJD/YJD,YJD,-0.889676358550787,True
train,20250516,YJD,B13_0503_125050521,0.8955857753753662,0.09642596542835236,1.520193338394165,1.5752462148666382,RJD/YJD,YJD,-0.7991598099470139,True
train,20250516,H88,B13_0504_125050603,1.562269687652588,1.4790475368499756,0.08134976774454117,1.223464012145996,H88/H99,H88,1.142114244401455,True
train,20250516,H88,B13_0505_125050606,1.5512219667434692,1.448333501815796,0.11356765031814575,1.2419276237487793,H88/H99,H88,1.1283599734306335,True
train,20250516,H88,B13_0506_125050608,1.6891183853149414,1.4958710670471191,1.2471224069595337,1.502575397491455,H88/H99,H88,0.2554529905319214,True
train,20250516,H99,B13_0507_125050611,1.6793395280838013,1.5951597690582275,1.1782737970352173,0.07228871434926987,H88/H99,H99,-1.1059850826859474,True
train,20250516,H99,B13_0508_125050616,1.6458570957183838,1.5622814893722534,1.1922247409820557,0.07298457622528076,H88/H99,H99,-1.119240164756775,True
train,20250516,H99,B13_0509_125050619,1.6714518070220947,1.5773316621780396,1.171661376953125,0.057061050087213516,H88/H99,H99,-1.1146003268659115,True
train,20250516,YJD,B13_0517_125050601,0.9559779763221741,0.09172412008047104,1.442431092262268,1.562364935874939,RJD/YJD,YJD,-0.864253856241703,True
train,20250516,YJD,B13_0518_125050604,0.9520987272262573,0.05811059847474098,1.5123658180236816,1.5603307485580444,RJD/YJD,YJD,-0.8939881287515163,True
train,20250516,YJD,B13_0519_125050610,0.9736307263374329,0.0786246508359909,1.4746853113174438,1.5616685152053833,RJD/YJD,YJD,-0.895006075501442,True
train,20250516,YJD,B13_0520_125050612,0.8986861109733582,0.09187508374452591,1.4963748455047607,1.5737603902816772,RJD/YJD,YJD,-0.8068110272288322,True
train,20250516,YJD,B13_0521_125050614,1.0088142156600952,0.14344502985477448,1.4156503677368164,1.5499672889709473,RJD/YJD,YJD,-0.8653691858053207,True
train,20250516,YJD,B13_0522_125050617,0.9338480830192566,0.05935680866241455,1.5088372230529785,1.5725594758987427,RJD/YJD,YJD,-0.874491274356842,True
train,20250516,H88,B13_0523_125050702,1.5520391464233398,1.452754259109497,0.09675610810518265,1.2257345914840698,H88/H99,H88,1.1289784833788872,True
train,20250516,H88,B13_0524_125050705,1.5427827835083008,1.3908308744430542,0.19225914776325226,1.253767490386963,H88/H99,H88,1.0615083426237106,True
train,20250516,H88,B13_0525_125050710,1.5511163473129272,1.481194257736206,0.07684614509344101,1.2013622522354126,H88/H99,H88,1.1245161071419716,True
train,20250516,H88,B13_0526_125050713,1.54616379737854,1.4485254287719727,0.11892731487751007,1.2588597536087036,H88/H99,H88,1.1399324387311935,True
train,20250516,H99,B13_0527_125050707,1.6278080940246582,1.527113676071167,1.209556221961975,0.0867568776011467,H88/H99,H99,-1.1227993443608284,True
train,20250516,YJD,B13_0537_125050703,0.8773437142372131,0.1295381784439087,1.4778269529342651,1.5565820932388306,RJD/YJD,YJD,-0.7478055357933044,True
train,20250516,YJD,B13_0538_125050708,0.9404125213623047,0.05347404256463051,1.4953533411026,1.5581978559494019,RJD/YJD,YJD,-0.8869384787976742,True
train,20250516,H88,B13_0539_125050808,1.5390124320983887,1.4528511762619019,0.0919642448425293,1.2224363088607788,H88/H99,H88,1.1304720640182495,True
train,20250516,H88,B13_0540_125050811,1.5664520263671875,1.4775891304016113,0.08385936915874481,1.2289179563522339,H88/H99,H88,1.145058587193489,True
train,20250516,H88,B13_0541_125050814,1.5625799894332886,1.4756195545196533,0.09250964969396591,1.2362420558929443,H88/H99,H88,1.1437324061989784,True
train,20250516,H99,B13_0542_125050802,1.6548172235488892,1.5815143585205078,1.0577741861343384,0.17726492881774902,H88/H99,H99,-0.8805092573165894,True
train,20250516,H99,B13_0543_125050805,1.6799546480178833,1.5861562490463257,1.1921470165252686,0.07484413683414459,H88/H99,H99,-1.117302879691124,True
train,20250516,H99,B13_0544_125050806,1.6702606678009033,1.583435297012329,1.1891833543777466,0.05353531241416931,H88/H99,H99,-1.1356480419635773,True
train,20250516,YJD,B13_0552_125050803,0.9225716590881348,0.07083823531866074,1.4677186012268066,1.5684878826141357,RJD/YJD,YJD,-0.851733423769474,True
train,20250516,YJD,B13_0553_125050810,0.9495296478271484,0.03593265637755394,1.4823861122131348,1.5648270845413208,RJD/YJD,YJD,-0.9135969914495945,True
train,20250516,YJD,B13_0554_125050813,0.9876392483711243,0.11368881911039352,1.4216254949569702,1.5577553510665894,RJD/YJD,YJD,-0.8739504292607307,True
train,20250516,YJD,B13_0555_125050817,0.951083779335022,0.06274794042110443,1.5104501247406006,1.5671072006225586,RJD/YJD,YJD,-0.8883358389139175,True
train,20250516,H88,B13_0556_125050905,1.5449038743972778,1.445370078086853,0.10448705404996872,1.2144736051559448,H88/H99,H88,1.109986551105976,True
train,20250516,H88,B13_0557_125050907,1.5534954071044922,1.455578088760376,0.10486287623643875,1.2379107475280762,H88/H99,H88,1.1330478712916374,True
train,20250516,H88,B13_0558_125050910,1.5397673845291138,1.4497653245925903,0.10411331057548523,1.194979190826416,H88/H99,H88,1.0908658802509308,True
train,20250516,H99,B13_0559_125050902,1.6225026845932007,1.5259710550308228,1.15484619140625,0.09921245276927948,H88/H99,H99,-1.0556337386369705,True
train,20250516,H99,B13_0560_125050913,1.6786669492721558,1.5816024541854858,1.2103040218353271,0.0685465857386589,H88/H99,H99,-1.1417574360966682,True
train,20250516,H99,B13_0561_125050918,1.6748251914978027,1.5847586393356323,1.203885555267334,0.06744647026062012,H88/H99,H99,-1.1364390850067139,True
train,20250516,YJD,B13_0569_125050903,0.9728360772132874,0.05424538627266884,1.4944207668304443,1.5543577671051025,RJD/YJD,YJD,-0.9185906909406185,True
train,20250516,YJD,B13_0570_125050906,0.9587335586547852,0.040444161742925644,1.4940011501312256,1.5678311586380005,RJD/YJD,YJD,-0.9182893969118595,True
train,20250516,YJD,B13_0571_125050909,0.9140332341194153,0.07214096933603287,1.4857232570648193,1.5713818073272705,RJD/YJD,YJD,-0.8418922647833824,True
train,20250516,YJD,B13_0572_125050912,0.944412112236023,0.0678851455450058,1.5193583965301514,1.5722908973693848,RJD/YJD,YJD,-0.8765269666910172,True
train,20250519,YJD,B14_0573_125050915,0.9554039835929871,0.03621190786361694,1.4878302812576294,1.5620170831680298,RJD/YJD,YJD,-0.9191920757293701,True
train,20250519,H88,B14_0574_125051203,1.5449618101119995,1.472208857536316,0.09011997282505035,1.2261344194412231,H88/H99,H88,1.1360144466161728,True
train,20250519,H88,B14_0575_125051206,1.562184453010559,1.5002806186676025,0.058382797986269,1.2155719995498657,H88/H99,H88,1.1571892015635967,True
train,20250519,H88,B14_0576_125051207,1.5629479885101318,1.4687286615371704,0.08165764808654785,1.1623380184173584,H88/H99,H88,1.0806803703308105,True
train,20250519,H88,B14_0577_125051211,1.5541588068008423,1.463842511177063,0.07383468002080917,1.218861699104309,H88/H99,H88,1.1450270190835,True
train,20250519,H99,B14_0578_125051213,1.624092698097229,1.5151481628417969,1.229103684425354,0.10576897859573364,H88/H99,H99,-1.1233347058296204,True
train,20250519,YJD,B14_0587_125051201,0.9682230949401855,0.04627865552902222,1.4905294179916382,1.55520498752594,RJD/YJD,YJD,-0.9219444394111633,True
train,20250519,YJD,B14_0588_125051204,0.964921772480011,0.07058240473270416,1.5120452642440796,1.5663220882415771,RJD/YJD,YJD,-0.8943393677473068,True
train,20250519,H88,B14_0589_125051305,1.562963843345642,1.5001479387283325,0.06332896649837494,1.2104201316833496,H88/H99,H88,1.1470911651849747,True
train,20250519,H88,B14_0590_125051308,1.5561226606369019,1.4703072309494019,0.0751318708062172,1.1971800327301025,H88/H99,H88,1.1220481619238853,True
train,20250519,H88,B14_0591_125051310,1.5199798345565796,1.4312528371810913,0.12228740751743317,1.249917984008789,H88/H99,H88,1.127630576491356,True
train,20250519,H99,B14_0592_125051302,1.6465455293655396,1.5445754528045654,1.2177178859710693,0.0592462457716465,H88/H99,H99,-1.1584716401994228,True
train,20250519,H99,B14_0593_125051313,1.6817656755447388,1.589729905128479,1.2155741453170776,0.08661936223506927,H88/H99,H99,-1.1289547830820084,True
train,20250519,YJD,B14_0600_125051303,0.9059523940086365,0.0820770114660263,1.520546555519104,1.5677787065505981,RJD/YJD,YJD,-0.8238753825426102,True
train,20250519,YJD,B14_0601_125051307,0.943443238735199,0.04631341993808746,1.4862679243087769,1.5677590370178223,RJD/YJD,YJD,-0.8971298187971115,True
train,20250519,YJD,B14_0602_A25051312,0.9044523239135742,0.07598227262496948,1.515886902809143,1.569657802581787,RJD/YJD,YJD,-0.8284700512886047,True
train,20250519,H88,B14_0603_125051403,1.5559521913528442,1.4949928522109985,0.05210672318935394,1.2109451293945312,H88/H99,H88,1.1588384062051773,True
train,20250519,H88,B14_0604_125051406,1.5598396062850952,1.4691777229309082,0.07908423244953156,1.216621994972229,H88/H99,H88,1.1375377625226974,True
train,20250519,H88,B14_0605_125051409,1.572357177734375,1.5015028715133667,0.06737927347421646,1.2180601358413696,H88/H99,H88,1.1506808623671532,True
train,20250519,H88,B14_0606_125051412,1.5596287250518799,1.473476529121399,0.09013783186674118,1.2401297092437744,H88/H99,H88,1.1499918773770332,True
train,20250519,H88,B14_0607_125051415,1.5640106201171875,1.4783740043640137,0.06381604075431824,1.214806318283081,H88/H99,H88,1.1509902775287628,True
train,20250519,YJD,B14_0614_125051401,0.9229153990745544,0.08127389848232269,1.524357795715332,1.5595576763153076,RJD/YJD,YJD,-0.8416415005922318,True
train,20250519,YJD,B14_0615_125051404,0.9297783970832825,0.05841954052448273,1.5115835666656494,1.5609078407287598,RJD/YJD,YJD,-0.8713588565587997,True
train,20250519,YJD,B14_0616_125051407,0.9332741498947144,0.06278260052204132,1.5158276557922363,1.5626444816589355,RJD/YJD,YJD,-0.870491549372673,True
train,20250519,YJD,B14_0617_125051410,0.9439378976821899,0.07190097123384476,1.520298719406128,1.5736401081085205,RJD/YJD,YJD,-0.8720369264483452,True
train,20250519,YJD,B14_0618_125051413,0.9415700435638428,0.05680035427212715,1.5104261636734009,1.5546255111694336,RJD/YJD,YJD,-0.8847696892917156,True
train,20250519,H88,B14_0619_125051503,1.565455436706543,1.4964580535888672,0.06309795379638672,1.226274013519287,H88/H99,H88,1.1631760597229004,True
train,20250519,H88,B14_0620_125051508,1.564692735671997,1.4973503351211548,0.06529198586940765,1.2054619789123535,H88/H99,H88,1.1401699930429459,True
train,20250519,H88,B14_0621_125051511,1.539109468460083,1.4569978713989258,0.09024818986654282,1.235253095626831,H88/H99,H88,1.1450049057602882,True
train,20250519,H88,B14_0622_125051514,1.5788486003875732,1.490522027015686,0.09242455661296844,1.2362744808197021,H88/H99,H88,1.1438499242067337,True
train,20250519,H99,B14_0623_125051506,1.645002841949463,1.554457187652588,1.1753517389297485,0.07056804746389389,H88/H99,H99,-1.1047836914658546,True
train,20250519,YJD,B14_0629_125051501,0.9175865650177002,0.06749461591243744,1.491127371788025,1.5745253562927246,RJD/YJD,YJD,-0.8500919491052628,True
train,20250519,YJD,B14_0630_125051504,0.9477522969245911,0.07716002315282822,1.5262740850448608,1.5736902952194214,RJD/YJD,YJD,-0.8705922737717628,True
train,20250519,YJD,B14_0631_125051510,0.9700275659561157,0.06206408143043518,1.4782946109771729,1.5706337690353394,RJD/YJD,YJD,-0.9079634845256805,True
train,20250519,YJD,B14_0632_125051513,0.9260473847389221,0.09440195560455322,1.5361953973770142,1.5716906785964966,RJD/YJD,YJD,-0.8316454291343689,True
train,20250519,H88,B14_0633_125051605,1.5504257678985596,1.4497060775756836,0.08607195317745209,1.2097949981689453,H88/H99,H88,1.1237230449914932,True
train,20250519,H88,B14_0634_125051608,1.5673253536224365,1.4849170446395874,0.0615437775850296,1.2211065292358398,H88/H99,H88,1.1595627516508102,True
train,20250519,H99,B14_0635_125051602,1.6671818494796753,1.5701080560684204,1.202836036682129,0.046876270323991776,H88/H99,H99,-1.1559597663581371,True
train,20250519,YJD,B14_0640_125051606,0.8971664905548096,0.11816608160734177,1.547078251838684,1.5765773057937622,RJD/YJD,YJD,-0.7790004089474678,True
train,20250519,YJD,B14_0641_125051609,0.9317499995231628,0.09160838276147842,1.535046100616455,1.5700987577438354,RJD/YJD,YJD,-0.8401416167616844,True
train,20250519,YJD,B14_0642_125051603,0.9529845118522644,0.05523786321282387,1.4915950298309326,1.5691375732421875,RJD/YJD,YJD,-0.8977466486394405,True
train,20250519,H88,B14_0643_125051902,1.571405291557312,1.4903218746185303,0.05752711743116379,1.1836423873901367,H88/H99,H88,1.126115269958973,True
train,20250519,H88,B14_0644_125051905,1.5711203813552856,1.4945149421691895,0.06336142867803574,1.2216652631759644,H88/H99,H88,1.1583038344979286,True
train,20250519,H99,B14_0645_125051908,1.6789101362228394,1.5814545154571533,1.2556043863296509,0.11670432984828949,H88/H99,H99,-1.1389000564813614,True
train,20250519,YJD,B14_0652_125051903,0.9314221739768982,0.05287377908825874,1.4959828853607178,1.5610792636871338,RJD/YJD,YJD,-0.8785483948886395,True
train,20250519,YJD,B14_0653_125051906,0.9261440634727478,0.0495779812335968,1.498998761177063,1.5627158880233765,RJD/YJD,YJD,-0.876566082239151,True
train,20250527,H88,B15_0654_125052008,1.5941635370254517,1.5575370788574219,0.16375376284122467,1.190260648727417,H88/H99,H88,1.0265068858861923,True
train,20250527,H99,B15_0655_125052004,1.6413683891296387,1.5635877847671509,1.1277639865875244,0.11240176856517792,H88/H99,H99,-1.0153622180223465,True
train,20250527,YJD,B15_0663_125052001,0.9812865853309631,0.07713839411735535,1.4801234006881714,1.5595901012420654,RJD/YJD,YJD,-0.9041481912136078,True
train,20250527,YJD,B15_0664_125052002,0.9517002105712891,0.06049960479140282,1.5105382204055786,1.5692899227142334,RJD/YJD,YJD,-0.8912006057798862,True
train,20250527,YJD,B15_0665_125052006,0.9634822010993958,0.032059669494628906,1.4785120487213135,1.5562783479690552,RJD/YJD,YJD,-0.9314225316047668,True
train,20250527,YJD,B15_0666_125052009,0.9378394484519958,0.061814360320568085,1.504643201828003,1.5541073083877563,RJD/YJD,YJD,-0.8760250881314278,True
train,20250527,H99,B15_0667_125052107,1.667571783065796,1.5729479789733887,1.2208362817764282,0.0776912122964859,H88/H99,H99,-1.1431450694799423,True
train,20250527,H99,B15_0668_425052101,1.6455098390579224,1.5567492246627808,1.2205003499984741,0.07670678943395615,H88/H99,H99,-1.143793560564518,True
train,20250527,YJD,B15_0676_125052104,0.8914383053779602,0.11788377910852432,1.4730991125106812,1.5398082733154297,RJD/YJD,YJD,-0.7735545262694359,True
train,20250527,YJD,B15_0677_525052101,0.8996068835258484,0.1003510057926178,1.5353590250015259,1.5785342454910278,RJD/YJD,YJD,-0.7992558777332306,True
train,20250527,H88,B15_0678_125052208,1.5588184595108032,1.4848638772964478,0.07311268150806427,1.1808439493179321,H88/H99,H88,1.1077312678098679,True
train,20250527,H88,B15_0679_125052210,1.520001769065857,1.3945432901382446,0.15889860689640045,1.2282156944274902,H88/H99,H88,1.0693170875310898,True
train,20250527,H99,B15_0680_125052204,1.6617413759231567,1.564069151878357,1.2257319688796997,0.06318385899066925,H88/H99,H99,-1.1625481098890305,True
train,20250527,H99,B15_0681_125052205,1.6640375852584839,1.5678590536117554,1.2422531843185425,0.08343039453029633,H88/H99,H99,-1.1588227897882462,True
train,20250527,YJD,B15_0690_125052209,0.973141610622406,0.06752066314220428,1.4827826023101807,1.56074857711792,RJD/YJD,YJD,-0.9056209474802017,True
train,20250527,YJD,B15_0691_125052212,0.9705342650413513,0.05689995735883713,1.486534595489502,1.5575491189956665,RJD/YJD,YJD,-0.9136343076825142,True
train,20250527,YJD,B15_0692_125052213,0.923004150390625,0.06710182130336761,1.5061907768249512,1.5782021284103394,RJD/YJD,YJD,-0.8559023290872574,True
train,20250606,YJD,B16_0697_125052302,0.9556981325149536,0.059880685061216354,1.5027384757995605,1.5740050077438354,RJD/YJD,YJD,-0.8958174474537373,True
train,20250606,YJD,B16_0698_125052304,0.9693102240562439,0.07432548701763153,1.5059446096420288,1.5640819072723389,RJD/YJD,YJD,-0.8949847370386124,True
train,20250606,YJD,B16_0699_125052306,0.9775136113166809,0.08088243007659912,1.4624913930892944,1.5685762166976929,RJD/YJD,YJD,-0.8966311812400818,True
train,20250606,YJD,B16_0700_125052308,0.9602330923080444,0.0771484375,1.4798166751861572,1.576354742050171,RJD/YJD,YJD,-0.8830846548080444,True
train,20250606,H88,B16_0701_125060102,1.5388708114624023,1.4400575160980225,0.13025446236133575,1.2695621252059937,H88/H99,H88,1.139307662844658,True
train,20250606,H88,B16_0704_125060209,1.5597412586212158,1.4927833080291748,0.05246013402938843,1.2172307968139648,H88/H99,H88,1.1647706627845764,True
train,20250606,H88,B16_0705_125060212,1.550570011138916,1.4563225507736206,0.07894089818000793,1.211018681526184,H88/H99,H88,1.1320777833461761,True
train,20250606,H99,B16_0706_125060203,1.6622357368469238,1.560132622718811,1.2350387573242188,0.0775875672698021,H88/H99,H99,-1.1574511900544167,True
train,20250606,H99,B16_0707_125060206,1.686960220336914,1.599527359008789,1.2199225425720215,0.11780588328838348,H88/H99,H99,-1.102116659283638,True
train,20250606,H99,B16_0708_125060215,1.6686948537826538,1.575300931930542,1.2032101154327393,0.051761265844106674,H88/H99,H99,-1.1514488495886326,True
train,20250606,H99,B16_0709_125060217,1.6278573274612427,1.53448486328125,1.2350386381149292,0.09473726153373718,H88/H99,H99,-1.140301376581192,True
train,20250606,YJD,B16_0717_125060201,0.9414264559745789,0.0681602880358696,1.4722601175308228,1.5701055526733398,RJD/YJD,YJD,-0.8732661679387093,True
train,20250606,YJD,B16_0718_125060204,0.9341061115264893,0.05825401842594147,1.5112254619598389,1.5705599784851074,RJD/YJD,YJD,-0.8758520931005478,True
train,20250606,YJD,B16_0719_125060207,0.9558470249176025,0.0994042158126831,1.5221737623214722,1.5659277439117432,RJD/YJD,YJD,-0.8564428091049194,True
train,20250606,YJD,B16_0720_125060210,0.9428658485412598,0.06429201364517212,1.514926552772522,1.5623176097869873,RJD/YJD,YJD,-0.8785738348960876,True
train,20250606,YJD,B16_0721_125060213,0.9483550190925598,0.05934977903962135,1.4938393831253052,1.5655357837677002,RJD/YJD,YJD,-0.8890052400529385,True
train,20250606,H88,B16_0722_125060305,1.554177165031433,1.450006365776062,0.1385703980922699,1.1317131519317627,H88/H99,H88,0.9931427538394928,True
train,20250606,H88,B16_0723_125060310,1.5618855953216553,1.4802855253219604,0.07929610460996628,1.159110426902771,H88/H99,H88,1.0798143222928047,True
train,20250606,H88,B16_0724_425060301,1.5623352527618408,1.471121907234192,0.07177319377660751,1.2106950283050537,H88/H99,H88,1.1389218345284462,True
train,20250606,H99,B16_0725_125060308,1.677649974822998,1.5865991115570068,1.1757837533950806,0.062246762216091156,H88/H99,H99,-1.1135369911789894,True
train,20250606,H99,B16_0726_125060312,1.671260952949524,1.57669997215271,1.2163338661193848,0.06661684811115265,H88/H99,H99,-1.1497170180082321,True
train,20250606,H99,B16_0727_425060303,1.6554861068725586,1.540765404701233,1.2332193851470947,0.0777747854590416,H88/H99,H99,-1.1554445996880531,True
train,20250606,YJD,B16_0734_125060301,0.9620100259780884,0.053260721266269684,1.4989917278289795,1.5441535711288452,RJD/YJD,YJD,-0.9087493047118187,True
train,20250606,YJD,B16_0735_125060302,0.9555962681770325,0.05747580528259277,1.5032508373260498,1.5724924802780151,RJD/YJD,YJD,-0.8981204628944397,True
train,20250606,YJD,B16_0736_125060303,0.9719463586807251,0.07898090779781342,1.489956259727478,1.5714993476867676,RJD/YJD,YJD,-0.8929654508829117,True
train,20250606,YJD,B16_0737_125060307,0.9661015272140503,0.07719246298074722,1.5125231742858887,1.5723280906677246,RJD/YJD,YJD,-0.8889090642333031,True
train,20250606,H88,B16_0738_125060402,1.5615205764770508,1.4833869934082031,0.06578400731086731,1.171888828277588,H88/H99,H88,1.1061048209667206,True
train,20250606,H88,B16_0739_125060405,1.5716954469680786,1.5072323083877563,0.04972204193472862,1.203130841255188,H88/H99,H88,1.1534087993204594,True
train,20250606,H88,B16_0740_125060411,1.5677202939987183,1.5028458833694458,0.045305028557777405,1.1737089157104492,H88/H99,H88,1.1284038871526718,True
train,20250606,H88,B16_0741_125060414,1.5600003004074097,1.4675930738449097,0.09738916158676147,1.153388500213623,H88/H99,H88,1.0559993386268616,True
train,20250606,H99,B16_0742_125060407,1.6425676345825195,1.550115704536438,1.196113109588623,0.04639442637562752,H88/H99,H99,-1.1497186832129955,True
train,20250606,YJD,B16_0752_125060401,0.9037757515907288,0.07460243999958038,1.4963593482971191,1.578371286392212,RJD/YJD,YJD,-0.8291733115911484,True
train,20250606,YJD,B16_0753_125060403,0.9437554478645325,0.0547071136534214,1.4975578784942627,1.5700123310089111,RJD/YJD,YJD,-0.8890483342111111,True
train,20250606,YJD,B16_0754_125060409,0.9423908591270447,0.08995447307825089,1.5308164358139038,1.5632487535476685,RJD/YJD,YJD,-0.8524363860487938,True
train,20250606,YJD,B16_0755_125060412,0.9646944403648376,0.050260961055755615,1.4938348531723022,1.5612945556640625,RJD/YJD,YJD,-0.914433479309082,True
train,20250606,H88,B16_0756_125060505,1.5734342336654663,1.4785324335098267,0.10214360803365707,1.1561899185180664,H88/H99,H88,1.0540463104844093,True
train,20250606,H88,B16_0757_125060508,1.542756199836731,1.4299099445343018,0.11445952206850052,1.2286560535430908,H88/H99,H88,1.1141965314745903,True
train,20250606,H88,B16_0758_125060514,1.5101500749588013,1.340888261795044,0.2398318499326706,1.2164841890335083,H88/H99,H88,0.9766523391008377,True
train,20250606,H99,B16_0759_125060502,1.666229248046875,1.563099980354309,1.2529356479644775,0.10436547547578812,H88/H99,H99,-1.1485701724886894,True
train,20250606,H99,B16_0760_125060511,1.6626754999160767,1.5546094179153442,1.222654104232788,0.07479434460401535,H88/H99,H99,-1.1478597596287727,True
train,20250606,YJD,B16_0769_125060503,0.9591508507728577,0.0590517595410347,1.5003629922866821,1.565514087677002,RJD/YJD,YJD,-0.900099091231823,True
train,20250606,YJD,B16_0770_125060506,0.9249182939529419,0.09067515283823013,1.5354042053222656,1.5747426748275757,RJD/YJD,YJD,-0.8342431411147118,True
train,20250606,YJD,B16_0771_125060509,0.9578431248664856,0.055511802434921265,1.4853118658065796,1.5676921606063843,RJD/YJD,YJD,-0.9023313224315643,True
train,20250606,YJD,B16_0772_125060512,0.9211831092834473,0.0682826042175293,1.512934923171997,1.578243613243103,RJD/YJD,YJD,-0.852900505065918,True
train,20250606,H88,B16_0773_125060606,1.5591765642166138,1.489532470703125,0.045210205018520355,1.2097994089126587,H88/H99,H88,1.1645892038941383,True
train,20250606,H88,B16_0774_125060608,1.5559742450714111,1.4960110187530518,0.046490684151649475,1.2000597715377808,H88/H99,H88,1.1535690873861313,True
train,20250606,H88,B16_0775_125060610,1.5829695463180542,1.5231608152389526,0.1480197012424469,1.0843374729156494,H88/H99,H88,0.9363177716732025,True
train,20250606,H88,B16_0776_125060613,1.5715097188949585,1.5043624639511108,0.04679736867547035,1.1930830478668213,H88/H99,H88,1.146285679191351,True
train,20250606,H99,B16_0777_125060603,1.6651793718338013,1.574719786643982,1.1869323253631592,0.04258207231760025,H88/H99,H99,-1.144350253045559,True
train,20250606,H99,B16_0778_125060617,1.6847230195999146,1.594225525856018,1.1738247871398926,0.08706309646368027,H88/H99,H99,-1.0867616906762123,True
train,20250606,YJD,B16_0786_125060601,0.9537801742553711,0.07578590512275696,1.5203806161880493,1.559373378753662,RJD/YJD,YJD,-0.8779942691326141,True
train,20250606,YJD,B16_0787_125060604,0.9608510136604309,0.042743440717458725,1.4845068454742432,1.562429666519165,RJD/YJD,YJD,-0.9181075729429722,True
train,20250606,YJD,B16_0788_125060611,0.9675445556640625,0.06287652254104614,1.5020216703414917,1.5713337659835815,RJD/YJD,YJD,-0.9046680331230164,True
train,20250606,YJD,B16_0789_125060614,0.9459970593452454,0.048379283398389816,1.4974746704101562,1.5479978322982788,RJD/YJD,YJD,-0.8976177759468555,True
train,20250619,H88,B17_0790_125060902,1.5811980962753296,1.5247098207473755,0.08103998005390167,1.1714413166046143,H88/H99,H88,1.0904013365507126,True
train,20250619,H88,B17_0791_125060905,1.580975890159607,1.512467861175537,0.0654979720711708,1.1962414979934692,H88/H99,H88,1.1307435259222984,True
train,20250619,YJD,B17_0800_125060903,0.958766520023346,0.05456201732158661,1.5028232336044312,1.5606142282485962,RJD/YJD,YJD,-0.9042045027017593,True
train,20250619,H88,B17_0801_125061009,1.5717955827713013,1.5220696926116943,0.06332331895828247,1.189785361289978,H88/H99,H88,1.1264620423316956,True
train,20250619,H88,B17_0802_125061012,1.5537608861923218,1.4914658069610596,0.043678659945726395,1.203316569328308,H88/H99,H88,1.1596379093825817,True
train,20250619,YJD,B17_0811_125061002,0.9605371356010437,0.09093181043863297,1.5179189443588257,1.5385204553604126,RJD/YJD,YJD,-0.8696053251624107,True
train,20250619,YJD,B17_0812_125061005,0.9577497243881226,0.06971742957830429,1.5195775032043457,1.5580201148986816,RJD/YJD,YJD,-0.8880322948098183,True
train,20250619,YJD,B17_0813_125061008,0.8973462581634521,0.09259787201881409,1.5176408290863037,1.5755724906921387,RJD/YJD,YJD,-0.8047483861446381,True
train,20250619,YJD,B17_0814_125061011,0.9622029662132263,0.08006993681192398,1.5156927108764648,1.5683057308197021,RJD/YJD,YJD,-0.8821330294013023,True
train,20250619,H88,B17_0815_125061103,1.5540608167648315,1.4770870208740234,0.06368561834096909,1.2271428108215332,H88/H99,H88,1.1634571924805641,True
train,20250619,H88,B17_0816_125061106,1.5770456790924072,1.5084112882614136,0.06861046701669693,1.1642138957977295,H88/H99,H88,1.0956034287810326,True
train,20250619,H88,B17_0817_125061109,1.5702927112579346,1.5092488527297974,0.05869843438267708,1.1753690242767334,H88/H99,H88,1.1166705898940563,True
train,20250619,H88,B17_0818_125061112,1.5550457239151,1.490265130996704,0.0566374696791172,1.2197926044464111,H88/H99,H88,1.163155134767294,True
train,20250619,H88,B17_0819_125061115,1.5264259576797485,1.4371562004089355,0.111006960272789,1.2183645963668823,H88/H99,H88,1.1073576360940933,True
train,20250619,YJD,B17_0827_125061101,0.9349097609519958,0.09587113559246063,1.5235087871551514,1.5746039152145386,RJD/YJD,YJD,-0.8390386253595352,True
train,20250619,YJD,B17_0828_125061104,0.9479103684425354,0.0743599608540535,1.5170692205429077,1.5710831880569458,RJD/YJD,YJD,-0.8735504075884819,True
train,20250619,YJD,B17_0829_125061107,0.9681400060653687,0.052786342799663544,1.4769456386566162,1.5635247230529785,RJD/YJD,YJD,-0.9153536632657051,True
train,20250619,YJD,B17_0830_125061111,0.9421043395996094,0.07169342041015625,1.5207732915878296,1.569463849067688,RJD/YJD,YJD,-0.8704109191894531,True
train,20250619,H88,B17_0831_125061204,1.5460293292999268,1.4849705696105957,0.05512876808643341,1.216232419013977,H88/H99,H88,1.1611036509275436,True
train,20250619,H88,B17_0832_125061209,1.571393370628357,1.5125422477722168,0.061723656952381134,1.1752196550369263,H88/H99,H88,1.1134959980845451,True
train,20250619,H88,B17_0833_425061201,1.5752521753311157,1.507120966911316,0.1295703798532486,1.1026990413665771,H88/H99,H88,0.9731286615133286,True
train,20250619,H88,B17_0834_425061202,1.5595908164978027,1.4686710834503174,0.06736335158348083,1.1956596374511719,H88/H99,H88,1.128296285867691,True
train,20250619,H88,B17_0835_425061203,1.557023286819458,1.4727375507354736,0.06688784807920456,1.1890641450881958,H88/H99,H88,1.1221762970089912,True
train,20250619,H99,B17_0836_125061207,1.6627202033996582,1.5767985582351685,1.1405363082885742,0.07876704633235931,H88/H99,H99,-1.061769261956215,True
train,20250619,YJD,B17_0845_125061202,1.0219049453735352,0.15796898305416107,1.3901941776275635,1.5437613725662231,RJD/YJD,YJD,-0.8639359623193741,True
train,20250619,YJD,B17_0846_125061205,0.9190149903297424,0.05751364678144455,1.5007753372192383,1.5678071975708008,RJD/YJD,YJD,-0.8615013435482979,True
train,20250619,YJD,B17_0847_125061208,0.9496996402740479,0.05022893100976944,1.5004957914352417,1.5725106000900269,RJD/YJD,YJD,-0.8994707092642784,True
train,20250619,H88,B17_0848_125061308,1.5716019868850708,1.5015934705734253,0.06532484292984009,1.2252933979034424,H88/H99,H88,1.1599685549736023,True
train,20250619,H88,B17_0849_125061311,1.5745484828948975,1.5072687864303589,0.06249427795410156,1.1741443872451782,H88/H99,H88,1.1116501092910767,True
train,20250619,H88,B17_0850_425061301,1.5561078786849976,1.4882110357284546,0.041098374873399734,1.2066161632537842,H88/H99,H88,1.1655177883803844,True
train,20250619,H99,B17_0851_125061305,1.6361942291259766,1.5284053087234497,1.1751717329025269,0.07210006564855576,H88/H99,H99,-1.103071667253971,True
train,20250619,H99,B17_0852_125061317,1.6556411981582642,1.5544025897979736,1.212414264678955,0.04910808429121971,H88/H99,H99,-1.1633061803877354,True
train,20250619,YJD,B17_0860_125061301,0.9621946215629578,0.06032991036772728,1.4779322147369385,1.5633374452590942,RJD/YJD,YJD,-0.9018647111952305,True
train,20250619,YJD,B17_0861_125061303,0.9579038619995117,0.03993844985961914,1.4882577657699585,1.5681098699569702,RJD/YJD,YJD,-0.9179654121398926,True
train,20250619,YJD,B17_0862_125061306,0.9324001669883728,0.05532250180840492,1.509431004524231,1.5685864686965942,RJD/YJD,YJD,-0.8770776651799679,True
train,20250619,YJD,B17_0863_125061310,0.9674246311187744,0.06508809328079224,1.5085129737854004,1.5687367916107178,RJD/YJD,YJD,-0.9023365378379822,True
train,20250619,H88,B17_0864_125061603,1.6043509244918823,1.5320998430252075,0.15116740763187408,1.129363775253296,H88/H99,H88,0.9781963676214218,True
train,20250619,H88,B17_0865_125061606,1.5388338565826416,1.460852026939392,0.07451610267162323,1.2096692323684692,H88/H99,H88,1.135153129696846,True
train,20250619,YJD,B17_0875_125061601,0.9717525243759155,0.05304541438817978,1.490472435951233,1.5668189525604248,RJD/YJD,YJD,-0.9187071099877357,True
train,20250619,YJD,B17_0876_125061604,0.9200053215026855,0.06144782528281212,1.5073292255401611,1.570876121520996,RJD/YJD,YJD,-0.8585574962198734,True
train,20250619,H88,B17_0877_125061705,1.5558600425720215,1.4968883991241455,0.0673651173710823,1.1910812854766846,H88/H99,H88,1.1237161681056023,True
train,20250619,H88,B17_0878_125061708,1.5852787494659424,1.5224494934082031,0.09376652538776398,1.1385117769241333,H88/H99,H88,1.0447452515363693,True
train,20250619,H88,B17_0879_525061702,1.583722472190857,1.5216965675354004,0.07187940925359726,1.1960813999176025,H88/H99,H88,1.1242019906640053,True
train,20250624,H99,B18_0880_125061703,1.6587445735931396,1.5650590658187866,1.1966100931167603,0.06551435589790344,H88/H99,H99,-1.1310957372188568,True
train,20250624,YJD,B18_0889_125061704,0.9518709182739258,0.0396561324596405,1.4908198118209839,1.558181881904602,RJD/YJD,YJD,-0.9122147858142853,True
train,20250624,YJD,B18_0890_125061707,0.9046765565872192,0.0771302804350853,1.5043188333511353,1.5765501260757446,RJD/YJD,YJD,-0.8275462761521339,True
train,20250624,H88,B18_0891_125061803,1.553099274635315,1.4857715368270874,0.059789035469293594,1.226303219795227,H88/H99,H88,1.1665141843259335,True
train,20250624,H88,B18_0892_125061806,1.55116868019104,1.5015852451324463,0.06299963593482971,1.22356379032135,H88/H99,H88,1.1605641543865204,True
train,20250624,H99,B18_0893_125061807,1.6407192945480347,1.547626256942749,1.218313217163086,0.07859963178634644,H88/H99,H99,-1.1397135853767395,True
train,20250624,YJD,B18_0901_125061801,0.951078474521637,0.04425078257918358,1.4962819814682007,1.5563504695892334,RJD/YJD,YJD,-0.9068276919424534,True
train,20250624,YJD,B18_0902_125061804,0.9755354523658752,0.09219145774841309,1.4425721168518066,1.5617011785507202,RJD/YJD,YJD,-0.8833439946174622,True
train,20250624,H88,B18_0903_125061903,1.567343831062317,1.502363681793213,0.04642524942755699,1.2041934728622437,H88/H99,H88,1.1577682234346867,True
train,20250624,H88,B18_0904_125061906,1.5601054430007935,1.4717578887939453,0.061435211449861526,1.221307396888733,H88/H99,H88,1.1598721854388714,True
train,20250624,H88,B18_0905_125061908,1.564712405204773,1.4857631921768188,0.07178564369678497,1.2362209558486938,H88/H99,H88,1.1644353121519089,True
train,20250624,YJD,B18_0911_125061901,0.9521394968032837,0.043355416506528854,1.4972749948501587,1.554610252380371,RJD/YJD,YJD,-0.9087840802967548,True
train,20250624,YJD,B18_0912_125061904,0.9467321634292603,0.053143084049224854,1.5037554502487183,1.5680277347564697,RJD/YJD,YJD,-0.8935890793800354,True
train,20250624,H88,B18_0913_125062003,1.5524861812591553,1.4989067316055298,0.06251811981201172,1.228204369544983,H88/H99,H88,1.1656862497329712,True
train,20250624,H88,B18_0914_125062006,1.554357647895813,1.500715732574463,0.06416812539100647,1.2302120923995972,H88/H99,H88,1.1660439670085907,True
train,20250624,YJD,B18_0920_125062001,0.9836927652359009,0.06424099951982498,1.4585102796554565,1.549201250076294,RJD/YJD,YJD,-0.9194517657160759,True
train,20250624,YJD,B18_0921_125062004,0.9296908974647522,0.09077435731887817,1.5309339761734009,1.5769306421279907,RJD/YJD,YJD,-0.838916540145874,True
train,20250624,YJD,B18_0928_125062301,0.9840195178985596,0.06981483101844788,1.474907398223877,1.540785789489746,RJD/YJD,YJD,-0.9142046868801117,True
train,20250624,YJD,B18_0929_125062304,0.9024139642715454,0.08188070356845856,1.5117789506912231,1.575076937675476,RJD/YJD,YJD,-0.8205332607030869,True
train,20250624,H88,B18_0930_125062408,1.5618736743927002,1.4953575134277344,0.039604999125003815,1.2025926113128662,H88/H99,H88,1.1629876121878624,True
train,20250624,H88,B18_0931_125062410,1.5700478553771973,1.529104471206665,0.08370713144540787,1.212967872619629,H88/H99,H88,1.129260741174221,True
train,20250624,YJD,B18_0939_125062402,0.9819502830505371,0.11687784641981125,1.4455727338790894,1.535719871520996,RJD/YJD,YJD,-0.8650724366307259,True
train,20250624,YJD,B18_0940_125062405,0.9535346031188965,0.03974021598696709,1.4978927373886108,1.560378074645996,RJD/YJD,YJD,-0.9137943871319294,True
train,20250724,YJD,B19_1000_125070201,1.1765300035476685,0.4118466377258301,1.2214065790176392,1.4745348691940308,RJD/YJD,YJD,-0.7646833658218384,True
train,20250724,YJD,B19_1001_125070204,0.9537220597267151,0.05483335256576538,1.4946433305740356,1.567650318145752,RJD/YJD,YJD,-0.8988887071609497,True
train,20250724,YJD,B19_1002_125070207,0.9926027655601501,0.09030431509017944,1.456048607826233,1.570429801940918,RJD/YJD,YJD,-0.9022984504699707,True
train,20250724,YJD,B19_1003_125070210,0.9972516298294067,0.0915631502866745,1.4875478744506836,1.547042965888977,RJD/YJD,YJD,-0.9056884795427322,True
train,20250724,H88,B19_1004_125070303,1.56508207321167,1.5077643394470215,0.05125034600496292,1.1893731355667114,H88/H99,H88,1.1381227895617485,True
train,20250724,H88,B19_1005_125070306,1.566463828086853,1.500320315361023,0.057339273393154144,1.2081449031829834,H88/H99,H88,1.1508056297898293,True
train,20250724,H88,B19_1006_125070308,1.5612127780914307,1.5029891729354858,0.08497356623411179,1.17718505859375,H88/H99,H88,1.0922114923596382,True
train,20250724,H88,B19_1007_125070310,1.5476738214492798,1.451425313949585,0.08177872747182846,1.2251148223876953,H88/H99,H88,1.1433360949158669,True
train,20250724,H88,B19_1008_125070313,1.5682374238967896,1.515451192855835,0.07209096848964691,1.2056126594543457,H88/H99,H88,1.1335216909646988,True
train,20250724,YJD,B19_1017_125070301,0.9522120952606201,0.036825601011514664,1.4926972389221191,1.5548515319824219,RJD/YJD,YJD,-0.9153864942491055,True
train,20250724,YJD,B19_1018_125070304,0.9747930765151978,0.06533852964639664,1.4583576917648315,1.5507961511611938,RJD/YJD,YJD,-0.9094545468688011,True
train,20250724,H88,B19_1019_125070403,1.539547085762024,1.3899073600769043,0.18007352948188782,1.186334490776062,H88/H99,H88,1.0062609612941742,True
train,20250724,H88,B19_1020_125070406,1.5694458484649658,1.5109518766403198,0.06470878422260284,1.207051396369934,H88/H99,H88,1.1423426121473312,True
train,20250724,H88,B19_1021_125070408,1.5605882406234741,1.4971646070480347,0.07398145645856857,1.2363898754119873,H88/H99,H88,1.1624084189534187,True
train,20250724,H99,B19_1022_125070411,1.6403148174285889,1.5335949659347534,1.1896637678146362,0.05805004760622978,H88/H99,H99,-1.1316137202084064,True
train,20250724,YJD,B19_1032_125070401,1.074783205986023,0.2871212065219879,1.2952613830566406,1.4831033945083618,RJD/YJD,YJD,-0.787661999464035,True
train,20250724,YJD,B19_1033_125070404,0.9808270335197449,0.06342630833387375,1.4558817148208618,1.5492873191833496,RJD/YJD,YJD,-0.9174007251858711,True
train,20250724,YJD,B19_1034_125070410,1.0514516830444336,0.248765766620636,1.3207364082336426,1.52621328830719,RJD/YJD,YJD,-0.8026859164237976,True
train,20250724,H88,B19_1035_125070503,1.5222511291503906,1.3856054544448853,0.18157662451267242,1.178181767463684,H88/H99,H88,0.9966051429510117,True
train,20250724,H88,B19_1036_125070506,1.5364938974380493,1.4514200687408447,0.09625149518251419,1.2473464012145996,H88/H99,H88,1.1510949060320854,True
train,20250724,H88,B19_1037_125070508,1.562123417854309,1.5061780214309692,0.06700225919485092,1.22800874710083,H88/H99,H88,1.1610064879059792,True
train,20250724,H88,B19_1038_125070510,1.5599539279937744,1.4987984895706177,0.038764581084251404,1.204702615737915,H88/H99,H88,1.1659380346536636,True
train,20250724,H99,B19_1039_125070517,1.6828789710998535,1.5883736610412598,1.2093089818954468,0.07989182323217392,H88/H99,H99,-1.1294171586632729,True
train,20250724,YJD,B19_1047_125070501,0.9864281415939331,0.07671883702278137,1.4870398044586182,1.5239839553833008,RJD/YJD,YJD,-0.9097093045711517,True
train,20250724,YJD,B19_1048_125070504,0.9531965851783752,0.04742741957306862,1.4897034168243408,1.5619111061096191,RJD/YJD,YJD,-0.9057691656053066,True
train,20250724,YJD,B19_1049_125070512,0.9947983622550964,0.09194674342870712,1.4390772581100464,1.5455046892166138,RJD/YJD,YJD,-0.9028516188263893,True
train,20250724,YJD,B19_1050_125070514,0.9703302979469299,0.07340963929891586,1.4768284559249878,1.5428584814071655,RJD/YJD,YJD,-0.8969206586480141,True
train,20250724,H88,B19_1051_125070706,1.5816092491149902,1.4984943866729736,0.08785535395145416,1.158065915107727,H88/H99,H88,1.0702105611562729,True
train,20250724,H88,B19_1052_125070708,1.583619475364685,1.5044915676116943,0.09935563802719116,1.129439353942871,H88/H99,H88,1.03008371591568,True
train,20250724,H88,B19_1053_125070710,1.553054690361023,1.4618967771530151,0.09417533129453659,1.2443487644195557,H88/H99,H88,1.150173433125019,True
train,20250724,H99,B19_1054_125070705,1.6771644353866577,1.5937589406967163,1.2244199514389038,0.09941411018371582,H88/H99,H99,-1.125005841255188,True
train,20250724,H99,B19_1055_125070713,1.675560712814331,1.5860772132873535,1.224814772605896,0.08880545943975449,H88/H99,H99,-1.1360093131661415,True
train,20250724,YJD,B19_1064_125070701,0.9370409250259399,0.12093465775251389,1.5200703144073486,1.570914387702942,RJD/YJD,YJD,-0.8161062672734261,True
train,20250724,YJD,B19_1065_125070703,0.9850361347198486,0.08733002841472626,1.4753763675689697,1.5386897325515747,RJD/YJD,YJD,-0.8977061063051224,True
train,20250724,H88,B19_1066_125070807,1.571229100227356,1.504905343055725,0.05754886940121651,1.2106029987335205,H88/H99,H88,1.153054129332304,True
train,20250724,H88,B19_1067_125070810,1.5783551931381226,1.498264193534851,0.05893556773662567,1.208099126815796,H88/H99,H88,1.1491635590791702,True
train,20250724,H88,B19_1068_125070813,1.5606658458709717,1.489738941192627,0.04825963079929352,1.2049351930618286,H88/H99,H88,1.156675562262535,True
train,20250724,H99,B19_1069_125070804,1.6753475666046143,1.5773488283157349,1.2342839241027832,0.08939815312623978,H88/H99,H99,-1.1448857709765434,True
train,20250724,YJD,B19_1077_125070802,1.0069481134414673,0.15732888877391815,1.3986419439315796,1.5544548034667969,RJD/YJD,YJD,-0.8496192246675491,True
train,20250724,YJD,B19_1078_125070805,1.0170855522155762,0.10956285148859024,1.4491783380508423,1.513795256614685,RJD/YJD,YJD,-0.9075227007269859,True
train,20250724,YJD,B19_1079_125070808,0.9629144072532654,0.0420985110104084,1.5013363361358643,1.557084321975708,RJD/YJD,YJD,-0.920815896242857,True
train,20250724,YJD,B19_1080_125070811,0.9806939959526062,0.0936170294880867,1.5030239820480347,1.5376203060150146,RJD/YJD,YJD,-0.8870769664645195,True
train,20250724,H88,B19_1081_125070907,1.5702511072158813,1.4986897706985474,0.06826601177453995,1.1527286767959595,H88/H99,H88,1.0844626650214195,True
train,20250724,H88,B19_1082_125070910,1.5548702478408813,1.4664652347564697,0.07604421675205231,1.1783019304275513,H88/H99,H88,1.102257713675499,True
train,20250724,H88,B19_1083_125070913,1.5573315620422363,1.4622780084609985,0.09058176726102829,1.21007239818573,H88/H99,H88,1.1194906309247017,True
train,20250724,H99,B19_1084_125070903,1.6841151714324951,1.5985453128814697,1.2135794162750244,0.09362275898456573,H88/H99,H99,-1.1199566572904587,True
train,20250724,H99,B19_1085_125070906,1.6283421516418457,1.5172195434570312,1.2170053720474243,0.09862133115530014,H88/H99,H99,-1.1183840408921242,True
train,20250724,YJD,B19_1095_125070901,1.0209641456604004,0.10892557352781296,1.4654488563537598,1.5244982242584229,RJD/YJD,YJD,-0.9120385721325874,True
train,20250724,YJD,B19_1096_125070904,0.997734010219574,0.08145301043987274,1.463050127029419,1.5593407154083252,RJD/YJD,YJD,-0.9162809997797012,True
train,20250724,YJD,B19_1097_125070909,0.9694662094116211,0.06920772790908813,1.4719353914260864,1.543628215789795,RJD/YJD,YJD,-0.900258481502533,True
train,20250724,H88,B19_1098_125071003,1.5725975036621094,1.5147504806518555,0.05343836173415184,1.1930861473083496,H88/H99,H88,1.1396477855741978,True
train,20250724,H88,B19_1099_125071011,1.5540192127227783,1.472290277481079,0.06910430639982224,1.1708950996398926,H88/H99,H88,1.1017907932400703,True
train,20250724,H88,B19_1100_125071014,1.5517488718032837,1.465959906578064,0.06616571545600891,1.1901248693466187,H88/H99,H88,1.1239591538906097,True
train,20250724,H88,B19_1101_125071016,1.5512536764144897,1.4872713088989258,0.055492471903562546,1.207137942314148,H88/H99,H88,1.1516454704105854,True
train,20250724,H99,B19_1102_125071006,1.65850031375885,1.5571669340133667,1.192346215248108,0.044107772409915924,H88/H99,H99,-1.148238442838192,True
train,20250724,H99,B19_1103_125071008,1.6791372299194336,1.5852770805358887,1.2273318767547607,0.09390722215175629,H88/H99,H99,-1.1334246546030045,True
train,20250724,YJD,B19_1112_125071001,0.9530945420265198,0.08324515074491501,1.521745204925537,1.5814995765686035,RJD/YJD,YJD,-0.8698493912816048,True
train,20250724,YJD,B19_1113_125071004,0.9766919612884521,0.07558903098106384,1.491891860961914,1.5317368507385254,RJD/YJD,YJD,-0.9011029303073883,True
train,20250724,H88,B19_1114_125071103,1.563722848892212,1.486305832862854,0.11053397506475449,1.1223390102386475,H88/H99,H88,1.011805035173893,True
train,20250724,H88,B19_1115_125071106,1.5602302551269531,1.4750773906707764,0.07728198170661926,1.237509846687317,H88/H99,H88,1.1602278649806976,True
train,20250724,H88,B19_1116_125071114,1.5131946802139282,1.379271149635315,0.17673656344413757,1.2095292806625366,H88/H99,H88,1.032792717218399,True
train,20250724,H88,B19_1117_125071116,1.5632245540618896,1.4553979635238647,0.09267766028642654,1.2195451259613037,H88/H99,H88,1.1268674656748772,True
train,20250724,H99,B19_1118_125071112,1.6623367071151733,1.5594686269760132,1.2336704730987549,0.07268095761537552,H88/H99,H99,-1.1609895154833794,True
train,20250724,YJD,B19_1128_125071101,0.9967766404151917,0.08401701599359512,1.4510996341705322,1.5295145511627197,RJD/YJD,YJD,-0.9127596244215965,True
train,20250724,YJD,B19_1129_125071104,0.9779101610183716,0.052524857223033905,1.4840145111083984,1.5359885692596436,RJD/YJD,YJD,-0.9253853037953377,True
train,20250724,H88,B19_1130_125071203,1.5581854581832886,1.4734653234481812,0.09024488925933838,1.1416352987289429,H88/H99,H88,1.0513904094696045,True
train,20250724,H88,B19_1131_125071210,1.5302834510803223,1.423396110534668,0.14138883352279663,1.1881248950958252,H88/H99,H88,1.0467360615730286,True
train,20250724,H88,B19_1132_125071212,1.5539172887802124,1.4703013896942139,0.09023366123437881,1.2504942417144775,H88/H99,H88,1.1602605804800987,True
train,20250724,H88,B19_1133_125071215,1.561902403831482,1.4716678857803345,0.07349970936775208,1.2314010858535767,H88/H99,H88,1.1579013764858246,True
train,20250724,H99,B19_1134_125071205,1.664257287979126,1.5723003149032593,1.1894980669021606,0.044990818947553635,H88/H99,H99,-1.144507247954607,True
train,20250724,H99,B19_1135_125071207,1.7162911891937256,1.6118077039718628,1.2395609617233276,0.16692042350769043,H88/H99,H99,-1.0726405382156372,True
train,20250724,YJD,B19_1144_125071201,1.0267804861068726,0.13846927881240845,1.426439642906189,1.5053818225860596,RJD/YJD,YJD,-0.8883112072944641,True
train,20250724,YJD,B19_1145_125071204,0.9584372043609619,0.10200346261262894,1.4354219436645508,1.5486633777618408,RJD/YJD,YJD,-0.856433741748333,True
train,20250724,YJD,B19_1146_125071211,0.9170858860015869,0.1263228952884674,1.4336020946502686,1.5618692636489868,RJD/YJD,YJD,-0.7907629907131195,True
train,20250724,YJD,B19_1147_125071213,0.9730182886123657,0.07438801229000092,1.510986328125,1.5466479063034058,RJD/YJD,YJD,-0.8986302763223648,True
train,20250724,H88,B19_1148_125071408,1.5618923902511597,1.4845433235168457,0.05080002546310425,1.19707453250885,H88/H99,H88,1.1462745070457458,True
train,20250724,H88,B19_1149_125071411,1.5841031074523926,1.5261036157608032,0.09764007478952408,1.2101483345031738,H88/H99,H88,1.1125082597136497,True
train,20250724,H88,B19_1150_125071414,1.6127322912216187,1.553914189338684,0.21455474197864532,1.1757347583770752,H88/H99,H88,0.9611800163984299,True
train,20250724,H99,B19_1151_125071402,1.6762093305587769,1.5795449018478394,1.1866494417190552,0.057742226868867874,H88/H99,H99,-1.1289072148501873,True
train,20250724,H99,B19_1152_125071405,1.7293845415115356,1.6344891786575317,1.2933745384216309,0.28037571907043457,H88/H99,H99,-1.0129988193511963,True
train,20250724,H99,B19_1153_125071416,1.6521011590957642,1.5399813652038574,1.2600126266479492,0.10693136602640152,H88/H99,H99,-1.1530812606215477,True
train,20250724,H88,B19_1165_125071502,1.6639485359191895,1.5261188745498657,1.2958474159240723,1.589134931564331,H88/H99,H88,0.2932875156402588,True
train,20250724,H88,B19_1166_125071505,1.5895553827285767,1.5277490615844727,0.09247162193059921,1.186227798461914,H88/H99,H88,1.0937561765313148,True
train,20250724,H88,B19_1167_125071507,1.5752232074737549,1.5039286613464355,0.04855146259069443,1.1717554330825806,H88/H99,H88,1.1232039704918861,True
train,20250724,H88,B19_1168_125071508,1.5639656782150269,1.482488989830017,0.07378380745649338,1.2362306118011475,H88/H99,H88,1.162446804344654,True
train,20250724,H99,B19_1169_125071518,1.6736915111541748,1.5808886289596558,1.2448649406433105,0.10551225394010544,H88/H99,H99,-1.139352686703205,True
train,20250724,H88,B19_1183_125071608,1.5642900466918945,1.5008364915847778,0.05919189378619194,1.209945797920227,H88/H99,H88,1.150753904134035,True
train,20250724,H88,B19_1184_125071611,1.547965407371521,1.4496005773544312,0.08141275495290756,1.2050703763961792,H88/H99,H88,1.1236576214432716,True
train,20250724,H88,B19_1185_125071614,1.5628037452697754,1.4619805812835693,0.09778616577386856,1.1871708631515503,H88/H99,H88,1.0893846973776817,True
train,20250724,H99,B19_1186_125071602,1.6712592840194702,1.5758581161499023,1.2235536575317383,0.08919790387153625,H88/H99,H99,-1.134355753660202,True
train,20250724,H99,B19_1187_125071605,1.692001223564148,1.5898813009262085,1.2042243480682373,0.08104880154132843,H88/H99,H99,-1.1231755465269089,True
train,20250724,H88,B19_1200_125071707,1.5833414793014526,1.5315070152282715,0.1095971167087555,1.1366543769836426,H88/H99,H88,1.027057260274887,True
train,20250724,H88,B19_1201_125071710,1.5906686782836914,1.5215126276016235,0.08764954656362534,1.1553038358688354,H88/H99,H88,1.0676542893052101,True
train,20250724,H88,B19_1202_125071702,1.5777379274368286,1.5045009851455688,0.07493247836828232,1.1667282581329346,H88/H99,H88,1.0917957797646523,True
train,20250724,H99,B19_1203_125071704,1.676309585571289,1.5791516304016113,1.2119792699813843,0.07481067627668381,H88/H99,H99,-1.1371685937047005,True
train,20250724,H88,B19_1216_125071804,1.5466876029968262,1.4651254415512085,0.08258884400129318,1.2318326234817505,H88/H99,H88,1.1492437794804573,True
train,20250724,H88,B19_1217_125071813,1.5302070379257202,1.4386845827102661,0.10079016536474228,1.1905640363693237,H88/H99,H88,1.0897738710045815,True
train,20250724,H99,B19_1218_125071802,1.6763710975646973,1.586479902267456,1.2017403841018677,0.06873935461044312,H88/H99,H99,-1.1330010294914246,True
train,20250724,YJD,B19_1228_125071805,1.038425087928772,0.170338436961174,1.397448182106018,1.50755774974823,RJD/YJD,YJD,-0.868086650967598,True
train,20250724,YJD,B19_1229_125071808,0.9374282956123352,0.0709521546959877,1.4917463064193726,1.5759024620056152,RJD/YJD,YJD,-0.8664761409163475,True
train,20250724,H88,B19_1230_125071902,1.5511620044708252,1.4825208187103271,0.05594497174024582,1.2187156677246094,H88/H99,H88,1.1627706959843636,True
train,20250724,H99,B19_1231_125071905,1.642366647720337,1.545824408531189,1.2388758659362793,0.08784517645835876,H88/H99,H99,-1.1510306894779205,True
train,20250724,YJD,B19_1243_125071903,0.9899543523788452,0.08051682263612747,1.4718066453933716,1.554663062095642,RJD/YJD,YJD,-0.9094375297427177,True
train,20250724,YJD,B19_1244_125071906,0.9815395474433899,0.07859887182712555,1.5150487422943115,1.552197813987732,RJD/YJD,YJD,-0.9029406756162643,True
train,20250724,YJD,B19_1245_125071909,0.9819697141647339,0.058065447956323624,1.4933921098709106,1.5505162477493286,RJD/YJD,YJD,-0.9239042662084103,True
train,20250724,H88,B19_1246_125072102,1.550173282623291,1.4731725454330444,0.05883637070655823,1.2128397226333618,H88/H99,H88,1.1540033519268036,True
train,20250724,H88,B19_1247_125072104,1.5605262517929077,1.4926342964172363,0.04242992773652077,1.198928952217102,H88/H99,H88,1.1564990244805813,True
train,20250724,H88,B19_1257_125072201,1.5794272422790527,1.5126138925552368,0.0894121527671814,1.1322075128555298,H88/H99,H88,1.0427953600883484,True
train,20250724,H88,B19_1258_125072205,1.5448963642120361,1.4763211011886597,0.07841818034648895,1.2299442291259766,H88/H99,H88,1.1515260487794876,True
train,20250724,YJD,B19_1271_125072211,1.000726342201233,0.08891747891902924,1.4782921075820923,1.5329556465148926,RJD/YJD,YJD,-0.9118088632822037,True
train,20250724,H88,B19_1272_125072304,1.5547221899032593,1.4993679523468018,0.09829138964414597,1.185346007347107,H88/H99,H88,1.087054617702961,True
train,20250724,H99,B19_1273_125072311,1.654987096786499,1.5396332740783691,1.225964903831482,0.07659481465816498,H88/H99,H99,-1.149370089173317,True
train,20250724,YJD,B19_1286_125072302,1.0475609302520752,0.2404404729604721,1.3587554693222046,1.5099995136260986,RJD/YJD,YJD,-0.8071204572916031,True
train,20250724,H88,B19_1287_125072402,1.555499792098999,1.4895933866500854,0.06905512511730194,1.2351326942443848,H88/H99,H88,1.1660775691270828,True
train,20250724,YJD,B19_1300_125072410,0.9235835075378418,0.10189705342054367,1.5074046850204468,1.5452451705932617,RJD/YJD,YJD,-0.8216864541172981,True
train,20250724,YJD,B19_1301_125072413,0.9626427292823792,0.04923173040151596,1.4793615341186523,1.5558466911315918,RJD/YJD,YJD,-0.9134109988808632,True
train,20250724,YJD,B19_0945_125062503,0.9371426105499268,0.07748571038246155,1.5143312215805054,1.563180923461914,RJD/YJD,YJD,-0.8596569001674652,True
train,20250724,YJD,B19_0946_125062505,0.954433798789978,0.07023870944976807,1.4989243745803833,1.569230079650879,RJD/YJD,YJD,-0.88419508934021,True
train,20250724,H88,B19_0947_125062607,1.5105663537979126,1.3486255407333374,0.2283564656972885,1.2631951570510864,H88/H99,H88,1.034838691353798,True
train,20250724,H88,B19_0948_125062610,1.548929214477539,1.4776902198791504,0.08652503788471222,1.2508628368377686,H88/H99,H88,1.1643377989530563,True
train,20250724,H88,B19_0949_125062615,1.5506434440612793,1.4401832818984985,0.11096050590276718,1.2399020195007324,H88/H99,H88,1.1289415135979652,True
train,20250724,H99,B19_0950_125062602,1.6741746664047241,1.5902559757232666,1.1767288446426392,0.07864511758089066,H88/H99,H99,-1.0980837270617485,True
train,20250724,H99,B19_0951_125062604,1.6738260984420776,1.571914792060852,1.2060961723327637,0.05768749117851257,H88/H99,H99,-1.148408681154251,True
train,20250724,H99,B19_0952_125062613,1.6571749448776245,1.551729679107666,1.2353224754333496,0.0769411027431488,H88/H99,H99,-1.1583813726902008,True
train,20250724,YJD,B19_0962_125062608,0.9886722564697266,0.10817551612854004,1.4226853847503662,1.5386751890182495,RJD/YJD,YJD,-0.8804967403411865,True
train,20250724,YJD,B19_0963_125062609,1.0265374183654785,0.17625735700130463,1.381412148475647,1.5168975591659546,RJD/YJD,YJD,-0.8502800613641739,True
train,20250724,YJD,B19_0964_125062617,0.9556306600570679,0.05419977009296417,1.4953529834747314,1.5533920526504517,RJD/YJD,YJD,-0.9014308899641037,True
train,20250724,H88,B19_0965_125062703,1.556341528892517,1.4751137495040894,0.07468708604574203,1.2325029373168945,H88/H99,H88,1.1578158512711525,True
train,20250724,H88,B19_0966_125062706,1.5483405590057373,1.4511719942092896,0.08733070641756058,1.22528874874115,H88/H99,H88,1.1379580423235893,True
train,20250724,H88,B19_0967_125062709,1.5639857053756714,1.4938499927520752,0.09711029380559921,1.2526689767837524,H88/H99,H88,1.1555586829781532,True
train,20250724,H88,B19_0968_125062711,1.555105209350586,1.4935169219970703,0.058152634650468826,1.1891690492630005,H88/H99,H88,1.1310164146125317,True
train,20250724,H88,B19_0969_125062713,1.5563384294509888,1.4854756593704224,0.056717392057180405,1.2254005670547485,H88/H99,H88,1.1686831749975681,True
train,20250724,YJD,B19_0976_125062701,0.9968993663787842,0.09002997726202011,1.4444034099578857,1.537977695465088,RJD/YJD,YJD,-0.9068693891167641,True
train,20250724,YJD,B19_0977_125062704,1.037074089050293,0.18823479115962982,1.3811557292938232,1.5369248390197754,RJD/YJD,YJD,-0.8488392978906631,True
train,20250724,YJD,B19_0978_125062707,1.030916452407837,0.14017775654792786,1.426418662071228,1.5360331535339355,RJD/YJD,YJD,-0.8907386958599091,True
train,20250724,H99,B19_0979_125070101,1.6611239910125732,1.5690773725509644,1.2329524755477905,0.08083082735538483,H88/H99,H99,-1.1521216481924057,True
train,20250724,H99,B19_0980_125070104,1.6646349430084229,1.5655527114868164,1.2179855108261108,0.06444896012544632,H88/H99,H99,-1.1535365507006645,True
train,20250724,H99,B19_0981_125070107,1.6157236099243164,1.5185091495513916,1.1512587070465088,0.10909780859947205,H88/H99,H99,-1.0421608984470367,True
train,20250724,H88,B19_0987_125070203,1.562313199043274,1.4816858768463135,0.1421632319688797,1.2536219358444214,H88/H99,H88,1.1114587038755417,True
train,20250724,H88,B19_0988_125070206,1.578487753868103,1.5160940885543823,0.06599568575620651,1.170327067375183,H88/H99,H88,1.1043313816189766,True
train,20250724,H88,B19_0989_125070209,1.561307430267334,1.4923546314239502,0.04769560694694519,1.2159799337387085,H88/H99,H88,1.1682843267917633,True
train,20250724,H88,B19_0990_125070212,1.5747153759002686,1.495807409286499,0.06370620429515839,1.1806458234786987,H88/H99,H88,1.1169396191835403,True
train,20250724,H88,B19_0991_125070215,1.5658234357833862,1.510622262954712,0.07521433383226395,1.226343035697937,H88/H99,H88,1.151128701865673,True
train,20250808,H88,B20_1302_125080203,1.670432686805725,1.4855713844299316,0.36873817443847656,1.0356556177139282,H88/H99,H88,0.6669174432754517,True
train,20250808,H88,B20_1305_125080307,1.5591635704040527,1.4668691158294678,0.1558653861284256,1.2380753755569458,H88/H99,H88,1.0822099894285202,True
train,20250808,H88,B20_1306_125080311,1.5535880327224731,1.4754297733306885,0.08668092638254166,1.1771059036254883,H88/H99,H88,1.0904249772429466,True
train,20250808,H99,B20_1307_125080304,1.5853482484817505,1.480423927307129,1.2773842811584473,0.21845033764839172,H88/H99,H99,-1.0589339435100555,True
train,20250808,YJD,B20_1320_125080305,0.8576658964157104,0.12514130771160126,1.4896092414855957,1.5765918493270874,RJD/YJD,YJD,-0.7325245887041092,True
train,20250808,YJD,B20_1321_125080308,0.9358283877372742,0.130752295255661,1.4205551147460938,1.5678573846817017,RJD/YJD,YJD,-0.8050760924816132,True
train,20250808,H88,B20_1322_125080404,1.566578984260559,1.4767177104949951,0.12879244983196259,1.117435336112976,H88/H99,H88,0.9886428862810135,True
train,20250808,H88,B20_1323_125080407,1.5645495653152466,1.4872510433197021,0.06832972168922424,1.1817768812179565,H88/H99,H88,1.1134471595287323,True
train,20250808,H88,B20_1324_125080410,1.5473239421844482,1.4708083868026733,0.08409997820854187,1.1990010738372803,H88/H99,H88,1.1149010956287384,True
train,20250808,H88,B20_1325_125080412,1.54191255569458,1.487355351448059,0.08744870126247406,1.2107068300247192,H88/H99,H88,1.1232581287622452,True
train,20250808,H88,B20_1326_125080420,1.5419985055923462,1.4784533977508545,0.0609012208878994,1.221766471862793,H88/H99,H88,1.1608652509748936,True
train,20250808,H99,B20_1327_125080415,1.6371053457260132,1.5397415161132812,1.2089226245880127,0.061814360320568085,H88/H99,H99,-1.1471082642674446,True
train,20250808,YJD,B20_1342_125080408,0.8772634863853455,0.12073340266942978,1.4908783435821533,1.558133840560913,RJD/YJD,YJD,-0.7565300837159157,True
train,20250808,H88,B20_1344_125080510,1.5574634075164795,1.5192934274673462,0.08286407589912415,1.1806843280792236,H88/H99,H88,1.0978202521800995,True
train,20250808,H88,B20_13443_125080507,1.5600848197937012,1.4978348016738892,0.050753071904182434,1.200411081314087,H88/H99,H88,1.1496580094099045,True
train,20250808,H99,B20_1345_125080516,1.6475231647491455,1.5391994714736938,1.1990220546722412,0.06519605964422226,H88/H99,H99,-1.133825995028019,True
train,20250808,YJD,B20_1359_125080509,0.9421733617782593,0.04508280009031296,1.487830638885498,1.5586405992507935,RJD/YJD,YJD,-0.8970905616879463,True
train,20250808,YJD,B20_1360_125080512,0.8936984539031982,0.08731091022491455,1.5069196224212646,1.567999005317688,RJD/YJD,YJD,-0.8063875436782837,True
train,20250808,H88,B20_1361_125080609,0.953768789768219,0.057786595076322556,1.5103766918182373,1.551273226737976,H88/H99,H88,0.04089653491973877,True
train,20250808,H88,B20_1362_125080613,1.547144889831543,1.4678597450256348,0.06143327057361603,1.2126686573028564,H88/H99,H88,1.1512353867292404,True
train,20250808,H88,B20_1363_125080616,1.5646841526031494,1.5133123397827148,0.08810398727655411,1.148996114730835,H88/H99,H88,1.0608921274542809,True
train,20250808,H99,B20_1364_125080619,1.6614913940429688,1.5652941465377808,1.249053716659546,0.0983174666762352,H88/H99,H99,-1.1507362499833107,True
train,20250808,RJD,B20_1380_125080608,0.40517252683639526,0.6090512275695801,1.5981162786483765,1.6661310195922852,RJD/YJD,RJD,0.20387870073318481,True
train,20250808,YJD,B20_1381_125080611,0.958116888999939,0.06905339658260345,1.5208884477615356,1.5618736743927002,RJD/YJD,YJD,-0.8890634924173355,True
train,20250808,YJD,B20_1382_125080614,0.9488202929496765,0.05922612175345421,1.5120177268981934,1.5642597675323486,RJD/YJD,YJD,-0.8895941711962223,True
train,20250808,H88,B20_1383_125080710,1.5590782165527344,1.5034960508346558,0.061653122305870056,1.2135591506958008,H88/H99,H88,1.1519060283899307,True
train,20250808,H88,B20_1384_125080713,1.564036250114441,1.4952192306518555,0.07506917417049408,1.2292600870132446,H88/H99,H88,1.1541909128427505,True
train,20250808,H88,B20_1385_125080716,1.562911868095398,1.4861046075820923,0.05996523052453995,1.2271182537078857,H88/H99,H88,1.1671530231833458,True
train,20250808,H99,B20_1386_125080719,1.6517902612686157,1.5603976249694824,1.2377375364303589,0.09669787436723709,H88/H99,H99,-1.1410396620631218,True
train,20250808,RJD,B20_1400_125080703,0.10658800601959229,1.0367865562438965,1.5601726770401,1.6621596813201904,RJD/YJD,RJD,0.9301985502243042,True
train,20250808,RJD,B20_1401_125080717,0.08100245893001556,0.9505048394203186,1.5852315425872803,1.6744946241378784,RJD/YJD,RJD,0.869502380490303,True
train,20250808,YJD,B20_1402_125080706,0.8881276249885559,0.10074994713068008,1.5050582885742188,1.569488525390625,RJD/YJD,YJD,-0.7873776778578758,True
train,20250808,YJD,B20_1403_125080709,0.9130448698997498,0.10317187756299973,1.533023715019226,1.5737003087997437,RJD/YJD,YJD,-0.80987299233675,True
train,20250808,H88,B20_1404_125080806,1.5473287105560303,1.45069420337677,0.15386050939559937,1.142004132270813,H88/H99,H88,0.9881436228752136,True
train,20250808,H88,B20_1405_125080808,1.555346131324768,1.4861201047897339,0.051758963614702225,1.1866780519485474,H88/H99,H88,1.1349190883338451,True
train,20250808,H88,B20_1406_125080811,1.5507956743240356,1.4774987697601318,0.06349533796310425,1.1874912977218628,H88/H99,H88,1.1239959597587585,True
train,20250808,H88,B20_1407_125080814,1.5482616424560547,1.518064260482788,0.09440826624631882,1.220117211341858,H88/H99,H88,1.125708945095539,True
train,20250808,H88,B20_1408_125080820,1.5701518058776855,1.5268058776855469,0.07320799678564072,1.2005640268325806,H88/H99,H88,1.1273560300469398,True
train,20250808,H99,B20_1409_125080818,1.6194498538970947,1.5338690280914307,1.1914507150650024,0.08757606893777847,H88/H99,H99,-1.103874646127224,True
train,20250808,RJD,B20_1422_125080816,0.09128835797309875,0.9370924830436707,1.6068233251571655,1.673725962638855,RJD/YJD,RJD,0.8458041250705719,True
train,20250808,YJD,B20_1423_125080801,0.9576253890991211,0.06311400979757309,1.4754095077514648,1.5619072914123535,RJD/YJD,YJD,-0.894511379301548,True
train,20250808,YJD,B20_1424_125080804,0.894199013710022,0.08620791882276535,1.51620352268219,1.586812138557434,RJD/YJD,YJD,-0.8079910948872566,True
train,20250808,H88,B20_1425_125080908,1.5642379522323608,1.4937622547149658,0.07648657262325287,1.1586949825286865,H88/H99,H88,1.0822084099054337,True
train,20250808,H88,B20_1426_125080911,1.5520501136779785,1.4644888639450073,0.11546380072832108,1.2277462482452393,H88/H99,H88,1.1122824475169182,True
train,20250808,RJD,B20_1434_125080907,0.08756722509860992,1.0145915746688843,1.5674419403076172,1.6668609380722046,RJD/YJD,RJD,0.9270243495702744,True
train,20250808,YJD,B20_1435_125080910,0.9440738558769226,0.10899177193641663,1.4312736988067627,1.5551512241363525,RJD/YJD,YJD,-0.835082083940506,True
train,20250808,H88,B20_1436_125081104,1.5638006925582886,1.498111367225647,0.051437828689813614,1.1862077713012695,H88/H99,H88,1.134769942611456,True
train,20250808,H88,B20_1437_125081106,1.5380915403366089,1.4586091041564941,0.08954937011003494,1.2366008758544922,H88/H99,H88,1.1470515057444572,True
train,20250808,H88,B20_1438_125081108,1.5455904006958008,1.4500070810317993,0.13066017627716064,1.2518776655197144,H88/H99,H88,1.1212174892425537,True
train,20250808,H99,B20_1439_125081110,1.6515122652053833,1.5669066905975342,1.2232996225357056,0.06392569839954376,H88/H99,H99,-1.1593739241361618,True
train,20250808,YJD,B20_1447_125081102,0.9556902050971985,0.05905276909470558,1.4795506000518799,1.5639417171478271,RJD/YJD,YJD,-0.8966374360024929,True
train,20250808,H88,B20_1448_425081209,1.5553470849990845,1.497867465019226,0.06435409933328629,1.2222386598587036,H88/H99,H88,1.1578845605254173,True
train,20250808,YJD,B20_1450_125081204,0.9225226640701294,0.0748576745390892,1.521710753440857,1.5666452646255493,RJD/YJD,YJD,-0.8476649895310402,True
train,20250815,H88,B21_1451_125081212,1.5623157024383545,1.5218027830123901,0.09717103838920593,1.19365656375885,H88/H99,H88,1.0964855253696442,True
train,20250815,H88,B21_1453_125081202,1.542153000831604,1.4875048398971558,0.0661138966679573,1.2204484939575195,H88/H99,H88,1.1543345972895622,True
train,20250815,H88,B21_1454_125081217,1.557515263557434,1.4867967367172241,0.06267713010311127,1.2235296964645386,H88/H99,H88,1.1608525663614273,True
train,20250815,H88,B21_1455_425081213,1.5740498304367065,1.5112783908843994,0.05676151439547539,1.1942377090454102,H88/H99,H88,1.1374761946499348,True
train,20250815,H99,B21_1456_125081218,1.6272550821304321,1.52439546585083,1.203715205192566,0.08587505668401718,H88/H99,H99,-1.1178401485085487,True
train,20250815,H99,B21_1457_125081219,1.646228313446045,1.5479437112808228,1.2268667221069336,0.0722878947854042,H88/H99,H99,-1.1545788273215294,True
train,20250815,RJD,B21_1468_125081206,0.2712489068508148,0.7284165620803833,1.5734915733337402,1.6773583889007568,RJD/YJD,RJD,0.4571676552295685,True
train,20250815,RJD,B21_1469_125081207,0.1090666651725769,0.955527126789093,1.5925297737121582,1.6789096593856812,RJD/YJD,RJD,0.8464604616165161,True
train,20250815,YJD,B21_1470_125081208,0.9316280484199524,0.08160945773124695,1.5245208740234375,1.5586762428283691,RJD/YJD,YJD,-0.8500185906887054,True
train,20250815,YJD,B21_1471_125081209,0.9231991171836853,0.14384835958480835,1.4970335960388184,1.5374034643173218,RJD/YJD,YJD,-0.779350757598877,True
train,20250815,H88,B21_1472_125081301,1.552693486213684,1.5112762451171875,0.06483301520347595,1.1995339393615723,H88/H99,H88,1.1347009241580963,True
train,20250815,H88,B21_1473_125081318,1.561074137687683,1.4852886199951172,0.05111059173941612,1.2127329111099243,H88/H99,H88,1.1616223193705082,True
train,20250815,H88,B21_1474_225081301,1.5314873456954956,1.485377550125122,0.08654019236564636,1.2367624044418335,H88/H99,H88,1.1502222120761871,True
train,20250815,H88,B21_1475_425081304,1.5769966840744019,1.529873013496399,0.10189705342054367,1.1692410707473755,H88/H99,H88,1.0673440173268318,True
train,20250815,H88,B21_1476_125081316,1.5648391246795654,1.4985781908035278,0.0435761958360672,1.1971501111984253,H88/H99,H88,1.153573915362358,True
train,20250815,H88,B21_1477_425081302,1.5635473728179932,1.505537748336792,0.05973118916153908,1.1758534908294678,H88/H99,H88,1.1161223016679287,True
train,20250815,H88,B21_1478_425081303,1.5619844198226929,1.5214470624923706,0.07959882915019989,1.1924299001693726,H88/H99,H88,1.1128310710191727,True
train,20250815,H99,B21_1479_125081310,1.6514168977737427,1.566132664680481,1.1998889446258545,0.05726541951298714,H88/H99,H99,-1.1426235251128674,True
train,20250815,H99,B21_1480_125081313,1.6473759412765503,1.549533724784851,1.2366724014282227,0.08031224459409714,H88/H99,H99,-1.1563601568341255,True
train,20250815,RJD,B21_1491_125081311,0.07821345329284668,0.9320127964019775,1.5925705432891846,1.6725727319717407,RJD/YJD,RJD,0.8537993431091309,True
train,20250815,RJD,B21_1492_125081314,0.2565775215625763,0.7612103223800659,1.6212830543518066,1.6888618469238281,RJD/YJD,RJD,0.5046328008174896,True
train,20250815,YJD,B21_1493_125081307,0.9449571967124939,0.09849190711975098,1.450413465499878,1.5624111890792847,RJD/YJD,YJD,-0.8464652895927429,True
train,20250815,YJD,B21_1494_125081309,0.9297012090682983,0.08033450692892075,1.4675025939941406,1.577064037322998,RJD/YJD,YJD,-0.8493667021393776,True
train,20250815,H88,B21_1495_125081401,1.5372035503387451,1.4788633584976196,0.08702234923839569,1.2128448486328125,H88/H99,H88,1.1258224993944168,True
train,20250815,H88,B21_1496_125081403,1.5552507638931274,1.4871163368225098,0.0672801211476326,1.2136694192886353,H88/H99,H88,1.1463892981410027,True
train,20250815,H88,B21_1497_425081405,1.5559349060058594,1.4998130798339844,0.06195594370365143,1.2099833488464355,H88/H99,H88,1.1480274051427841,True
train,20250815,H88,B21_1498_425081406,1.5597041845321655,1.510756015777588,0.10359850525856018,1.219638705253601,H88/H99,H88,1.116040199995041,True
train,20250815,H88,B21_1499_425081404,1.5559959411621094,1.5181447267532349,0.07741452753543854,1.2034281492233276,H88/H99,H88,1.126013621687889,True
train,20250815,H99,B21_1500_125081412,1.6440706253051758,1.536800503730774,1.2058974504470825,0.06262195110321045,H88/H99,H99,-1.143275499343872,True
train,20250815,H99,B21_1501_125081416,1.634611964225769,1.5340590476989746,1.176202416419983,0.07125560939311981,H88/H99,H99,-1.104946807026863,True
train,20250815,RJD,B21_1514_125081411,0.1422068327665329,1.070562481880188,1.5653737783432007,1.6790014505386353,RJD/YJD,RJD,0.9283556491136551,True
train,20250815,RJD,B21_1515_125081414,0.062073204666376114,0.9443016052246094,1.5609744787216187,1.666917085647583,RJD/YJD,RJD,0.8822284005582333,True
train,20250815,YJD,B21_1516_125081406,0.9468672871589661,0.0864306092262268,1.5311552286148071,1.5646016597747803,RJD/YJD,YJD,-0.8604366779327393,True
train,20250815,YJD,B21_1517_125081408,0.9522373080253601,0.07379834353923798,1.5101449489593506,1.5502175092697144,RJD/YJD,YJD,-0.8784389644861221,True
train,20250815,H88,B21_1542_125081214,1.5543524026870728,1.5055029392242432,0.0682450532913208,1.2205839157104492,H88/H99,H88,1.1523388624191284,True
train,20250821,H88,B22_1518_425081513,1.6116336584091187,1.5619195699691772,0.3392498791217804,0.9261971712112427,H88/H99,H88,0.5869472920894623,True
train,20250821,H88,B22_1519_425081514,1.5619676113128662,1.504148006439209,0.058675073087215424,1.1892812252044678,H88/H99,H88,1.1306061521172523,True
train,20250821,H99,B22_1520_125081501,1.6537339687347412,1.5640920400619507,1.175270676612854,0.060729704797267914,H88/H99,H99,-1.114540971815586,True
train,20250821,H99,B22_1521_125081503,1.662410020828247,1.5669997930526733,1.1970739364624023,0.04749460890889168,H88/H99,H99,-1.1495793275535107,True
train,20250821,RJD,B22_1540_125081510,0.14180557429790497,1.0717651844024658,1.5538969039916992,1.6561353206634521,RJD/YJD,RJD,0.9299596101045609,True
train,20250821,YJD,B22_1541_125081507,0.9308634400367737,0.08857696503400803,1.530799388885498,1.5573863983154297,RJD/YJD,YJD,-0.8422864750027657,True
train,20250821,YJD,B22_1542_125081508,0.9489902853965759,0.11026618629693985,1.5310111045837402,1.554319143295288,RJD/YJD,YJD,-0.8387240990996361,True
train,20250821,H88,B22_1543_425081601,1.5464544296264648,1.4778214693069458,0.05930054560303688,1.2203024625778198,H88/H99,H88,1.161001916974783,True
train,20250821,H88,B22_1544_425081604,1.5395101308822632,1.4875801801681519,0.08589101582765579,1.2253673076629639,H88/H99,H88,1.139476291835308,True
train,20250821,H88,B22_1545_425081607,1.5417119264602661,1.4576960802078247,0.07825802266597748,1.2324151992797852,H88/H99,H88,1.1541571766138077,True
train,20250821,H88,B22_1553_425081803,1.5696426630020142,1.5061770677566528,0.06795096397399902,1.1849627494812012,H88/H99,H88,1.1170117855072021,True
train,20250821,H88,B22_1554_425081805,1.5494340658187866,1.4410439729690552,0.11681000143289566,1.2496085166931152,H88/H99,H88,1.1327985152602196,True
train,20250821,H88,B22_1555_425081808,1.5386143922805786,1.4559948444366455,0.08809451758861542,1.2132095098495483,H88/H99,H88,1.125114992260933,True
train,20250821,H88,B22_1556_425081812,1.5677167177200317,1.5085805654525757,0.05082935094833374,1.1968365907669067,H88/H99,H88,1.146007239818573,True
train,20250821,H99,B22_1557_125081802,1.6418935060501099,1.5534803867340088,1.2013636827468872,0.07010535150766373,H88/H99,H99,-1.1312583312392235,True
train,20250821,H99,B22_1558_125081804,1.6423473358154297,1.549492597579956,1.1632142066955566,0.060936443507671356,H88/H99,H99,-1.1022777631878853,True
train,20250821,RJD,B22_1568_125081801,0.22820790112018585,0.7717346549034119,1.5954232215881348,1.6651461124420166,RJD/YJD,RJD,0.543526753783226,True
train,20250821,YJD,B22_1569_125081803,0.9835398197174072,0.0819985494017601,1.508117914199829,1.5398508310317993,RJD/YJD,YJD,-0.9015412703156471,True
train,20250821,H88,B22_1570_425081901,1.5525617599487305,1.4669709205627441,0.05998510867357254,1.214111089706421,H88/H99,H88,1.1541259810328484,True
train,20250821,H88,B22_1571_425081908,1.5729156732559204,1.5074772834777832,0.059447113424539566,1.1833417415618896,H88/H99,H88,1.12389462813735,True
train,20250821,H88,B22_1572_425081911,1.5682907104492188,1.5035837888717651,0.039389196783304214,1.1942344903945923,H88/H99,H88,1.154845293611288,True
train,20250821,H88,B22_1573_425081914,1.5487587451934814,1.4865754842758179,0.05792155861854553,1.2219243049621582,H88/H99,H88,1.1640027463436127,True
train,20250821,H99,B22_1574_125081903,1.6258461475372314,1.5234003067016602,1.2320075035095215,0.11117918789386749,H88/H99,H99,-1.120828315615654,True
train,20250821,H99,B22_1575_125081905,1.6056655645370483,1.5178494453430176,1.1603820323944092,0.1225619986653328,H88/H99,H99,-1.0378200337290764,True
train,20250821,YJD,B22_1589_125081901,0.9782487154006958,0.08794011920690536,1.4761286973953247,1.5315786600112915,RJD/YJD,YJD,-0.8903085961937904,True
train,20250821,YJD,B22_1590_125081902,0.9599784016609192,0.06252764910459518,1.4750977754592896,1.5523127317428589,RJD/YJD,YJD,-0.897450752556324,True
train,20250821,H88,B22_1591_425082008,1.6657103300094604,1.536973476409912,1.315396785736084,1.6255725622177124,H88/H99,H88,0.3101757764816284,True
train,20250821,H88,B22_1592_425082010,1.5584734678268433,1.504806399345398,0.063461534678936,1.216374158859253,H88/H99,H88,1.152912624180317,True
train,20250821,H99,B22_1593_125082006,1.6790404319763184,1.586780309677124,1.244632601737976,0.11126492917537689,H88/H99,H99,-1.1333676725625992,True
train,20250821,H99,B22_1594_125082007,1.6538556814193726,1.5528165102005005,1.2022947072982788,0.06355351209640503,H88/H99,H99,-1.1387411952018738,True
train,20250821,YJD,B22_1607_125082003,0.9086136817932129,0.07719670981168747,1.5116556882858276,1.5803020000457764,RJD/YJD,YJD,-0.8314169719815254,True
train,20250821,YJD,B22_1608_125082005,0.9419113993644714,0.0876995101571083,1.5200594663619995,1.5551141500473022,RJD/YJD,YJD,-0.8542118892073631,True
train,20250828,H88,B23_1609_425082109,1.569114089012146,1.5142226219177246,0.08078435808420181,1.1878695487976074,H88/H99,H88,1.1070851907134056,True
train,20250828,H88,B23_1610_425082107,1.5419683456420898,1.4833961725234985,0.07957186549901962,1.2100248336791992,H88/H99,H88,1.1304529681801796,True
train,20250828,H99,B23_1611_125082104,1.658555030822754,1.5628422498703003,1.1723246574401855,0.053388144820928574,H88/H99,H99,-1.118936512619257,True
train,20250828,H99,B23_1612_125082105,1.6702601909637451,1.5833094120025635,1.220659852027893,0.1212201863527298,H88/H99,H99,-1.0994396656751633,True
train,20250828,RJD,B23_1623_125082101,0.14568711817264557,1.068924903869629,1.5486100912094116,1.6841319799423218,RJD/YJD,RJD,0.9232377856969833,True
train,20250828,RJD,B23_1624_125082103,0.07443847507238388,0.9301192164421082,1.5508897304534912,1.6641768217086792,RJD/YJD,RJD,0.8556807413697243,True
train,20250828,H88,B23_1625_425082201,1.5466437339782715,1.4727156162261963,0.07694536447525024,1.175101399421692,H88/H99,H88,1.0981560349464417,True
train,20250828,H88,B23_1626_425082209,1.566325306892395,1.5102365016937256,0.05803823843598366,1.1831940412521362,H88/H99,H88,1.1251558028161526,True
train,20250828,H88,B23_1627_425082211,1.556738257408142,1.495084285736084,0.058319468051195145,1.1937295198440552,H88/H99,H88,1.13541005179286,True
train,20250828,H88,B23_1628_425082205,1.5472925901412964,1.4978216886520386,0.06847002357244492,1.2133634090423584,H88/H99,H88,1.1448933854699135,True
train,20250828,H88,B23_1629_425082207,1.5672366619110107,1.4772741794586182,0.11523514986038208,1.14030122756958,H88/H99,H88,1.025066077709198,True
train,20250828,H99,B23_1630_125082206,1.6550244092941284,1.5614019632339478,1.1598145961761475,0.0524737648665905,H88/H99,H99,-1.107340831309557,True
train,20250828,H99,B23_1631_125082207,1.6507585048675537,1.5702241659164429,1.2717876434326172,0.12747274339199066,H88/H99,H99,-1.1443149000406265,True
train,20250828,YJD,B23_1643_125082201,0.7228504419326782,0.34408387541770935,1.4546157121658325,1.6414443254470825,RJD/YJD,YJD,-0.37876656651496887,True
train,20250828,YJD,B23_1644_125082203,0.9062076807022095,0.06899208575487137,1.5007015466690063,1.570051908493042,RJD/YJD,YJD,-0.8372155949473381,True
train,20250828,H88,B23_1645_425082302,1.5539084672927856,1.4916309118270874,0.06181725487112999,1.2218959331512451,H88/H99,H88,1.1600786782801151,True
train,20250828,H88,B23_1646_425082304,1.5476359128952026,1.4885210990905762,0.06710981577634811,1.211702585220337,H88/H99,H88,1.1445927694439888,True
train,20250828,H99,B23_1647_125082305,1.6501421928405762,1.5566283464431763,1.2142809629440308,0.06634518504142761,H88/H99,H99,-1.1479357779026031,True
train,20250828,RJD,B23_1657_125082302,0.41550180315971375,0.592910885810852,1.5944032669067383,1.6652419567108154,RJD/YJD,RJD,0.1774090826511383,True
train,20250828,RJD,B23_1658_125082303,0.48008111119270325,0.5332523584365845,1.6018726825714111,1.661906123161316,RJD/YJD,RJD,0.053171247243881226,True
train,20250828,YJD,B23_1659_125082304,0.952030599117279,0.062306102365255356,1.5038833618164062,1.5707134008407593,RJD/YJD,YJD,-0.8897244967520237,True
train,20250828,H88,B23_1660_425082505,1.5540730953216553,1.481608510017395,0.06165988743305206,1.2151318788528442,H88/H99,H88,1.1534719914197922,True
train,20250828,H88,B23_1661_425082507,1.5454199314117432,1.4713321924209595,0.09483284503221512,1.1515012979507446,H88/H99,H88,1.0566684529185295,True
train,20250828,H88,B23_1662_425082502,1.5480732917785645,1.464026689529419,0.06736600399017334,1.2093113660812378,H88/H99,H88,1.1419453620910645,True
train,20250828,H88,B23_1663_425082504,1.541866421699524,1.4815319776535034,0.06375483423471451,1.2072619199752808,H88/H99,H88,1.1435070857405663,True
train,20250828,H99,B23_1664_125082504,1.641444206237793,1.5437812805175781,1.1538317203521729,0.07472936809062958,H88/H99,H99,-1.0791023522615433,True
train,20250828,H99,B23_1665_125082505,1.649243712425232,1.5480180978775024,1.2309890985488892,0.07426691800355911,H88/H99,H99,-1.15672218054533,True
train,20250828,RJD,B23_1674_125082506,0.09159731864929199,0.930576741695404,1.5758419036865234,1.6593596935272217,RJD/YJD,RJD,0.8389794230461121,True
train,20250828,YJD,B23_1675_125082501,1.00137197971344,0.09998027980327606,1.4299215078353882,1.5360522270202637,RJD/YJD,YJD,-0.9013916999101639,True
train,20250828,YJD,B23_1676_125082502,0.9395043849945068,0.06966184079647064,1.5186936855316162,1.5684832334518433,RJD/YJD,YJD,-0.8698425441980362,True
train,20250828,H88,B23_1677_425082601,1.563001275062561,1.4827932119369507,0.057100728154182434,1.2190078496932983,H88/H99,H88,1.161907121539116,True
train,20250828,H88,B23_1678_425082602,1.5521491765975952,1.5093669891357422,0.07692018151283264,1.2013474702835083,H88/H99,H88,1.1244272887706757,True
train,20250828,H88,B23_1679_425082603,1.540248155593872,1.479293704032898,0.08775284886360168,1.2468427419662476,H88/H99,H88,1.1590898931026459,True
train,20250828,RJD,B23_1692_125082613,0.13193988800048828,0.8693755865097046,1.5593818426132202,1.6499989032745361,RJD/YJD,RJD,0.7374356985092163,True
train,20250828,YJD,B23_1693_125082601,0.9290345907211304,0.10028861463069916,1.5382635593414307,1.5753029584884644,RJD/YJD,YJD,-0.8287459760904312,True
train,20250828,YJD,B23_1694_125082604,0.940688967704773,0.0610048770904541,1.5177699327468872,1.5668087005615234,RJD/YJD,YJD,-0.8796840906143188,True
train,20250828,H88,B23_1695_425082701,1.539559245109558,1.4803261756896973,0.07103527337312698,1.2159695625305176,H88/H99,H88,1.1449342891573906,True
train,20250828,H88,B23_1696_425082702,1.569378137588501,1.5011729001998901,0.06431704014539719,1.2224174737930298,H88/H99,H88,1.1581004336476326,True
train,20250828,H88,B23_1697_425082704,1.5560967922210693,1.5095006227493286,0.07144440710544586,1.1931575536727905,H88/H99,H88,1.1217131465673447,True
train,20250828,H99,B23_1698_125082703,1.6851844787597656,1.5926294326782227,1.1524043083190918,0.10803932696580887,H88/H99,H99,-1.044364981353283,True
train,20250828,YJD,B23_1709_125082704,0.9472057819366455,0.0748162567615509,1.521150827407837,1.5568857192993164,RJD/YJD,YJD,-0.8723895251750946,True
train,20250828,YJD,B23_1710_125082706,0.9552151560783386,0.0850149393081665,1.526029348373413,1.5653722286224365,RJD/YJD,YJD,-0.8702002167701721,True
train,20260302,H88,B28_0001_125121112,1.6178463697433472,1.5409053564071655,0.27825412154197693,1.2689558267593384,H88/H99,H88,0.9907017052173615,True
train,20260302,H88,B28_0002_125121216,1.5432250499725342,1.4847097396850586,0.07680618762969971,1.2276818752288818,H88/H99,H88,1.1508756875991821,True
train,20260302,H88,B28_0003_125121001,1.5462572574615479,1.5039396286010742,0.08371496200561523,1.2327196598052979,H88/H99,H88,1.1490046977996826,True
train,20260302,H88,B28_0004_125121206,1.544478416442871,1.504070520401001,0.1078629195690155,1.2584034204483032,H88/H99,H88,1.1505405008792877,True
train,20260302,H88,B28_0005_125121109,1.5264317989349365,1.4530812501907349,0.11573038250207901,1.26568603515625,H88/H99,H88,1.149955652654171,True
train,20260302,H88,B28_0006_125120405,1.5524179935455322,1.5094425678253174,0.07284682989120483,1.2085477113723755,H88/H99,H88,1.1357008814811707,True
train,20260302,H88,B28_0007_125120407,1.5570684671401978,1.5235828161239624,0.08805526793003082,1.2197147607803345,H88/H99,H88,1.1316594928503036,True
train,20260302,H88,B28_0008_125120216,1.5602912902832031,1.4901405572891235,0.0736754760146141,1.2335617542266846,H88/H99,H88,1.1598862782120705,True
train,20260302,H88,B28_0009_125120413,1.5636301040649414,1.5348238945007324,0.10661372542381287,1.2275350093841553,H88/H99,H88,1.1209212839603424,True
train,20260302,H88,B28_0010_125121213,1.5474144220352173,1.5055838823318481,0.09000150859355927,1.2269858121871948,H88/H99,H88,1.1369843035936356,True
train,20260302,H88,B28_0011_125120206,1.5656819343566895,1.5188173055648804,0.07185909152030945,1.2195994853973389,H88/H99,H88,1.1477403938770294,True
train,20260302,H88,B28_0012_125120814,1.5409648418426514,1.4639239311218262,0.46260273456573486,0.8496684432029724,H88/H99,H88,0.38706570863723755,True
train,20260302,H88,B28_0013_125120912,1.5450139045715332,1.5128765106201172,0.11167612671852112,1.2494981288909912,H88/H99,H88,1.13782200217247,True
train,20260302,H88,B28_0014_125120501,1.557517409324646,1.498252511024475,0.07206492125988007,1.2304415702819824,H88/H99,H88,1.1583766490221024,True
train,20260302,H88,B28_0015_125121004,1.5434587001800537,1.489155888557434,0.08975281566381454,1.239474892616272,H88/H99,H88,1.1497220769524574,True
train,20260302,H88,B28_0016_125121106,1.5494145154953003,1.490867018699646,0.05766165256500244,1.222591519355774,H88/H99,H88,1.1649298667907715,True
train,20260302,H88,B28_0017_125120202,1.5534285306930542,1.496055006980896,0.08192800730466843,1.23418128490448,H88/H99,H88,1.1522532775998116,True
train,20260302,H88,B28_0018_125120803,1.5431314706802368,1.4463847875595093,0.7993618845939636,0.5354567766189575,H88/H99,H99,-0.2639051079750061,False
train,20260302,H88,B28_0019_125120813,1.5550053119659424,1.4966195821762085,0.05479420721530914,1.2085399627685547,H88/H99,H88,1.1537457555532455,True
train,20260302,H88,B28_0020_125120801,1.5559455156326294,1.4962526559829712,0.06844477355480194,1.230031132698059,H88/H99,H88,1.1615863591432571,True
train,20260302,H88,B28_0021_125120204,1.5551750659942627,1.5058114528656006,0.07285705953836441,1.2242851257324219,H88/H99,H88,1.1514280661940575,True
train,20260302,H88,B28_0022_125120804,1.5539964437484741,1.4921983480453491,0.059309590607881546,1.184177279472351,H88/H99,H88,1.1248676888644695,True
train,20260302,H88,B28_0023_125120508,1.5549328327178955,1.5012571811676025,0.07418902963399887,1.231507420539856,H88/H99,H88,1.157318390905857,True
train,20260302,H88,B28_0024_125120508,1.549106240272522,1.5123310089111328,0.10826253890991211,1.2538812160491943,H88/H99,H88,1.1456186771392822,True
train,20260302,H88,B28_0025_125120808,1.5369131565093994,1.4784525632858276,0.10193740576505661,1.2548894882202148,H88/H99,H88,1.1529520824551582,True
train,20260302,H88,B28_0026_425120801,1.5458776950836182,1.4993529319763184,0.07846757024526596,1.2248742580413818,H88/H99,H88,1.1464066877961159,True
train,20260302,H88,B28_0027_125120514,1.5412324666976929,1.492224931716919,0.08377047628164291,1.233660101890564,H88/H99,H88,1.149889625608921,True
train,20260302,H88,B28_0028_125120503,1.5545960664749146,1.50246262550354,0.08762233704328537,1.2427772283554077,H88/H99,H88,1.1551548913121223,True
train,20260302,H88,B28_0029_425120502,1.5583696365356445,1.5164066553115845,0.08571179211139679,1.2316559553146362,H88/H99,H88,1.1459441632032394,True
train,20260302,H88,B28_0030_125120811,1.5465114116668701,1.488167643547058,0.07215336710214615,1.2336369752883911,H88/H99,H88,1.161483608186245,True
train,20260302,H88,B28_0031_425120804,1.549682855606079,1.4904158115386963,0.07953665405511856,1.242783546447754,H88/H99,H88,1.1632468923926353,True
train,20260302,H88,B28_0032_125110403,1.5443429946899414,1.5086766481399536,0.08531588315963745,1.2086502313613892,H88/H99,H88,1.1233343482017517,True
train,20260302,H88,B28_0033_125110406,1.549945592880249,1.494197130203247,0.06610668450593948,1.2306932210922241,H88/H99,H88,1.1645865365862846,True
train,20260302,H88,B28_0034_125110511,1.549875259399414,1.5090705156326294,0.08181662112474442,1.2220566272735596,H88/H99,H88,1.1402400061488152,True
train,20260302,H88,B28_0035_125110514,1.5506901741027832,1.4984489679336548,0.07295107841491699,1.2309184074401855,H88/H99,H88,1.1579673290252686,True
train,20260302,H88,B28_0036_125110506,1.5521820783615112,1.4917066097259521,0.05203460901975632,1.2125203609466553,H88/H99,H88,1.160485751926899,True
train,20260302,H88,B28_0037_125112111,1.5476598739624023,1.5054179430007935,0.09547053277492523,1.2438303232192993,H88/H99,H88,1.148359790444374,True
train,20260302,H88,B28_0038_125112101,1.5544146299362183,1.5115649700164795,0.08341038972139359,1.2304487228393555,H88/H99,H88,1.1470383331179619,True
train,20260302,H88,B28_0039_125112104,1.5507792234420776,1.4981387853622437,0.07201693207025528,1.2289870977401733,H88/H99,H88,1.156970165669918,True
train,20260302,H88,B28_0040_125110409,1.5600941181182861,1.5299310684204102,0.11172681301832199,1.2394604682922363,H88/H99,H88,1.1277336552739143,True
train,20260302,H88,B28_0041_125110412,1.557108998298645,1.5193958282470703,0.09454453736543655,1.2330070734024048,H88/H99,H88,1.1384625360369682,True
train,20260302,H88,B28_0042_125112113,1.560149908065796,1.4930952787399292,0.04502525180578232,1.1920404434204102,H88/H99,H88,1.1470151916146278,True
train,20260302,H88,B28_0043_125112106,1.552770972251892,1.4936307668685913,0.05319184809923172,1.2194187641143799,H88/H99,H88,1.1662269160151482,True
train,20260302,H88,B28_0044_125112108,1.542332649230957,1.487707495689392,0.07132918387651443,1.2105752229690552,H88/H99,H88,1.1392460390925407,True
train,20260302,H88,B28_0045_125112714,1.5558454990386963,1.5115478038787842,0.07209138572216034,1.2094782590866089,H88/H99,H88,1.1373868733644485,True
train,20260302,H88,B28_0046_125112714,1.556945562362671,1.508592128753662,0.08500231802463531,1.2422775030136108,H88/H99,H88,1.1572751849889755,True
train,20260302,H88,B28_0047_125112325,1.5558632612228394,1.506944179534912,0.09020260721445084,1.2403303384780884,H88/H99,H88,1.1501277312636375,True
train,20260302,H88,B28_0048_125120304,1.540967345237732,1.4817850589752197,0.08556701987981796,1.2410272359848022,H88/H99,H88,1.1554602161049843,True
train,20260302,H88,B28_0049_125120306,1.549889326095581,1.504192590713501,0.08032115548849106,1.2336337566375732,H88/H99,H88,1.1533126011490822,True
train,20260302,H88,B28_0050_125111901,1.543691635131836,1.4880683422088623,0.07063432037830353,1.2313132286071777,H88/H99,H88,1.1606789082288742,True
train,20260302,H88,B28_0051_125111913,1.5694748163223267,1.5061944723129272,0.05011725798249245,1.1963633298873901,H88/H99,H88,1.1462460719048977,True
train,20260302,H88,B28_0052_125111916,1.5568944215774536,1.516959309577942,0.08307886868715286,1.2296082973480225,H88/H99,H88,1.1465294286608696,True
train,20260302,H88,B28_0053_125111918,1.5498409271240234,1.485694169998169,0.05569831654429436,1.2081581354141235,H88/H99,H88,1.1524598188698292,True
train,20260302,H88,B28_0054_125111911,1.5934277772903442,1.5716179609298706,0.2662314176559448,1.0759493112564087,H88/H99,H88,0.8097178936004639,True
train,20260302,H88,B28_0055_125111321,1.5509772300720215,1.5049324035644531,0.08830536156892776,1.2409896850585938,H88/H99,H88,1.152684323489666,True
train,20260302,H88,B28_0056_125111315,1.5397651195526123,1.5140628814697266,0.10405489802360535,1.189631700515747,H88/H99,H88,1.0855768024921417,True
train,20260302,H88,B28_0057_125111304,1.5620222091674805,1.5296142101287842,0.10875855386257172,1.2368419170379639,H88/H99,H88,1.1280833631753922,True
train,20260302,H88,B28_0058_125111106,1.5650876760482788,1.5193331241607666,0.07689227908849716,1.187442421913147,H88/H99,H88,1.1105501428246498,True
train,20260302,H88,B28_0059_125111107,1.555421233177185,1.5124486684799194,0.08153419941663742,1.2200440168380737,H88/H99,H88,1.1385098174214363,True
train,20260302,H88,B28_0060_125111101,1.5252594947814941,1.4950627088546753,0.10847209393978119,1.2379497289657593,H88/H99,H88,1.129477635025978,True
train,20260302,H88,B28_0061_125111108,1.5464911460876465,1.4902456998825073,0.07748225331306458,1.2270680665969849,H88/H99,H88,1.1495858132839203,True
train,20260302,H88,B28_0062_125111104,1.5401794910430908,1.4864277839660645,0.08860185742378235,1.2375236749649048,H88/H99,H88,1.1489218175411224,True
train,20260302,H88,B28_0063_125111301,1.5683495998382568,1.5112872123718262,0.07874434441328049,1.1634327173233032,H88/H99,H88,1.0846883729100227,True
train,20260302,H88,B28_0064_126011901,1.5449349880218506,1.50547456741333,0.09070275723934174,1.2362779378890991,H88/H99,H88,1.1455751806497574,True
train,20260302,H88,B28_0065_126011704,1.568248987197876,1.5264335870742798,0.09204522520303726,1.210409164428711,H88/H99,H88,1.1183639392256737,True
train,20260302,H88,B28_0066_126011904,1.5560088157653809,1.5075218677520752,0.0679505243897438,1.2073838710784912,H88/H99,H88,1.1394333466887474,True
train,20260302,H88,B28_0067_126011718,1.5851962566375732,1.554508090019226,0.29350313544273376,1.0259974002838135,H88/H99,H88,0.7324942648410797,True
train,20260302,H88,B28_0068_126011701,1.5555288791656494,1.495622158050537,0.05766992270946503,1.213634967803955,H88/H99,H88,1.15596504509449,True
train,20260302,H88,B28_0069_126011003,1.544476866722107,1.4973628520965576,0.07949617505073547,1.2329936027526855,H88/H99,H88,1.15349742770195,True
train,20260302,H88,B28_0070_126011720,1.5581860542297363,1.5067780017852783,0.07011215388774872,1.2238911390304565,H88/H99,H88,1.1537789851427078,True
train,20260302,H88,B28_0071_126011907,1.5309062004089355,1.4806996583938599,0.10774543136358261,1.2006521224975586,H88/H99,H88,1.092906691133976,True
train,20260302,H88,B28_0072_126011301,1.5511810779571533,1.505322813987732,0.0681602880358696,1.208160161972046,H88/H99,H88,1.1399998739361763,True
train,20260302,H88,B28_0073_126011910,1.5624074935913086,1.523838758468628,0.08374842256307602,1.2099419832229614,H88/H99,H88,1.1261935606598854,True
train,20260302,H88,B28_0074_126011215,1.5559275150299072,1.5008608102798462,0.058376673609018326,1.2168729305267334,H88/H99,H88,1.158496256917715,True
train,20260302,H88,B28_0075_126011504,1.5658478736877441,1.5126700401306152,0.06252764910459518,1.202863097190857,H88/H99,H88,1.1403354480862617,True
train,20260302,H88,B28_0076_126011617,1.5686851739883423,1.5052516460418701,0.06420294940471649,1.1666070222854614,H88/H99,H88,1.102404072880745,True
train,20260302,H88,B28_0077_126011426,1.5583620071411133,1.5020915269851685,0.06452798843383789,1.2271445989608765,H88/H99,H88,1.1626166105270386,True
train,20260302,H88,B28_0078_126011507,1.5572171211242676,1.4948691129684448,0.04477967694401741,1.2010072469711304,H88/H99,H88,1.156227570027113,True
train,20260302,H88,B28_0079_126011421,1.5670981407165527,1.5195579528808594,0.07931527495384216,1.2209526300430298,H88/H99,H88,1.1416373550891876,True
train,20260302,H88,B28_0080_126011419,1.5728532075881958,1.508547067642212,0.06296272575855255,1.2036339044570923,H88/H99,H88,1.1406711786985397,True
train,20260302,H88,B28_0081_126011113,1.5639537572860718,1.5334346294403076,0.10819093883037567,1.2363522052764893,H88/H99,H88,1.1281612664461136,True
train,20260302,H88,B28_0082_126010819,1.5559048652648926,1.5005061626434326,0.062028057873249054,1.2137048244476318,H88/H99,H88,1.1516767665743828,True
train,20260302,H88,B28_0083_126010818,1.5622433423995972,1.5024616718292236,0.08188725262880325,1.216844081878662,H88/H99,H88,1.1349568292498589,True
train,20260302,H88,B28_0084_126011001,1.5552207231521606,1.506551742553711,0.096625417470932,1.1567542552947998,H88/H99,H88,1.0601288378238678,True
train,20260302,H88,B28_0085_126010904,1.5626732110977173,1.5132635831832886,0.06411469727754593,1.2067323923110962,H88/H99,H88,1.1426176950335503,True
train,20260302,H88,B28_0086_426011205,1.5634291172027588,1.5067002773284912,0.0592462457716465,1.2088618278503418,H88/H99,H88,1.1496155820786953,True
train,20260302,H88,B28_0087_126010901,1.5603206157684326,1.5082250833511353,0.07542088627815247,1.229164481163025,H88/H99,H88,1.1537435948848724,True
train,20260302,H88,B28_0088_126010623,1.5408992767333984,1.488644003868103,0.07946167886257172,1.218299388885498,H88/H99,H88,1.1388377100229263,True
train,20260302,H88,B28_0089_126010703,1.5636788606643677,1.5059049129486084,0.07765437662601471,1.2182221412658691,H88/H99,H88,1.1405677646398544,True
train,20260302,H88,B28_0090_126010619,1.5637860298156738,1.502992033958435,0.0598408542573452,1.214134693145752,H88/H99,H88,1.1542938388884068,True
train,20260302,H88,B28_0091_126010706,1.5425963401794434,1.47321617603302,0.06963445246219635,1.2225761413574219,H88/H99,H88,1.1529416888952255,True
train,20260302,H88,B28_0092_126010719,1.5547995567321777,1.5061657428741455,0.07125309854745865,1.219678282737732,H88/H99,H88,1.1484251841902733,True
train,20260302,H88,B28_0093_126010720,1.5741052627563477,1.5267019271850586,0.07104785740375519,1.198094129562378,H88/H99,H88,1.1270462721586227,True
train,20260302,H88,B28_0094_126010507,1.5602532625198364,1.5070312023162842,0.06446514278650284,1.2201993465423584,H88/H99,H88,1.1557342037558556,True
train,20260302,H88,B28_0095_126010502,1.5661004781723022,1.51882803440094,0.07307761162519455,1.2182338237762451,H88/H99,H88,1.1451562121510506,True
train,20260302,H88,B28_0096_426010503,1.5668911933898926,1.5018138885498047,0.0852823406457901,1.2303028106689453,H88/H99,H88,1.1450204700231552,True
train,20260302,H88,B28_0097_126010307,1.555049180984497,1.5114898681640625,0.0820494145154953,1.230900526046753,H88/H99,H88,1.1488511115312576,True
train,20260302,H88,B28_0098_126010216,1.5394773483276367,1.4897146224975586,0.0872655063867569,1.238289475440979,H88/H99,H88,1.151023969054222,True
train,20260302,H88,B28_0099_126010210,1.5738170146942139,1.5225578546524048,0.07762443274259567,1.1985299587249756,H88/H99,H88,1.12090552598238,True
train,20260302,H88,B28_0100_125121707,1.560343861579895,1.506260871887207,0.061112742871046066,1.1946280002593994,H88/H99,H88,1.1335152573883533,True
train,20260302,H88,B28_0101_126010106,1.5666931867599487,1.5054205656051636,0.06707783043384552,1.223806381225586,H88/H99,H88,1.1567285507917404,True
train,20260302,H88,B28_0102_126010213,1.5642507076263428,1.514153003692627,0.08216701447963715,1.216689944267273,H88/H99,H88,1.1345229297876358,True
train,20260302,H88,B28_0103_125121603,1.553632140159607,1.5055447816848755,0.06956251710653305,1.2200592756271362,H88/H99,H88,1.1504967585206032,True
train,20260302,H88,B28_0104_125121510,1.5549286603927612,1.4930468797683716,0.060388173907995224,1.2274545431137085,H88/H99,H88,1.1670663692057133,True
train,20260302,H88,B28_0105_125121507,1.5543673038482666,1.5088527202606201,0.0705186128616333,1.2165517807006836,H88/H99,H88,1.1460331678390503,True
train,20260302,H88,B28_0106_125121507,1.5544368028640747,1.5063402652740479,0.06676922738552094,1.2064367532730103,H88/H99,H88,1.1396675258874893,True
train,20260302,H88,B28_0107_125121507,1.5571118593215942,1.510793685913086,0.07316768914461136,1.2098793983459473,H88/H99,H88,1.136711709201336,True
train,20260313,RJD,B30_0317_125100818,0.10568610578775406,1.006858229637146,1.599544644355774,1.6762388944625854,RJD/YJD,RJD,0.9011721238493919,True
train,20260313,RJD,B30_0318_125101417,0.09586180746555328,1.0305367708206177,1.5713624954223633,1.668440341949463,RJD/YJD,RJD,0.9346749633550644,True
train,20260313,RJD,B30_0319_125101001,0.12351971864700317,0.9150466918945312,1.5349690914154053,1.6643224954605103,RJD/YJD,RJD,0.7915269732475281,True
train,20260313,RJD,B30_0320_425101001,0.08646921813488007,1.0198578834533691,1.5807832479476929,1.6696938276290894,RJD/YJD,RJD,0.9333886653184891,True
train,20260313,RJD,B30_0321_125101503,0.1362956464290619,1.058575987815857,1.555962085723877,1.66940176486969,RJD/YJD,RJD,0.922280341386795,True
train,20260313,RJD,B30_0322_125101105,0.13093997538089752,1.010262131690979,1.498781681060791,1.6404757499694824,RJD/YJD,RJD,0.8793221563100815,True
train,20260313,RJD,B30_0323_125101111,0.1716247797012329,1.086993932723999,1.5662105083465576,1.6729729175567627,RJD/YJD,RJD,0.9153691530227661,True
train,20260313,RJD,B30_0325_125110714,0.1375380903482437,1.063302755355835,1.56410551071167,1.662794589996338,RJD/YJD,RJD,0.9257646650075912,True
train,20260313,RJD,B30_0326_125110716,0.12868967652320862,1.06207275390625,1.566483736038208,1.6634184122085571,RJD/YJD,RJD,0.9333830773830414,True
train,20260313,RJD,B30_0327_125111809,0.12022878229618073,1.0472745895385742,1.5543298721313477,1.6629037857055664,RJD/YJD,RJD,0.9270458072423935,True
train,20260313,RJD,B30_0328_125101710,0.09614988416433334,1.005387783050537,1.5554678440093994,1.6623958349227905,RJD/YJD,RJD,0.9092378988862038,True
train,20260313,RJD,B30_0329_125101615,0.1439506560564041,1.0702952146530151,1.5627886056900024,1.6605831384658813,RJD/YJD,RJD,0.926344558596611,True
train,20260313,RJD,B30_0330_125101603,0.18546847999095917,1.1099711656570435,1.5672928094863892,1.6636556386947632,RJD/YJD,RJD,0.9245026856660843,True
train,20260313,RJD,B30_0331_425103101,0.27771100401878357,0.9654359221458435,1.4291374683380127,1.639498233795166,RJD/YJD,RJD,0.6877249181270599,True
train,20260313,RJD,B30_0332_425103102,0.13541290163993835,1.0386368036270142,1.5299848318099976,1.6718544960021973,RJD/YJD,RJD,0.9032239019870758,True
train,20260313,RJD,B30_0333_125101707,0.09347270429134369,1.0229634046554565,1.5549452304840088,1.65731680393219,RJD/YJD,RJD,0.9294907003641129,True
train,20260313,RJD,B30_0334_125102205,0.07200617343187332,1.0029456615447998,1.5765033960342407,1.6648491621017456,RJD/YJD,RJD,0.9309394881129265,True
train,20260313,RJD,B30_0335_125101707,0.14951814711093903,1.0038743019104004,1.4865632057189941,1.6434974670410156,RJD/YJD,RJD,0.8543561547994614,True
train,20260313,RJD,B30_0336_125102303,0.15941877663135529,1.079331874847412,1.5360413789749146,1.6478021144866943,RJD/YJD,RJD,0.9199130982160568,True
train,20260313,RJD,B30_0337_125101616,0.15393604338169098,0.9571803212165833,1.4810616970062256,1.6551499366760254,RJD/YJD,RJD,0.8032442778348923,True
val,20250926,H88,B27_2099_125092314,1.5471301078796387,1.4952234029769897,0.0688982829451561,1.1968311071395874,H88/H99,H88,1.1279328241944313,True
val,20250926,H99,B27_2100_125092316,1.5916508436203003,1.5137943029403687,0.9077512621879578,0.37934157252311707,H88/H99,H99,-0.5284096896648407,True
val,20250926,RJD,B27_2113_125092313,1.5717017650604248,1.6165202856063843,1.5093868970870972,1.3979706764221191,RJD/YJD,RJD,0.04481852054595947,True
val,20250926,YJD,B27_2115_125092305,0.41750195622444153,0.5809600353240967,1.5539854764938354,1.6430221796035767,RJD/YJD,RJD,0.16345807909965515,False
val,20250926,YJD,B27_2116_125092308,0.39143288135528564,0.6079274415969849,1.5425240993499756,1.6512455940246582,RJD/YJD,RJD,0.21649456024169922,False
val,20250926,H88,B27_2117_125092417,1.4857839345932007,1.4450302124023438,0.14534756541252136,1.2525622844696045,H88/H99,H88,1.1072147190570831,True
val,20250926,RJD,B27_2130_125092401,0.07009004801511765,0.9831392168998718,1.5623376369476318,1.6623857021331787,RJD/YJD,RJD,0.9130491688847542,True
val,20250926,RJD,B27_2131_125092403,0.606447696685791,0.39765074849128723,1.5366947650909424,1.6377607583999634,RJD/YJD,YJD,-0.20879694819450378,False
val,20250926,RJD,B27_2132_125092406,0.2989647388458252,0.7164576649665833,1.6169277429580688,1.6783703565597534,RJD/YJD,RJD,0.41749292612075806,True
val,20250926,RJD,B27_2133_125092416,0.19889356195926666,0.8116044998168945,1.5451195240020752,1.6426079273223877,RJD/YJD,RJD,0.6127109378576279,True
val,20250926,YJD,B27_2135_125092409,0.4801560342311859,0.5380802750587463,1.5346542596817017,1.6076120138168335,RJD/YJD,RJD,0.057924240827560425,False
val,20250926,YJD,B27_2136_125092412,0.14282163977622986,1.0713715553283691,1.5657587051391602,1.6632505655288696,RJD/YJD,RJD,0.9285499155521393,False
val,20260306,H99,B29_0145_125110717,1.5807873010635376,1.4973267316818237,0.7931627035140991,0.5034205913543701,H88/H99,H99,-0.289742112159729,True
val,20260306,H99,B29_0146_125110115,1.6241176128387451,1.546190619468689,0.9487188458442688,0.31182044744491577,H88/H99,H99,-0.636898398399353,True
val,20260306,H99,B29_0147_125110109,1.5140881538391113,1.4928786754608154,0.18368738889694214,1.1214208602905273,H88/H99,H88,0.9377334713935852,False
val,20260306,H99,B29_0148_125102903,1.6284894943237305,1.5348541736602783,0.9999752640724182,0.25596848130226135,H88/H99,H99,-0.7440067827701569,True
val,20260306,H99,B29_0149_425110104,1.4956022500991821,1.440545916557312,0.38141846656799316,0.9716977477073669,H88/H99,H88,0.5902792811393738,False
val,20260306,H99,B29_0150_425103001,1.5989787578582764,1.5238621234893799,0.981259286403656,0.297124445438385,H88/H99,H99,-0.684134840965271,True
val,20260306,H99,B29_0151_125103012,1.575388789176941,1.5192573070526123,0.6191944479942322,0.6807907819747925,H88/H99,H88,0.0615963339805603,False
val,20260306,H99,B29_0152_125110112,1.62126624584198,1.557469129562378,0.9626141786575317,0.3044039011001587,H88/H99,H99,-0.658210277557373,True
val,20260306,H99,B29_0153_425103103,1.5718960762023926,1.524726152420044,0.7690780758857727,0.5404666662216187,H88/H99,H99,-0.22861140966415405,True
val,20260306,H99,B29_0154_125111205,1.5747718811035156,1.5126501321792603,0.6353975534439087,0.6578413248062134,H88/H99,H88,0.022443771362304688,False
val,20260306,H99,B29_0155_125110719,1.6187444925308228,1.541085124015808,0.925937831401825,0.3416278660297394,H88/H99,H99,-0.5843099653720856,True
val,20260306,H99,B29_0156_125110308,1.6271806955337524,1.5455257892608643,1.041925311088562,0.20740891993045807,H88/H99,H99,-0.8345163911581039,True
val,20260306,H99,B29_0157_125110310,1.603478193283081,1.4227644205093384,1.2024928331375122,0.40315136313438416,H88/H99,H99,-0.799341470003128,True
val,20260306,H99,B29_0158_125110304,1.6050171852111816,1.4639256000518799,0.9713572263717651,0.39157751202583313,H88/H99,H99,-0.579779714345932,True
val,20260306,H99,B29_0159_125111216,1.6058828830718994,1.449497938156128,0.8211759328842163,0.5297050476074219,H88/H99,H99,-0.29147088527679443,True
val,20260306,H99,B29_0160_125110416,1.5791131258010864,1.374833583831787,1.0693641901016235,0.7185288071632385,H88/H99,H99,-0.350835382938385,True
val,20260306,H99,B29_0161_125110419,1.6157532930374146,1.475357174873352,1.203452229499817,0.5725653171539307,H88/H99,H99,-0.6308869123458862,True
val,20260306,H99,B29_0162_125110512,1.6539995670318604,1.518300175666809,0.9996145367622375,0.7017508149147034,H88/H99,H99,-0.2978637218475342,True
val,20260306,H99,B29_0163_125110516,1.6082402467727661,1.4264516830444336,1.044541597366333,0.5493839979171753,H88/H99,H99,-0.4951575994491577,True
val,20260306,H99,B29_0164_125110612,1.4802098274230957,1.3186239004135132,0.9352985620498657,0.5730602741241455,H88/H99,H99,-0.3622382879257202,True
val,20260306,H99,B29_0165_125112706,1.5882489681243896,1.4423452615737915,1.0852471590042114,0.4121326506137848,H88/H99,H99,-0.6731145083904266,True
val,20260306,H99,B29_0166_125110405,1.5608752965927124,1.4104872941970825,1.4489941596984863,1.127511739730835,H88/H99,H99,-0.32148241996765137,True
val,20260306,H99,B29_0167_125112114,1.624192237854004,1.529574990272522,1.0172786712646484,0.34530651569366455,H88/H99,H99,-0.6719721555709839,True
val,20260306,H99,B29_0168_125112712,1.5607614517211914,1.5002522468566895,0.6935054063796997,0.6195353865623474,H88/H99,H99,-0.0739700198173523,True
val,20260306,H99,B29_0169_125112718,1.6328370571136475,1.5569639205932617,1.022936224937439,0.28010624647140503,H88/H99,H99,-0.7428299784660339,True
val,20260306,H99,B29_0170_125112715,1.5026109218597412,1.497564673423767,0.7237945795059204,0.6872977018356323,H88/H99,H99,-0.036496877670288086,True
val,20260306,H99,B29_0171_125112403,1.6328508853912354,1.5430525541305542,0.9403336644172668,0.3168800473213196,H88/H99,H99,-0.6234536170959473,True
val,20260306,H99,B29_0172_125112720,1.5732795000076294,1.4986752271652222,1.0144907236099243,0.30071327090263367,H88/H99,H99,-0.7137774527072906,True
val,20260306,H99,B29_0173_125112703,1.6594778299331665,1.5703788995742798,1.0815821886062622,0.15003152191638947,H88/H99,H99,-0.9315506666898727,True
val,20260306,H99,B29_0174_125112722,1.631712794303894,1.5610437393188477,0.9413226246833801,0.336249977350235,H88/H99,H99,-0.6050726473331451,True
val,20260306,H99,B29_0175_125102116,1.5511128902435303,1.5073390007019043,0.8235481977462769,0.5057604908943176,H88/H99,H99,-0.31778770685195923,True
val,20260306,H99,B29_0176_125102212,1.5822714567184448,1.5123968124389648,0.6350420713424683,0.6589257121086121,H88/H99,H88,0.0238836407661438,False
val,20260306,H99,B29_0177_125102411,1.5790045261383057,1.5102542638778687,1.5271495580673218,1.5975927114486694,H88/H99,H88,0.07044315338134766,False
val,20260306,H99,B29_0178_125103112,1.5845319032669067,1.5220533609390259,1.4916540384292603,1.586970329284668,H88/H99,H88,0.09531629085540771,False
val,20260306,H99,B29_0179_125102916,1.6053386926651,1.5025815963745117,1.465613603591919,1.5037463903427124,H88/H99,H88,0.03813278675079346,False
val,20260306,H99,B29_0180_125102310,1.6812481880187988,1.5418754816055298,1.0846511125564575,0.49104443192481995,H88/H99,H99,-0.5936066806316376,True
val,20260306,H99,B29_0181_425102403,1.6744134426116943,1.5864737033843994,0.8893056511878967,0.4396115243434906,H88/H99,H99,-0.44969412684440613,True
val,20260306,H99,B29_0182_125102715,1.6334856748580933,1.5512635707855225,1.0125138759613037,0.3626989722251892,H88/H99,H99,-0.6498149037361145,True
val,20260306,H99,B29_0183_125102712,1.549310326576233,1.484366774559021,0.8876875042915344,0.4888640344142914,H88/H99,H99,-0.39882346987724304,True
val,20260306,H99,B29_0184_125102408,1.5745197534561157,1.4823988676071167,0.8668293356895447,0.44197747111320496,H88/H99,H99,-0.4248518645763397,True
val,20260306,H99,B29_0185_125102806,1.6422419548034668,1.5748846530914307,0.9499115943908691,0.3045944571495056,H88/H99,H99,-0.6453171372413635,True
val,20260306,H99,B29_0186_125102017,1.546931266784668,1.4751497507095337,0.7191739678382874,0.6245156526565552,H88/H99,H99,-0.09465831518173218,True
val,20260306,H99,B29_0187_425101003,1.5709648132324219,1.5240728855133057,0.857812762260437,0.46835780143737793,H88/H99,H99,-0.3894549608230591,True
val,20260306,H99,B29_0188_125102808,1.5487428903579712,1.4809035062789917,0.5337600708007812,0.7690504193305969,H88/H99,H88,0.23529034852981567,False
val,20260306,H99,B29_0189_125102316,1.5299848318099976,1.477218747138977,0.6301143169403076,0.7047137022018433,H88/H99,H88,0.07459938526153564,False
val,20260306,H99,B29_0190_125121115,1.6157615184783936,1.5310359001159668,0.6556181907653809,0.648324728012085,H88/H99,H99,-0.0072934627532958984,True
val,20260306,H99,B29_0191_425121001,1.6416984796524048,1.5550285577774048,0.966036856174469,0.28150463104248047,H88/H99,H99,-0.6845322251319885,True
val,20260306,YJD,B29_0192_425120401,0.23910754919052124,0.997780978679657,1.4205578565597534,1.62252938747406,RJD/YJD,RJD,0.7586734294891357,False
val,20260306,H99,B29_0193_125121105,1.577469825744629,1.4896371364593506,0.8122262358665466,0.4957377314567566,H88/H99,H99,-0.31648850440979004,True
val,20260306,H99,B29_0194_125120404,1.570124864578247,1.513918161392212,0.36980077624320984,0.8991028070449829,H88/H99,H88,0.5293020308017731,False
val,20260306,H99,B29_0195_125120414,1.6037276983261108,1.542810320854187,0.6747301816940308,0.6056360602378845,H88/H99,H99,-0.06909412145614624,True
val,20260306,H99,B29_0196_125121010,1.6413100957870483,1.5484720468521118,0.9004195332527161,0.3518616259098053,H88/H99,H99,-0.5485579073429108,True
val,20260306,H99,B29_0197_125121003,1.5751920938491821,1.4932100772857666,0.8287559747695923,0.4737757444381714,H88/H99,H99,-0.3549802303314209,True
val,20260306,H99,B29_0198_125120416,1.5889294147491455,1.5027104616165161,0.9183118343353271,0.3786148130893707,H88/H99,H99,-0.5396970212459564,True
val,20260306,H99,B29_0199_125120905,1.4873683452606201,1.4507758617401123,0.33327314257621765,1.0502690076828003,H88/H99,H88,0.7169958651065826,False
val,20260306,H99,B29_0200_125121202,1.6030042171478271,1.5311375856399536,0.8540766835212708,0.42803165316581726,H88/H99,H99,-0.4260450303554535,True
val,20260306,H99,B29_0201_125121012,1.4714709520339966,1.406240463256836,0.650335431098938,0.7674552202224731,H88/H99,H88,0.11711978912353516,False
val,20260306,H99,B29_0202_125120910,1.5733699798583984,1.5042445659637451,0.8658908605575562,0.4351036548614502,H88/H99,H99,-0.43078720569610596,True
val,20260306,H99,B29_0203_125120902,1.6279031038284302,1.5699728727340698,1.0494765043258667,0.28394049406051636,H88/H99,H99,-0.7655360102653503,True
val,20260306,H99,B29_0204_125121217,1.5914409160614014,1.5340182781219482,0.6447464823722839,0.6398099064826965,H88/H99,H99,-0.004936575889587402,True
val,20260306,H99,B29_0205_125120411,1.5529587268829346,1.4983652830123901,0.2877802848815918,0.9869219660758972,H88/H99,H88,0.6991416811943054,False
val,20260306,H99,B29_0206_126011919,1.576974630355835,1.5197958946228027,1.0212113857269287,0.2907330393791199,H88/H99,H99,-0.7304783463478088,True
val,20260306,H99,B29_0207_126011903,1.6297181844711304,1.5942721366882324,1.166296124458313,0.3818490505218506,H88/H99,H99,-0.7844470739364624,True
val,20260306,H99,B29_0208_126011703,1.5545358657836914,1.3607336282730103,0.7149031758308411,0.7346663475036621,H88/H99,H88,0.019763171672821045,False
val,20260306,H99,B29_0209_126011915,1.596962809562683,1.5371664762496948,0.8746738433837891,0.4295945465564728,H88/H99,H99,-0.4450792968273163,True
val,20260306,H99,B29_0210_126011717,1.5788804292678833,1.5120314359664917,0.6487977504730225,0.6453933715820312,H88/H99,H99,-0.003404378890991211,True
val,20260306,H99,B29_0211_126011715,1.556368350982666,1.4923862218856812,0.6536970734596252,0.6580843329429626,H88/H99,H88,0.004387259483337402,False
val,20260306,H99,B29_0212_126011712,1.612653374671936,1.5357283353805542,0.9329361915588379,0.33434754610061646,H88/H99,H99,-0.5985886454582214,True
val,20260306,H99,B29_0213_126011602,1.5497218370437622,1.5135492086410522,0.8160186409950256,0.510094940662384,H88/H99,H99,-0.3059237003326416,True
val,20260306,H99,B29_0214_126011612,1.6023070812225342,1.557888388633728,0.572178840637207,0.7051864862442017,H88/H99,H88,0.13300764560699463,False
val,20260306,H99,B29_0215_126011610,1.6278128623962402,1.538537859916687,0.9593287706375122,0.2947480082511902,H88/H99,H99,-0.664580762386322,True
val,20260306,YJD,B29_0236_125121101,0.19767944514751434,0.9918463230133057,1.4537445306777954,1.6456482410430908,RJD/YJD,RJD,0.7941668778657913,False
val,20260306,YJD,B29_0237_125121009,1.195435881614685,1.091805100440979,0.6607608795166016,1.4702293872833252,RJD/YJD,YJD,-0.10363078117370605,True
val,20260306,YJD,B29_0238_125121119,0.11006654053926468,1.00847327709198,1.5329359769821167,1.649664282798767,RJD/YJD,RJD,0.8984067365527153,False
val,20260306,YJD,B29_0239_425121002,0.25084972381591797,0.8964603543281555,1.443230152130127,1.6282795667648315,RJD/YJD,RJD,0.6456106305122375,False
val,20260306,YJD,B29_0240_125121701,0.445016473531723,1.0673593282699585,1.2814958095550537,1.619454264640808,RJD/YJD,RJD,0.6223428547382355,False
val,20260306,YJD,B29_0241_125121203,0.1387157142162323,1.0062862634658813,1.5812910795211792,1.686152696609497,RJD/YJD,RJD,0.867570549249649,False
val,20260306,YJD,B29_0242_125121210,0.19303296506404877,0.9077737927436829,1.492275357246399,1.642345666885376,RJD/YJD,RJD,0.7147408276796341,False
val,20260306,YJD,B29_0243_125121207,0.17016933858394623,1.078141689300537,1.5355080366134644,1.6601202487945557,RJD/YJD,RJD,0.9079723507165909,False
val,20260306,YJD,B29_0244_125121704,0.09125112742185593,1.0131155252456665,1.578420639038086,1.6608949899673462,RJD/YJD,RJD,0.9218643978238106,False
val,20260306,YJD,B29_0245_125121103,0.33150216937065125,0.8694292902946472,1.3954159021377563,1.5688652992248535,RJD/YJD,RJD,0.537927120923996,False
val,20260306,YJD,B29_0246_425120402,0.14653441309928894,1.0507025718688965,1.6004104614257812,1.660751223564148,RJD/YJD,RJD,0.9041681587696075,False
val,20260306,YJD,B29_0247_125121501,0.11616425216197968,0.9873666763305664,1.512178897857666,1.640805959701538,RJD/YJD,RJD,0.8712024241685867,False
val,20260306,YJD,B29_0248_125120907,0.3159306049346924,0.8893925547599792,1.3892947435379028,1.6168549060821533,RJD/YJD,RJD,0.5734619498252869,False
val,20260306,YJD,B29_0249_125121504,0.26079270243644714,0.7381722331047058,1.5479549169540405,1.6743178367614746,RJD/YJD,RJD,0.47737953066825867,False
val,20260306,YJD,B29_0250_125102106,0.13465279340744019,0.9224327206611633,1.6177232265472412,1.6796272993087769,RJD/YJD,RJD,0.7877799272537231,False
val,20260306,YJD,B29_0251_125100810,0.22552859783172607,0.7822862267494202,1.5482380390167236,1.6314975023269653,RJD/YJD,RJD,0.5567576289176941,False
val,20260306,YJD,B29_0252_125102201,0.08534801751375198,1.0119580030441284,1.574485182762146,1.6676689386367798,RJD/YJD,RJD,0.9266099855303764,False
val,20260306,YJD,B29_0253_125102410,0.12023919820785522,0.9154764413833618,1.5898385047912598,1.6614805459976196,RJD/YJD,RJD,0.7952372431755066,False
val,20260306,YJD,B29_0254_125102306,0.2789015769958496,0.8719140291213989,1.6553400754928589,1.6521605253219604,RJD/YJD,RJD,0.5930124521255493,False
val,20260306,YJD,B29_0255_125102407,0.212860107421875,1.1106805801391602,1.505580186843872,1.6357529163360596,RJD/YJD,RJD,0.8978204727172852,False
val,20260306,YJD,B29_0256_125102807,0.15756170451641083,0.9096713066101074,1.5896084308624268,1.6670904159545898,RJD/YJD,RJD,0.7521096020936966,False
val,20260306,YJD,B29_0257_425101002,0.20257346332073212,1.1234140396118164,1.5417253971099854,1.657379388809204,RJD/YJD,RJD,0.9208405762910843,False
val,20260306,YJD,B29_0258_125101609,0.09570997208356857,0.9957928657531738,1.5750930309295654,1.648535132408142,RJD/YJD,RJD,0.9000828936696053,False
val,20260306,YJD,B29_0259_125100907,0.0831330195069313,0.958124041557312,1.5914126634597778,1.6688331365585327,RJD/YJD,RJD,0.8749910220503807,False
val,20260306,YJD,B29_0260_125102413,0.11330807954072952,0.925177812576294,1.5422255992889404,1.6342095136642456,RJD/YJD,RJD,0.8118697330355644,False
val,20260306,YJD,B29_0261_125102811,0.1256548911333084,0.9499785304069519,1.5482501983642578,1.6299248933792114,RJD/YJD,RJD,0.8243236392736435,False
val,20260306,YJD,B29_0262_125100910,0.07350295037031174,1.0110853910446167,1.5651193857192993,1.669853925704956,RJD/YJD,RJD,0.937582440674305,False
val,20260306,YJD,B29_0263_125101406,0.14247524738311768,1.0334081649780273,1.547204852104187,1.6482458114624023,RJD/YJD,RJD,0.8909329175949097,False
val,20260306,YJD,B29_0264_125102809,0.21929454803466797,0.8044395446777344,1.5270471572875977,1.6353099346160889,RJD/YJD,RJD,0.5851449966430664,False
val,20260306,YJD,B29_0265_125120901,0.1928454488515854,1.1134318113327026,1.557350754737854,1.66420578956604,RJD/YJD,RJD,0.9205863624811172,False
val,20260306,YJD,B29_0266_125120906,0.41328054666519165,0.9793780446052551,1.6122102737426758,1.6452139616012573,RJD/YJD,RJD,0.5660974979400635,False
val,20260306,YJD,B29_0267_125120903,0.08606502413749695,1.0116229057312012,1.5545294284820557,1.656959056854248,RJD/YJD,RJD,0.9255578815937042,False
val,20260306,YJD,B29_0268_125120208,0.07787817716598511,0.9927031397819519,1.5569030046463013,1.6595500707626343,RJD/YJD,RJD,0.9148249626159668,False
val,20260306,YJD,B29_0269_125120211,0.13657218217849731,1.0596990585327148,1.5385949611663818,1.6557667255401611,RJD/YJD,RJD,0.9231268763542175,False
val,20260306,YJD,B29_0270_125120212,0.10610374808311462,1.0323458909988403,1.5841667652130127,1.676937222480774,RJD/YJD,RJD,0.9262421429157257,False
val,20260306,YJD,B29_0271_125120511,0.1185985803604126,1.0408507585525513,1.5848140716552734,1.671517252922058,RJD/YJD,RJD,0.9222521781921387,False
val,20260306,YJD,B29_0272_125120321,0.12784765660762787,1.0156385898590088,1.5909900665283203,1.6622068881988525,RJD/YJD,RJD,0.8877909332513809,False
val,20260306,YJD,B29_0273_125120322,0.17941628396511078,0.9231821298599243,1.5775728225708008,1.6808816194534302,RJD/YJD,RJD,0.7437658458948135,False
val,20260306,YJD,B29_0274_125100813,0.22591254115104675,1.1441291570663452,1.554282307624817,1.658944010734558,RJD/YJD,RJD,0.9182166159152985,False
val,20260306,YJD,B29_0275_125101403,0.24745142459869385,1.0113322734832764,1.6051641702651978,1.5745015144348145,RJD/YJD,RJD,0.7638808488845825,False
val,20260306,YJD,B29_0276_125120322,0.13193491101264954,0.9535492658615112,1.6133977174758911,1.667271614074707,RJD/YJD,RJD,0.8216143548488617,False
val,20260306,YJD,B29_0277_125101529,0.22349977493286133,0.768578052520752,1.5452345609664917,1.6490693092346191,RJD/YJD,RJD,0.5450782775878906,False
val,20260306,YJD,B29_0278_125101506,0.2037888467311859,1.1164066791534424,1.5743385553359985,1.6752699613571167,RJD/YJD,RJD,0.9126178324222565,False
val,20260306,YJD,B29_0279_125102103,0.09662171453237534,1.0257688760757446,1.5777020454406738,1.6617889404296875,RJD/YJD,RJD,0.9291471615433693,False
val,20260306,YJD,B29_0280_125102404,0.1320139467716217,1.046041488647461,1.5773918628692627,1.6470248699188232,RJD/YJD,RJD,0.9140275418758392,False
val,20260306,YJD,B29_0281_125102405,0.10436458140611649,0.9112701416015625,1.5405789613723755,1.671700358390808,RJD/YJD,RJD,0.806905560195446,False
val,20260306,YJD,B29_0282_125101512,0.10312296450138092,1.0397547483444214,1.5702121257781982,1.6670011281967163,RJD/YJD,RJD,0.9366317838430405,False
val,20260306,YJD,B29_0283_125102018,0.26548343896865845,1.0664559602737427,1.415195345878601,1.644358515739441,RJD/YJD,RJD,0.8009725213050842,False
val,20260306,YJD,B29_0284_125101114,0.15469016134738922,1.0547903776168823,1.5147159099578857,1.6365017890930176,RJD/YJD,RJD,0.9001002162694931,False
val,20260306,YJD,B29_0285_125102004,0.19348162412643433,1.1059423685073853,1.521222710609436,1.6592788696289062,RJD/YJD,RJD,0.9124607443809509,False
val,20260306,YJD,B29_0286_125102001,0.07705923914909363,0.9771103858947754,1.576509714126587,1.6491508483886719,RJD/YJD,RJD,0.9000511467456818,False
val,20260306,YJD,B29_0287_125102202,0.2718815803527832,1.0359268188476562,1.6166331768035889,1.677550196647644,RJD/YJD,RJD,0.764045238494873,False
val,20260306,YJD,B29_0288_125102115,0.2664206027984619,1.046701192855835,1.4321775436401367,1.638997197151184,RJD/YJD,RJD,0.780280590057373,False
val,20260306,YJD,B29_0289_125102109,0.18325330317020416,1.1028450727462769,1.5583372116088867,1.6555759906768799,RJD/YJD,RJD,0.9195917695760727,False
val,20260306,YJD,B29_0290_125101717,0.07276645302772522,0.982389509677887,1.5549870729446411,1.6652237176895142,RJD/YJD,RJD,0.9096230566501617,False
val,20260306,YJD,B29_0291_125102112,0.3281926214694977,0.7122629284858704,1.6051336526870728,1.7011610269546509,RJD/YJD,RJD,0.3840703070163727,False
val,20260306,YJD,B29_0292_125101301,0.3797808587551117,1.1031272411346436,1.3673481941223145,1.635800838470459,RJD/YJD,RJD,0.7233463823795319,False
val,20260306,YJD,B29_0293_125101606,0.20339062809944153,1.0404857397079468,1.5620917081832886,1.667386770248413,RJD/YJD,RJD,0.8370951116085052,False
val,20260306,YJD,B29_0294_125101409,0.1069844514131546,1.0012370347976685,1.547722578048706,1.6511300802230835,RJD/YJD,RJD,0.8942525833845139,False
val,20260306,YJD,B29_0295_125102309,0.242130845785141,1.1331924200057983,1.499788761138916,1.6425750255584717,RJD/YJD,RJD,0.8910615742206573,False
val,20260306,YJD,B29_0296_125102301,0.41029641032218933,1.1126457452774048,1.3274480104446411,1.617355465888977,RJD/YJD,RJD,0.7023493349552155,False
val,20260306,RJD,B29_0309_125100918,0.3738425076007843,0.7984722852706909,1.6410845518112183,1.7075809240341187,RJD/YJD,RJD,0.4246297776699066,True
val,20260306,RJD,B29_0310_125100901,0.5342549085617065,0.660658061504364,1.5648056268692017,1.6988533735275269,RJD/YJD,RJD,0.12640315294265747,True
val,20260306,RJD,B29_0311_125100904,1.6717694997787476,1.5451068878173828,1.3962105512619019,1.6433546543121338,RJD/YJD,YJD,-0.12666261196136475,False
val,20260306,RJD,B29_0312_125101003,0.7336138486862183,0.8978920578956604,1.6540207862854004,1.6770884990692139,RJD/YJD,RJD,0.16427820920944214,True
val,20260306,RJD,B29_0313_125101010,0.19194094836711884,1.0564610958099365,1.4960054159164429,1.6289401054382324,RJD/YJD,RJD,0.8645201474428177,True
val,20260306,RJD,B29_0314_125100703,0.145816832780838,1.0161553621292114,1.5802500247955322,1.6472935676574707,RJD/YJD,RJD,0.8703385293483734,True
val,20260306,RJD,B29_0315_125100803,0.1693653166294098,1.0904735326766968,1.5865473747253418,1.6723064184188843,RJD/YJD,RJD,0.921108216047287,True
val,20260306,RJD,B29_0316_125101108,0.16832655668258667,1.0855908393859863,1.5308226346969604,1.6582510471343994,RJD/YJD,RJD,0.9172642827033997,True
setting_a,20250905,H88,B24_1711_425082801,1.6790093183517456,1.5615664720535278,1.37967050075531,1.5312849283218384,H88/H99,H88,0.15161442756652832,True
setting_a,20250905,H88,B24_1712_425082802,1.6684041023254395,1.5289541482925415,1.3030849695205688,1.4741055965423584,H88/H99,H88,0.17102062702178955,True
setting_a,20250905,H88,B24_1713_425082803,1.6311167478561401,1.4584451913833618,1.3794432878494263,1.5667353868484497,H88/H99,H88,0.18729209899902344,True
setting_a,20250905,H99,B24_1714_125082802,1.6129170656204224,1.463432788848877,1.4048212766647339,1.5280542373657227,H88/H99,H88,0.12323296070098877,False
setting_a,20250905,H99,B24_1715_125082807,1.6518049240112305,1.534104585647583,1.055798888206482,0.19668281078338623,H88/H99,H99,-0.8591160774230957,True
setting_a,20250905,H99,B24_1716_125082813,1.648833155632019,1.4896806478500366,1.1866142749786377,0.8749437928199768,H88/H99,H99,-0.3116704821586609,True
setting_a,20250905,RJD,B24_1726_125082809,1.0119165182113647,0.1422889530658722,1.4184834957122803,1.513459324836731,RJD/YJD,YJD,-0.8696275651454926,False
setting_a,20250905,H88,B24_1729_425082901,1.5654224157333374,1.4727108478546143,0.08003270626068115,1.2207897901535034,H88/H99,H88,1.1407570838928223,True
setting_a,20250905,H88,B24_1730_425082902,1.5537333488464355,1.4559026956558228,0.1988995522260666,1.0627225637435913,H88/H99,H88,0.8638230115175247,True
setting_a,20250905,H99,B24_1731_125082913,1.6219598054885864,1.4917032718658447,0.9360344409942627,0.36167067289352417,H88/H99,H99,-0.5743637681007385,True
setting_a,20250905,H99,B24_1732_125082915,1.4589077234268188,1.3124597072601318,0.6058730483055115,0.8334711790084839,H88/H99,H88,0.2275981307029724,False
setting_a,20250905,RJD,B24_1745_125082901,0.9135857224464417,0.07832539826631546,1.4930896759033203,1.5610361099243164,RJD/YJD,YJD,-0.8352603241801262,False
setting_a,20250905,YJD,B24_1746_125082909,1.0042424201965332,0.18304002285003662,1.3694781064987183,1.5417817831039429,RJD/YJD,YJD,-0.8212023973464966,True
setting_a,20250905,YJD,B24_1747_125082912,1.0180083513259888,0.20035795867443085,1.4279285669326782,1.452752947807312,RJD/YJD,YJD,-0.8176503926515579,True
setting_a,20250905,H88,B24_1748_125090109,1.5582648515701294,1.48884916305542,0.07199540734291077,1.2214950323104858,H88/H99,H88,1.149499624967575,True
setting_a,20250905,H88,B24_1749_125090112,1.5500437021255493,1.4873744249343872,0.06739430874586105,1.2272498607635498,H88/H99,H88,1.1598555520176888,True
setting_a,20250905,H88,B24_1750_125090115,1.5463474988937378,1.4569307565689087,0.07515804469585419,1.1997244358062744,H88/H99,H88,1.1245663911104202,True
setting_a,20250905,H88,B24_1751_125090103,1.5696194171905518,1.5120311975479126,0.07529354095458984,1.1918672323226929,H88/H99,H88,1.116573691368103,True
setting_a,20250905,H88,B24_1752_125090106,1.570647120475769,1.4981052875518799,0.0589861124753952,1.179663062095642,H88/H99,H88,1.1206769496202469,True
setting_a,20250905,H99,B24_1753_125090113,1.6197375059127808,1.481060266494751,0.9790809750556946,0.2986517548561096,H88/H99,H99,-0.680429220199585,True
setting_a,20250905,RJD,B24_1763_125090104,0.9901919364929199,0.08262275904417038,1.464802622795105,1.5333350896835327,RJD/YJD,YJD,-0.9075691774487495,False
setting_a,20250905,YJD,B24_1764_125090101,0.924747109413147,0.08570274710655212,1.462929368019104,1.5539458990097046,RJD/YJD,YJD,-0.8390443623065948,True
setting_a,20250905,H88,B24_1765_125090205,1.5531797409057617,1.481606125831604,0.0604315847158432,1.220515489578247,H88/H99,H88,1.1600839048624039,True
setting_a,20250905,H99,B24_1766_125090202,1.522491216659546,1.4149787425994873,0.5979265570640564,0.7591033577919006,H88/H99,H88,0.16117680072784424,False
setting_a,20250905,RJD,B24_1777_125090224,0.9111577272415161,0.16017968952655792,1.4327112436294556,1.5764762163162231,RJD/YJD,YJD,-0.7509780377149582,False
setting_a,20250905,RJD,B24_1778_125090225,0.7937191724777222,0.2168537825345993,1.5642491579055786,1.6163357496261597,RJD/YJD,YJD,-0.5768653899431229,False
setting_a,20250905,RJD,B24_1779_125090226,0.8634366393089294,0.1188114807009697,1.4884337186813354,1.5841960906982422,RJD/YJD,YJD,-0.7446251586079597,False
setting_a,20250905,YJD,B24_1780_125090221,0.9244893193244934,0.09824832528829575,1.4624558687210083,1.5407124757766724,RJD/YJD,YJD,-0.8262409940361977,True
setting_a,20250905,YJD,B24_1781_125090222,0.8658979535102844,0.1614631712436676,1.543222188949585,1.5591639280319214,RJD/YJD,YJD,-0.7044347822666168,True
setting_a,20250905,YJD,B24_1782_125090223,0.8143544793128967,0.17892193794250488,1.5146071910858154,1.591809868812561,RJD/YJD,YJD,-0.6354325413703918,True
setting_a,20250905,H88,B24_1783_125090301,1.5434367656707764,1.4840009212493896,0.07401850819587708,1.2047537565231323,H88/H99,H88,1.1307352483272552,True
setting_a,20250905,H88,B24_1784_125090304,1.5531355142593384,1.4619580507278442,0.08304586261510849,1.183154821395874,H88/H99,H88,1.1001089587807655,True
setting_a,20250905,H88,B24_1785_125090306,1.562111258506775,1.509384036064148,0.09658284485340118,1.2396537065505981,H88/H99,H88,1.143070861697197,True
setting_a,20250905,H88,B24_1786_125090308,1.5573740005493164,1.4856054782867432,0.09626264125108719,1.155030608177185,H88/H99,H88,1.0587679669260979,True
setting_a,20250905,H88,B24_1787_125090315,1.5565067529678345,1.4857826232910156,0.06368748843669891,1.1849368810653687,H88/H99,H88,1.1212493926286697,True
setting_a,20250905,H99,B24_1788_125090303,1.664625644683838,1.5368072986602783,1.0982155799865723,0.13844667375087738,H88/H99,H99,-0.9597689062356949,True
setting_a,20250905,RJD,B24_1800_125090318,0.9507627487182617,0.17427639663219452,1.3981149196624756,1.4939284324645996,RJD/YJD,YJD,-0.7764863520860672,False
setting_a,20250905,H88,B24_1803_125090404,1.5516408681869507,1.490601658821106,0.0742468535900116,1.2314471006393433,H88/H99,H88,1.1572002470493317,True
setting_a,20250905,H88,B24_1804_125090407,1.5681872367858887,1.522308349609375,0.11354665458202362,1.2444549798965454,H88/H99,H88,1.1309083253145218,True
setting_a,20250905,H88,B24_1805_125090403,1.5696356296539307,1.4982695579528809,0.06417416036128998,1.2096657752990723,H88/H99,H88,1.1454916149377823,True
setting_a,20250905,H88,B24_1806_125090420,1.563765525817871,1.4949634075164795,0.05630287155508995,1.2054054737091064,H88/H99,H88,1.1491026021540165,True
setting_a,20250905,H99,B24_1807_125090418,1.583867073059082,1.457047939300537,0.9602805972099304,0.34591737389564514,H88/H99,H99,-0.6143632233142853,True
setting_a,20250905,RJD,B24_1820_125090401,0.9645129442214966,0.4691987633705139,1.1907787322998047,1.502777338027954,RJD/YJD,YJD,-0.49531418085098267,False
setting_a,20250905,RJD,B24_1821_125090416,0.7682129740715027,0.21810436248779297,1.5128427743911743,1.5897831916809082,RJD/YJD,YJD,-0.5501086115837097,False
setting_a,20250905,YJD,B24_1821_125090510,0.935038149356842,0.06387066096067429,1.4811336994171143,1.5812525749206543,RJD/YJD,YJD,-0.8711674883961678,True
setting_a,20250905,RJD,B24_1822_125090417,0.7186201810836792,0.2901066541671753,1.5658378601074219,1.6126599311828613,RJD/YJD,YJD,-0.4285135269165039,False
setting_a,20250905,YJD,B24_1823_125090413,0.6265289783477783,0.37552937865257263,1.4903889894485474,1.6138688325881958,RJD/YJD,YJD,-0.2509995996952057,True
setting_a,20250905,H88,B24_1839_125090501,1.5509214401245117,1.4545859098434448,0.08131275326013565,1.2240638732910156,H88/H99,H88,1.14275112003088,True
setting_a,20250905,H88,B24_1840_125090504,1.5301213264465332,1.4926884174346924,0.11450950056314468,1.219360589981079,H88/H99,H88,1.1048510894179344,True
setting_a,20250905,H88,B24_1841_125090503,1.529392957687378,1.4601126909255981,0.09808560460805893,1.227935552597046,H88/H99,H88,1.129849947988987,True
setting_a,20250905,H88,B24_1842_125090506,1.5535640716552734,1.502637267112732,0.08844025433063507,1.1752848625183105,H88/H99,H88,1.0868446081876755,True
setting_a,20250905,RJD,B24_1854_125090513,0.9538862705230713,0.08062446117401123,1.4592044353485107,1.5371015071868896,RJD/YJD,YJD,-0.8732618093490601,False
setting_a,20250905,RJD,B24_1855_125090516,0.8349854350090027,0.15557122230529785,1.4977160692214966,1.5716819763183594,RJD/YJD,YJD,-0.6794142127037048,False
setting_a,20250905,YJD,B24_1856_125090507,0.9605934619903564,0.1050150990486145,1.4280425310134888,1.54216730594635,RJD/YJD,YJD,-0.8555783629417419,True
setting_a,20250905,H88,B24_1858_125090607,1.5596450567245483,1.504113793373108,0.05899116396903992,1.2130005359649658,H88/H99,H88,1.154009371995926,True
setting_a,20250905,H88,B24_1859_125090610,1.555659294128418,1.4970675706863403,0.05308585241436958,1.221201777458191,H88/H99,H88,1.1681159250438213,True
setting_a,20250905,H88,B24_1860_125090603,1.567842721939087,1.5262362957000732,0.10646826773881912,1.2358777523040771,H88/H99,H88,1.129409484565258,True
setting_a,20250905,H88,B24_1861_125090606,1.5453975200653076,1.5088615417480469,0.0899948850274086,1.209058165550232,H88/H99,H88,1.1190632805228233,True
setting_a,20250905,YJD,B24_1872_125090612,0.566019594669342,0.45874184370040894,1.576169729232788,1.6308096647262573,RJD/YJD,YJD,-0.1072777509689331,True
setting_a,20250905,YJD,B24_1873_125090614,0.7987213730812073,0.23386810719966888,1.5872703790664673,1.6042022705078125,RJD/YJD,YJD,-0.5648532658815384,True
setting_a,20250912,H88,B25_1874_125090807,1.6311932802200317,1.6143817901611328,0.3584654629230499,1.1639378070831299,H88/H99,H88,0.80547234416008,True
setting_a,20250912,H88,B25_1875_125090810,1.5747969150543213,1.5405558347702026,0.2049664855003357,1.1123788356781006,H88/H99,H88,0.9074123501777649,True
setting_a,20250912,H88,B25_1876_125090813,1.573564887046814,1.546185851097107,0.1490406095981598,1.1829462051391602,H88/H99,H88,1.0339055955410004,True
setting_a,20250912,H88,B25_1877_125090817,1.5608896017074585,1.5073472261428833,0.07658158987760544,1.1943386793136597,H88/H99,H88,1.1177570894360542,True
setting_a,20250912,H99,B25_1878_125090806,1.5973542928695679,1.5372061729431152,0.37814316153526306,0.8870289921760559,H88/H99,H88,0.5088858306407928,False
setting_a,20250912,RJD,B25_1889_125090804,1.0473018884658813,0.30409514904022217,1.2916756868362427,1.4984949827194214,RJD/YJD,YJD,-0.7432067394256592,False
setting_a,20250912,RJD,B25_1890_125090811,1.068005919456482,0.3428226411342621,1.2607182264328003,1.5198404788970947,RJD/YJD,YJD,-0.7251832783222198,False
setting_a,20250912,H88,B25_1891_125090901,1.565843105316162,1.5184321403503418,0.09459685534238815,1.230666995048523,H88/H99,H88,1.1360701397061348,True
setting_a,20250912,H88,B25_1892_125090914,1.5544419288635254,1.5038691759109497,0.06270375102758408,1.215057134628296,H88/H99,H88,1.1523533836007118,True
setting_a,20250912,H88,B25_1893_125090917,1.5744653940200806,1.5231684446334839,0.07088912278413773,1.2064554691314697,H88/H99,H88,1.135566346347332,True
setting_a,20250912,H99,B25_1894_125090903,1.5624821186065674,1.4761741161346436,0.3283803164958954,0.9453161358833313,H88/H99,H88,0.6169358193874359,False
setting_a,20250912,H99,B25_1895_125090906,1.5918145179748535,1.5172464847564697,0.30262863636016846,0.9524781703948975,H88/H99,H88,0.649849534034729,False
setting_a,20250912,RJD,B25_1906_125090913,1.0686370134353638,0.47928255796432495,1.154455542564392,1.4917843341827393,RJD/YJD,YJD,-0.5893544554710388,False
setting_a,20250912,RJD,B25_1907_125090916,1.4085345268249512,1.130535364151001,0.5164840817451477,1.3857836723327637,RJD/YJD,YJD,-0.2779991626739502,False
setting_a,20250912,YJD,B25_1908_125090907,0.898766040802002,0.11894585192203522,1.4871776103973389,1.5983954668045044,RJD/YJD,YJD,-0.7798201888799667,True
setting_a,20250912,YJD,B25_1909_125090910,1.05027174949646,0.2330421656370163,1.3373726606369019,1.5252851247787476,RJD/YJD,YJD,-0.8172295838594437,True
setting_a,20250912,H88,B25_1910_125091001,1.5584582090377808,1.5149706602096558,0.08599504828453064,1.2321019172668457,H88/H99,H88,1.146106868982315,True
setting_a,20250912,H88,B25_1911_125091004,1.5514341592788696,1.5011471509933472,0.08365869522094727,1.2391020059585571,H88/H99,H88,1.1554433107376099,True
setting_a,20250912,H88,B25_1912_125091006,1.5583174228668213,1.5046839714050293,0.07097651064395905,1.229462742805481,H88/H99,H88,1.158486232161522,True
setting_a,20250912,H88,B25_1913_125091012,1.5725470781326294,1.5146125555038452,0.07459604740142822,1.2166590690612793,H88/H99,H88,1.142063021659851,True
setting_a,20250912,H88,B25_1914_125091015,1.5499062538146973,1.4934680461883545,0.06928864121437073,1.2303524017333984,H88/H99,H88,1.1610637605190277,True
setting_a,20250912,H88,B25_1915_125091018,1.571307897567749,1.5266095399856567,0.0869627371430397,1.1723134517669678,H88/H99,H88,1.085350714623928,True
setting_a,20250912,H99,B25_1916_125091003,1.5542932748794556,1.4842758178710938,0.2344215363264084,1.0339930057525635,H88/H99,H88,0.7995714694261551,False
setting_a,20250912,H99,B25_1917_125091008,1.6479848623275757,1.5552608966827393,1.1231074333190918,0.11010444164276123,H88/H99,H99,-1.0130029916763306,True
setting_a,20250912,RJD,B25_1927_125091014,1.0400344133377075,0.26568132638931274,1.3272475004196167,1.5194212198257446,RJD/YJD,YJD,-0.7743530869483948,False
setting_a,20250912,YJD,B25_1928_125091017,0.9272515177726746,0.11953021585941315,1.441293716430664,1.5571913719177246,RJD/YJD,YJD,-0.8077213019132614,True
setting_a,20250912,H99,B25_1929_125091104,1.6472876071929932,1.5678173303604126,1.036030888557434,0.20121927559375763,H88/H99,H99,-0.8348116129636765,True
setting_a,20250912,H99,B25_1930_125091113,1.6378560066223145,1.551013708114624,1.0553189516067505,0.1924339234828949,H88/H99,H99,-0.8628850281238556,True
setting_a,20250912,H99,B25_1931_125091116,1.6494357585906982,1.5660406351089478,1.0809049606323242,0.15263378620147705,H88/H99,H99,-0.9282711744308472,True
setting_a,20250912,H99,B25_1932_125091121,1.6323529481887817,1.541245698928833,1.1127079725265503,0.1443348079919815,H88/H99,H99,-0.9683731645345688,True
setting_a,20250912,RJD,B25_1944_125091102,0.706779420375824,0.28878915309906006,1.5100455284118652,1.6159803867340088,RJD/YJD,YJD,-0.4179902672767639,False
setting_a,20250912,RJD,B25_1945_125091115,0.7554893493652344,0.23992055654525757,1.5472079515457153,1.6028398275375366,RJD/YJD,YJD,-0.5155687928199768,False
setting_a,20250912,YJD,B25_1946_125091101,0.5469131469726562,0.45515984296798706,1.538884162902832,1.625670313835144,RJD/YJD,YJD,-0.09175330400466919,True
setting_a,20250912,YJD,B25_1947_125091111,0.8731145262718201,0.11491323262453079,1.488358736038208,1.5672415494918823,RJD/YJD,YJD,-0.7582012936472893,True
setting_a,20250912,YJD,B25_1948_125091112,0.6793991923332214,0.33023175597190857,1.4936699867248535,1.6062054634094238,RJD/YJD,YJD,-0.34916743636131287,True
setting_a,20250920,H88,B26_1949_125091212,1.4179359674453735,1.287807583808899,0.3799959123134613,1.2719248533248901,H88/H99,H88,0.8919289410114288,True
setting_a,20250920,H88,B26_1950_125091217,1.5495052337646484,1.4945470094680786,0.09788364917039871,1.2497224807739258,H88/H99,H88,1.151838831603527,True
setting_a,20250920,H99,B26_1951_125091209,1.6336753368377686,1.5447598695755005,1.0474727153778076,0.1920497715473175,H88/H99,H99,-0.8554229438304901,True
setting_a,20250920,H99,B26_1952_125091214,1.6230847835540771,1.5330992937088013,0.9946881532669067,0.2670108377933502,H88/H99,H99,-0.7276773154735565,True
setting_a,20250920,RJD,B26_1963_125091201,0.9447553753852844,0.17333176732063293,1.408493161201477,1.5657845735549927,RJD/YJD,YJD,-0.7714236080646515,False
setting_a,20250920,RJD,B26_1964_125091208,0.914551854133606,0.12136244773864746,1.4560694694519043,1.5688471794128418,RJD/YJD,YJD,-0.7931894063949585,False
setting_a,20250920,RJD,B26_1965_125091211,0.7369254231452942,0.3934628963470459,1.3583738803863525,1.583852767944336,RJD/YJD,YJD,-0.3434625267982483,False
setting_a,20250920,RJD,B26_1966_125091213,0.8053357601165771,0.21133723855018616,1.4666533470153809,1.595420241355896,RJD/YJD,YJD,-0.593998521566391,False
setting_a,20250920,YJD,B26_1967_125091202,0.6497542262077332,0.350395143032074,1.5083783864974976,1.6148687601089478,RJD/YJD,YJD,-0.2993590831756592,True
setting_a,20250920,YJD,B26_1968_125091205,0.5577476620674133,0.5176019668579102,1.421257734298706,1.6110895872116089,RJD/YJD,YJD,-0.040145695209503174,True
setting_a,20250920,YJD,B26_1969_125091215,0.7408608198165894,0.28529980778694153,1.4715309143066406,1.6154755353927612,RJD/YJD,YJD,-0.4555610120296478,True
setting_a,20250920,H88,B26_1970_125091511,1.53678560256958,1.4939866065979004,0.09481272846460342,1.2376221418380737,H88/H99,H88,1.1428094133734703,True
setting_a,20250920,H88,B26_1971_125091514,1.5634552240371704,1.5047234296798706,0.06488906592130661,1.2250312566757202,H88/H99,H88,1.1601421907544136,True
setting_a,20250920,H88,B26_1972_125091504,1.5428283214569092,1.5063310861587524,0.08635333925485611,1.2293672561645508,H88/H99,H88,1.1430139169096947,True
setting_a,20250920,H88,B26_1973_125091506,1.5394233465194702,1.484579086303711,0.0818311870098114,1.2278790473937988,H88/H99,H88,1.1460478603839874,True
setting_a,20250920,H88,B26_1974_125091509,1.5548609495162964,1.5046724081039429,0.07124808430671692,1.212306261062622,H88/H99,H88,1.1410581767559052,True
setting_a,20250920,H88,B26_1975_125091512,1.5570545196533203,1.5108169317245483,0.0680631473660469,1.2176158428192139,H88/H99,H88,1.149552695453167,True
setting_a,20250920,H99,B26_1976_125091515,1.6012606620788574,1.5312047004699707,1.0137195587158203,0.26524999737739563,H88/H99,H99,-0.7484695613384247,True
setting_a,20250920,RJD,B26_1985_125091502,0.8895687460899353,0.21967555582523346,1.4099369049072266,1.5765701532363892,RJD/YJD,YJD,-0.6698931902647018,False
setting_a,20250920,YJD,B26_1986_125091501,0.8889979720115662,0.14649759232997894,1.4536157846450806,1.5660288333892822,RJD/YJD,YJD,-0.7425003796815872,True
setting_a,20250920,H88,B26_1987_125091517,1.5665658712387085,1.5206310749053955,0.0851389467716217,1.2284576892852783,H88/H99,H88,1.1433187425136566,True
setting_a,20250920,H88,B26_1988_125091601,1.5710506439208984,1.5237548351287842,0.10320595651865005,1.2292251586914062,H88/H99,H88,1.1260192021727562,True
setting_a,20250920,H88,B26_1989_125091602,1.5567355155944824,1.4963011741638184,0.0804872065782547,1.2385281324386597,H88/H99,H88,1.158040925860405,True
setting_a,20250920,H88,B26_1990_125091618,1.5541859865188599,1.4975011348724365,0.06075521558523178,1.2222275733947754,H88/H99,H88,1.1614723578095436,True
setting_a,20250920,H99,B26_1991_125091616,1.6428412199020386,1.5629538297653198,1.0425970554351807,0.20284663140773773,H88/H99,H99,-0.8397504240274429,True
setting_a,20250920,RJD,B26_2003_125091605,0.8745737075805664,0.14119288325309753,1.4580692052841187,1.565507411956787,RJD/YJD,YJD,-0.7333808243274689,False
setting_a,20250920,RJD,B26_2004_125091607,0.9813985824584961,0.071187824010849,1.4941163063049316,1.5407413244247437,RJD/YJD,YJD,-0.9102107584476471,False
setting_a,20250920,RJD,B26_2005_125091610,0.8865047097206116,0.1697959005832672,1.4530922174453735,1.580346941947937,RJD/YJD,YJD,-0.7167088091373444,False
setting_a,20250920,YJD,B26_2006_125091613,1.0177816152572632,0.17983803153038025,1.3797775506973267,1.5538626909255981,RJD/YJD,YJD,-0.8379435837268829,True
setting_a,20250920,H88,B26_2007_125091710,1.5511987209320068,1.502847671508789,0.07864057272672653,1.230115294456482,H88/H99,H88,1.1514747217297554,True
setting_a,20250920,H99,B26_2008_125091712,1.6144922971725464,1.54000985622406,0.8451887965202332,0.42785197496414185,H88/H99,H99,-0.4173368215560913,True
setting_a,20250920,H99,B26_2009_125091715,1.6239322423934937,1.5360126495361328,0.9356094598770142,0.3256916403770447,H88/H99,H99,-0.6099178194999695,True
setting_a,20250920,RJD,B26_2021_125091714,0.6868922114372253,0.3351745903491974,1.5034973621368408,1.61092209815979,RJD/YJD,YJD,-0.35171762108802795,False
setting_a,20250920,YJD,B26_2023_125091702,0.7526412606239319,0.32637500762939453,1.4097458124160767,1.6122938394546509,RJD/YJD,YJD,-0.42626625299453735,True
setting_a,20250920,YJD,B26_2024_125091705,0.7591454386711121,0.23038481175899506,1.4917978048324585,1.6035230159759521,RJD/YJD,YJD,-0.528760626912117,True
setting_a,20250920,H88,B26_2025_125091804,1.5447516441345215,1.4678665399551392,0.11831352859735489,1.2545639276504517,H88/H99,H88,1.1362503990530968,True
setting_a,20250920,H88,B26_2026_125091816,1.55372953414917,1.474807858467102,0.09248129278421402,1.2371220588684082,H88/H99,H88,1.1446407660841942,True
setting_a,20250920,H99,B26_2027_125091818,1.6308985948562622,1.5603514909744263,0.7796509861946106,0.49501028656959534,H88/H99,H99,-0.28464069962501526,True
setting_a,20250920,RJD,B26_2039_125091802,0.9974848628044128,0.14658483862876892,1.4044740200042725,1.5335882902145386,RJD/YJD,YJD,-0.8509000241756439,False
setting_a,20250920,RJD,B26_2040_125091815,0.832758367061615,0.1620696634054184,1.5276484489440918,1.6005256175994873,RJD/YJD,YJD,-0.6706887036561966,False
setting_a,20250920,RJD,B26_2041_125091820,0.6539236903190613,0.34838560223579407,1.4847534894943237,1.616897702217102,RJD/YJD,YJD,-0.3055380880832672,False
setting_a,20250920,YJD,B26_2043_125091809,0.8379823565483093,0.1701798439025879,1.470154881477356,1.5953919887542725,RJD/YJD,YJD,-0.6678025126457214,True
setting_a,20250920,YJD,B26_2044_125091812,0.43862268328666687,0.55776447057724,1.5661053657531738,1.648797869682312,RJD/YJD,RJD,0.11914178729057312,False
setting_a,20250920,H88,B26_2045_125091904,1.5446451902389526,1.479594111442566,0.08232500404119492,1.1741437911987305,H88/H99,H88,1.0918187871575356,True
setting_a,20250920,H88,B26_2046_125091915,1.551830768585205,1.5184383392333984,0.08666063845157623,1.2125588655471802,H88/H99,H88,1.125898227095604,True
setting_a,20250920,H99,B26_2047_125091917,1.5986673831939697,1.526008129119873,0.8150654435157776,0.4662359952926636,H88/H99,H99,-0.348829448223114,True
setting_a,20250920,RJD,B26_2060_125091902,0.2457646131515503,0.9460009932518005,1.44612455368042,1.6247726678848267,RJD/YJD,RJD,0.7002363801002502,True
setting_a,20250920,YJD,B26_2062_125091914,0.4906127154827118,0.5096052885055542,1.5488708019256592,1.6375612020492554,RJD/YJD,RJD,0.018992573022842407,False
setting_a,20250920,YJD,B26_2063_125091919,0.5775324702262878,0.4288231134414673,1.5167486667633057,1.6044055223464966,RJD/YJD,YJD,-0.14870935678482056,True
setting_a,20250920,H88,B26_2064_125092004,1.542428970336914,1.4951413869857788,0.07955463975667953,1.232629418373108,H88/H99,H88,1.1530747786164284,True
setting_a,20250920,H88,B26_2065_125092015,1.5517526865005493,1.520421028137207,0.0799410492181778,1.2005809545516968,H88/H99,H88,1.120639905333519,True
setting_a,20250920,H99,B26_2066_125092017,1.5852383375167847,1.5247514247894287,0.8891516923904419,0.40647149085998535,H88/H99,H99,-0.48268020153045654,True
setting_a,20250920,RJD,B26_2077_125092005,0.34596338868141174,0.7240588068962097,1.4779218435287476,1.6524055004119873,RJD/YJD,RJD,0.378095418214798,True
setting_a,20250920,RJD,B26_2078_125092008,0.2741665542125702,0.7453659176826477,1.525355339050293,1.63762629032135,RJD/YJD,RJD,0.4711993634700775,True
setting_a,20250920,RJD,B26_2079_125092011,0.8599568605422974,0.1476810723543167,1.486443042755127,1.5833622217178345,RJD/YJD,YJD,-0.7122757881879807,False
setting_a,20250920,YJD,B26_2080_125092002,0.9807271361351013,0.28344693779945374,1.3346096277236938,1.5137313604354858,RJD/YJD,YJD,-0.6972801983356476,True
setting_a,20250920,YJD,B26_2081_125092014,0.3372351825237274,0.6759101748466492,1.5773454904556274,1.6663697957992554,RJD/YJD,RJD,0.33867499232292175,False
setting_a,20250920,H88,B26_2082_125092205,1.557060718536377,1.478538155555725,0.1120767667889595,1.235243558883667,H88/H99,H88,1.1231667920947075,True
setting_a,20250920,H88,B26_2083_125092207,1.5591082572937012,1.5028880834579468,0.05763166770339012,1.204131007194519,H88/H99,H88,1.146499339491129,True
setting_a,20250920,H88,B26_2084_125092209,1.552636981010437,1.507723331451416,0.07378299534320831,1.222485899925232,H88/H99,H88,1.1487029045820236,True
setting_a,20250920,YJD,B26_2098_125092202,0.08882089704275131,0.9437026381492615,1.5571495294570923,1.658064365386963,RJD/YJD,RJD,0.8548817411065102,False
